sample_id,label,split,group_id,audio_path,parquet_path,row_group,row_in_group,audio_column,source_dataset
Svarah:test-00000-of-00003.parquet:rg0:r12,0,calibration,svarah:Ratnagiri|Marathi|Female|18-30,,C:\Users\Mahesh\Desktop\Projects\sih-2026\data\realvoice\Svarah\data\test-00000-of-00003.parquet,0,12,audio_filepath,Svarah
Svarah:test-00000-of-00003.parquet:rg0:r26,0,calibration,svarah:North Goa|Konkani|Male|60+,,C:\Users\Mahesh\Desktop\Projects\sih-2026\data\realvoice\Svarah\data\test-00000-of-00003.parquet,0,26,audio_filepath,Svarah
Svarah:test-00000-of-00003.parquet:rg0:r28,0,calibration,svarah:Srinagar|Kashmiri|Male|45-60,,C:\Users\Mahesh\Desktop\Projects\sih-2026\data\realvoice\Svarah\data\test-00000-of-00003.parquet,0,28,audio_filepath,Svarah
Svarah:test-00000-of-00003.parquet:rg0:r39,0,calibration,svarah:Pune|Marathi|Female|30-45,,C:\Users\Mahesh\Desktop\Projects\sih-2026\data\realvoice\Svarah\data\test-00000-of-00003.parquet,0,39,audio_filepath,Svarah
Svarah:test-00000-of-00003.parquet:rg0:r46,0,calibration,svarah:South 24 Parganas|Bengali|Male|60+,,C:\Users\Mahesh\Desktop\Projects\sih-2026\data\realvoice\Svarah\data\test-00000-of-00003.parquet,0,46,audio_filepath,Svarah
Svarah:test-00000-of-00003.parquet:rg0:r50,0,calibration,svarah:Kolkata|Bengali|Male|18-30,,C:\Users\Mahesh\Desktop\Projects\sih-2026\data\realvoice\Svarah\data\test-00000-of-00003.parquet,0,50,audio_filepath,Svarah
Svarah:test-00000-of-00003.parquet:rg0:r51,0,calibration,svarah:Sabarkantha|Gujarati|Male|18-30,,C:\Users\Mahesh\Desktop\Projects\sih-2026\data\realvoice\Svarah\data\test-00000-of-00003.parquet,0,51,audio_filepath,Svarah
Svarah:test-00000-of-00003.parquet:rg0:r52,0,calibration,svarah:Ratnagiri|Marathi|Female|18-30,,C:\Users\Mahesh\Desktop\Projects\sih-2026\data\realvoice\Svarah\data\test-00000-of-00003.parquet,0,52,audio_filepath,Svarah
Svarah:test-00000-of-00003.parquet:rg0:r58,0,calibration,svarah:Srinagar|Kashmiri|Male|45-60,,C:\Users\Mahesh\Desktop\Projects\sih-2026\data\realvoice\Svarah\data\test-00000-of-00003.parquet,0,58,audio_filepath,Svarah
Svarah:test-00000-of-00003.parquet:rg0:r76,0,calibration,svarah:Sundergarh|Odia|Male|60+,,C:\Users\Mahesh\Desktop\Projects\sih-2026\data\realvoice\Svarah\data\test-00000-of-00003.parquet,0,76,audio_filepath,Svarah
Svarah:test-00000-of-00003.parquet:rg0:r80,0,calibration,svarah:North Goa|Konkani|Male|30-45,,C:\Users\Mahesh\Desktop\Projects\sih-2026\data\realvoice\Svarah\data\test-00000-of-00003.parquet,0,80,audio_filepath,Svarah
Svarah:test-00000-of-00003.parquet:rg1:r6,0,calibration,svarah:Sabarkantha|Gujarati|Male|18-30,,C:\Users\Mahesh\Desktop\Projects\sih-2026\data\realvoice\Svarah\data\test-00000-of-00003.parquet,1,6,audio_filepath,Svarah
Svarah:test-00000-of-00003.parquet:rg1:r10,0,calibration,svarah:Sabarkantha|Gujarati|Male|30-45,,C:\Users\Mahesh\Desktop\Projects\sih-2026\data\realvoice\Svarah\data\test-00000-of-00003.parquet,1,10,audio_filepath,Svarah
Svarah:test-00000-of-00003.parquet:rg1:r19,0,calibration,svarah:Kolkata|Bengali|Male|18-30,,C:\Users\Mahesh\Desktop\Projects\sih-2026\data\realvoice\Svarah\data\test-00000-of-00003.parquet,1,19,audio_filepath,Svarah
Svarah:test-00000-of-00003.parquet:rg1:r22,0,calibration,svarah:North Goa|Konkani|Male|30-45,,C:\Users\Mahesh\Desktop\Projects\sih-2026\data\realvoice\Svarah\data\test-00000-of-00003.parquet,1,22,audio_filepath,Svarah
Svarah:test-00000-of-00003.parquet:rg1:r24,0,calibration,svarah:Sabarkantha|Gujarati|Male|30-45,,C:\Users\Mahesh\Desktop\Projects\sih-2026\data\realvoice\Svarah\data\test-00000-of-00003.parquet,1,24,audio_filepath,Svarah
Svarah:test-00000-of-00003.parquet:rg1:r33,0,calibration,svarah:Fatehgarh Sahib|Punjabi|Female|45-60,,C:\Users\Mahesh\Desktop\Projects\sih-2026\data\realvoice\Svarah\data\test-00000-of-00003.parquet,1,33,audio_filepath,Svarah
Svarah:test-00000-of-00003.parquet:rg1:r53,0,calibration,svarah:Fatehgarh Sahib|Punjabi|Female|45-60,,C:\Users\Mahesh\Desktop\Projects\sih-2026\data\realvoice\Svarah\data\test-00000-of-00003.parquet,1,53,audio_filepath,Svarah
Svarah:test-00000-of-00003.parquet:rg1:r58,0,calibration,svarah:Sabarkantha|Gujarati|Male|18-30,,C:\Users\Mahesh\Desktop\Projects\sih-2026\data\realvoice\Svarah\data\test-00000-of-00003.parquet,1,58,audio_filepath,Svarah
Svarah:test-00000-of-00003.parquet:rg1:r62,0,calibration,svarah:South 24 Parganas|Bengali|Male|60+,,C:\Users\Mahesh\Desktop\Projects\sih-2026\data\realvoice\Svarah\data\test-00000-of-00003.parquet,1,62,audio_filepath,Svarah
Svarah:test-00000-of-00003.parquet:rg1:r64,0,calibration,svarah:Sundergarh|Odia|Male|60+,,C:\Users\Mahesh\Desktop\Projects\sih-2026\data\realvoice\Svarah\data\test-00000-of-00003.parquet,1,64,audio_filepath,Svarah
Svarah:test-00000-of-00003.parquet:rg1:r68,0,calibration,svarah:North Goa|Konkani|Male|30-45,,C:\Users\Mahesh\Desktop\Projects\sih-2026\data\realvoice\Svarah\data\test-00000-of-00003.parquet,1,68,audio_filepath,Svarah
Svarah:test-00000-of-00003.parquet:rg1:r69,0,calibration,svarah:Sabarkantha|Gujarati|Male|30-45,,C:\Users\Mahesh\Desktop\Projects\sih-2026\data\realvoice\Svarah\data\test-00000-of-00003.parquet,1,69,audio_filepath,Svarah
Svarah:test-00000-of-00003.parquet:rg1:r72,0,calibration,svarah:Hyderabad|Telugu|Male|45-60,,C:\Users\Mahesh\Desktop\Projects\sih-2026\data\realvoice\Svarah\data\test-00000-of-00003.parquet,1,72,audio_filepath,Svarah
Svarah:test-00000-of-00003.parquet:rg2:r11,0,calibration,svarah:South 24 Parganas|Bengali|Male|60+,,C:\Users\Mahesh\Desktop\Projects\sih-2026\data\realvoice\Svarah\data\test-00000-of-00003.parquet,2,11,audio_filepath,Svarah
Svarah:test-00000-of-00003.parquet:rg2:r13,0,calibration,svarah:South 24 Parganas|Bengali|Male|60+,,C:\Users\Mahesh\Desktop\Projects\sih-2026\data\realvoice\Svarah\data\test-00000-of-00003.parquet,2,13,audio_filepath,Svarah
Svarah:test-00000-of-00003.parquet:rg2:r24,0,calibration,svarah:South 24 Parganas|Bengali|Male|60+,,C:\Users\Mahesh\Desktop\Projects\sih-2026\data\realvoice\Svarah\data\test-00000-of-00003.parquet,2,24,audio_filepath,Svarah
Svarah:test-00000-of-00003.parquet:rg2:r31,0,calibration,svarah:Ratnagiri|Marathi|Female|18-30,,C:\Users\Mahesh\Desktop\Projects\sih-2026\data\realvoice\Svarah\data\test-00000-of-00003.parquet,2,31,audio_filepath,Svarah
Svarah:test-00000-of-00003.parquet:rg2:r34,0,calibration,svarah:Kolkata|Bengali|Male|18-30,,C:\Users\Mahesh\Desktop\Projects\sih-2026\data\realvoice\Svarah\data\test-00000-of-00003.parquet,2,34,audio_filepath,Svarah
Svarah:test-00000-of-00003.parquet:rg2:r35,0,calibration,svarah:Kolkata|Bengali|Male|18-30,,C:\Users\Mahesh\Desktop\Projects\sih-2026\data\realvoice\Svarah\data\test-00000-of-00003.parquet,2,35,audio_filepath,Svarah
Svarah:test-00000-of-00003.parquet:rg2:r45,0,calibration,svarah:Sitamarhi|Maithili|Male|30-45,,C:\Users\Mahesh\Desktop\Projects\sih-2026\data\realvoice\Svarah\data\test-00000-of-00003.parquet,2,45,audio_filepath,Svarah
Svarah:test-00000-of-00003.parquet:rg2:r47,0,calibration,svarah:Kolkata|Bengali|Male|18-30,,C:\Users\Mahesh\Desktop\Projects\sih-2026\data\realvoice\Svarah\data\test-00000-of-00003.parquet,2,47,audio_filepath,Svarah
Svarah:test-00000-of-00003.parquet:rg2:r54,0,calibration,svarah:Pune|Marathi|Female|30-45,,C:\Users\Mahesh\Desktop\Projects\sih-2026\data\realvoice\Svarah\data\test-00000-of-00003.parquet,2,54,audio_filepath,Svarah
Svarah:test-00000-of-00003.parquet:rg2:r59,0,calibration,svarah:Virudhunagar|Tamil|Female|18-30,,C:\Users\Mahesh\Desktop\Projects\sih-2026\data\realvoice\Svarah\data\test-00000-of-00003.parquet,2,59,audio_filepath,Svarah
Svarah:test-00000-of-00003.parquet:rg2:r60,0,calibration,svarah:Sabarkantha|Gujarati|Male|18-30,,C:\Users\Mahesh\Desktop\Projects\sih-2026\data\realvoice\Svarah\data\test-00000-of-00003.parquet,2,60,audio_filepath,Svarah
Svarah:test-00000-of-00003.parquet:rg2:r67,0,calibration,svarah:South 24 Parganas|Bengali|Male|60+,,C:\Users\Mahesh\Desktop\Projects\sih-2026\data\realvoice\Svarah\data\test-00000-of-00003.parquet,2,67,audio_filepath,Svarah
Svarah:test-00000-of-00003.parquet:rg2:r74,0,calibration,svarah:South 24 Parganas|Bengali|Male|60+,,C:\Users\Mahesh\Desktop\Projects\sih-2026\data\realvoice\Svarah\data\test-00000-of-00003.parquet,2,74,audio_filepath,Svarah
Svarah:test-00000-of-00003.parquet:rg2:r82,0,calibration,svarah:Srinagar|Kashmiri|Male|45-60,,C:\Users\Mahesh\Desktop\Projects\sih-2026\data\realvoice\Svarah\data\test-00000-of-00003.parquet,2,82,audio_filepath,Svarah
Svarah:test-00000-of-00003.parquet:rg2:r99,0,calibration,svarah:Ratnagiri|Marathi|Female|18-30,,C:\Users\Mahesh\Desktop\Projects\sih-2026\data\realvoice\Svarah\data\test-00000-of-00003.parquet,2,99,audio_filepath,Svarah
Svarah:test-00000-of-00003.parquet:rg3:r16,0,calibration,svarah:Ratnagiri|Marathi|Female|18-30,,C:\Users\Mahesh\Desktop\Projects\sih-2026\data\realvoice\Svarah\data\test-00000-of-00003.parquet,3,16,audio_filepath,Svarah
Svarah:test-00000-of-00003.parquet:rg3:r18,0,calibration,svarah:Sabarkantha|Gujarati|Male|18-30,,C:\Users\Mahesh\Desktop\Projects\sih-2026\data\realvoice\Svarah\data\test-00000-of-00003.parquet,3,18,audio_filepath,Svarah
Svarah:test-00000-of-00003.parquet:rg3:r22,0,calibration,svarah:Pune|Marathi|Female|30-45,,C:\Users\Mahesh\Desktop\Projects\sih-2026\data\realvoice\Svarah\data\test-00000-of-00003.parquet,3,22,audio_filepath,Svarah
Svarah:test-00000-of-00003.parquet:rg3:r34,0,calibration,svarah:North Goa|Konkani|Male|60+,,C:\Users\Mahesh\Desktop\Projects\sih-2026\data\realvoice\Svarah\data\test-00000-of-00003.parquet,3,34,audio_filepath,Svarah
Svarah:test-00000-of-00003.parquet:rg3:r43,0,calibration,svarah:Kolkata|Bengali|Male|18-30,,C:\Users\Mahesh\Desktop\Projects\sih-2026\data\realvoice\Svarah\data\test-00000-of-00003.parquet,3,43,audio_filepath,Svarah
Svarah:test-00000-of-00003.parquet:rg3:r45,0,calibration,svarah:Sundergarh|Odia|Male|60+,,C:\Users\Mahesh\Desktop\Projects\sih-2026\data\realvoice\Svarah\data\test-00000-of-00003.parquet,3,45,audio_filepath,Svarah
Svarah:test-00000-of-00003.parquet:rg3:r54,0,calibration,svarah:Sundergarh|Odia|Male|60+,,C:\Users\Mahesh\Desktop\Projects\sih-2026\data\realvoice\Svarah\data\test-00000-of-00003.parquet,3,54,audio_filepath,Svarah
Svarah:test-00000-of-00003.parquet:rg3:r58,0,calibration,svarah:Virudhunagar|Tamil|Female|18-30,,C:\Users\Mahesh\Desktop\Projects\sih-2026\data\realvoice\Svarah\data\test-00000-of-00003.parquet,3,58,audio_filepath,Svarah
Svarah:test-00000-of-00003.parquet:rg3:r73,0,calibration,svarah:Kolkata|Bengali|Male|18-30,,C:\Users\Mahesh\Desktop\Projects\sih-2026\data\realvoice\Svarah\data\test-00000-of-00003.parquet,3,73,audio_filepath,Svarah
Svarah:test-00000-of-00003.parquet:rg3:r79,0,calibration,svarah:North Goa|Konkani|Male|30-45,,C:\Users\Mahesh\Desktop\Projects\sih-2026\data\realvoice\Svarah\data\test-00000-of-00003.parquet,3,79,audio_filepath,Svarah
Svarah:test-00000-of-00003.parquet:rg3:r80,0,calibration,svarah:Ratnagiri|Marathi|Female|18-30,,C:\Users\Mahesh\Desktop\Projects\sih-2026\data\realvoice\Svarah\data\test-00000-of-00003.parquet,3,80,audio_filepath,Svarah
Svarah:test-00000-of-00003.parquet:rg3:r90,0,calibration,svarah:Sabarkantha|Gujarati|Male|18-30,,C:\Users\Mahesh\Desktop\Projects\sih-2026\data\realvoice\Svarah\data\test-00000-of-00003.parquet,3,90,audio_filepath,Svarah
Svarah:test-00000-of-00003.parquet:rg3:r93,0,calibration,svarah:Sabarkantha|Gujarati|Male|18-30,,C:\Users\Mahesh\Desktop\Projects\sih-2026\data\realvoice\Svarah\data\test-00000-of-00003.parquet,3,93,audio_filepath,Svarah
Svarah:test-00000-of-00003.parquet:rg4:r0,0,calibration,svarah:Hyderabad|Telugu|Male|45-60,,C:\Users\Mahesh\Desktop\Projects\sih-2026\data\realvoice\Svarah\data\test-00000-of-00003.parquet,4,0,audio_filepath,Svarah
Svarah:test-00000-of-00003.parquet:rg4:r12,0,calibration,svarah:Hyderabad|Telugu|Male|45-60,,C:\Users\Mahesh\Desktop\Projects\sih-2026\data\realvoice\Svarah\data\test-00000-of-00003.parquet,4,12,audio_filepath,Svarah
Svarah:test-00000-of-00003.parquet:rg4:r16,0,calibration,svarah:Pune|Marathi|Female|30-45,,C:\Users\Mahesh\Desktop\Projects\sih-2026\data\realvoice\Svarah\data\test-00000-of-00003.parquet,4,16,audio_filepath,Svarah
Svarah:test-00000-of-00003.parquet:rg4:r17,0,calibration,svarah:Sabarkantha|Gujarati|Male|18-30,,C:\Users\Mahesh\Desktop\Projects\sih-2026\data\realvoice\Svarah\data\test-00000-of-00003.parquet,4,17,audio_filepath,Svarah
Svarah:test-00000-of-00003.parquet:rg4:r36,0,calibration,svarah:Sundergarh|Odia|Male|60+,,C:\Users\Mahesh\Desktop\Projects\sih-2026\data\realvoice\Svarah\data\test-00000-of-00003.parquet,4,36,audio_filepath,Svarah
Svarah:test-00000-of-00003.parquet:rg4:r52,0,calibration,svarah:Ratnagiri|Marathi|Female|18-30,,C:\Users\Mahesh\Desktop\Projects\sih-2026\data\realvoice\Svarah\data\test-00000-of-00003.parquet,4,52,audio_filepath,Svarah
Svarah:test-00000-of-00003.parquet:rg4:r69,0,calibration,svarah:Hyderabad|Telugu|Male|45-60,,C:\Users\Mahesh\Desktop\Projects\sih-2026\data\realvoice\Svarah\data\test-00000-of-00003.parquet,4,69,audio_filepath,Svarah
Svarah:test-00000-of-00003.parquet:rg4:r76,0,calibration,svarah:Sitamarhi|Maithili|Male|30-45,,C:\Users\Mahesh\Desktop\Projects\sih-2026\data\realvoice\Svarah\data\test-00000-of-00003.parquet,4,76,audio_filepath,Svarah
Svarah:test-00000-of-00003.parquet:rg4:r87,0,calibration,svarah:Sundergarh|Odia|Male|60+,,C:\Users\Mahesh\Desktop\Projects\sih-2026\data\realvoice\Svarah\data\test-00000-of-00003.parquet,4,87,audio_filepath,Svarah
Svarah:test-00000-of-00003.parquet:rg4:r91,0,calibration,svarah:Sabarkantha|Gujarati|Male|30-45,,C:\Users\Mahesh\Desktop\Projects\sih-2026\data\realvoice\Svarah\data\test-00000-of-00003.parquet,4,91,audio_filepath,Svarah
Svarah:test-00000-of-00003.parquet:rg4:r96,0,calibration,svarah:Fatehgarh Sahib|Punjabi|Female|45-60,,C:\Users\Mahesh\Desktop\Projects\sih-2026\data\realvoice\Svarah\data\test-00000-of-00003.parquet,4,96,audio_filepath,Svarah
Svarah:test-00000-of-00003.parquet:rg5:r0,0,calibration,svarah:Virudhunagar|Tamil|Female|18-30,,C:\Users\Mahesh\Desktop\Projects\sih-2026\data\realvoice\Svarah\data\test-00000-of-00003.parquet,5,0,audio_filepath,Svarah
Svarah:test-00000-of-00003.parquet:rg5:r3,0,calibration,svarah:Pune|Marathi|Female|30-45,,C:\Users\Mahesh\Desktop\Projects\sih-2026\data\realvoice\Svarah\data\test-00000-of-00003.parquet,5,3,audio_filepath,Svarah
Svarah:test-00000-of-00003.parquet:rg5:r27,0,calibration,svarah:North Goa|Konkani|Male|60+,,C:\Users\Mahesh\Desktop\Projects\sih-2026\data\realvoice\Svarah\data\test-00000-of-00003.parquet,5,27,audio_filepath,Svarah
Svarah:test-00000-of-00003.parquet:rg5:r37,0,calibration,svarah:Hyderabad|Telugu|Male|45-60,,C:\Users\Mahesh\Desktop\Projects\sih-2026\data\realvoice\Svarah\data\test-00000-of-00003.parquet,5,37,audio_filepath,Svarah
Svarah:test-00000-of-00003.parquet:rg5:r41,0,calibration,svarah:Sabarkantha|Gujarati|Male|18-30,,C:\Users\Mahesh\Desktop\Projects\sih-2026\data\realvoice\Svarah\data\test-00000-of-00003.parquet,5,41,audio_filepath,Svarah
Svarah:test-00000-of-00003.parquet:rg5:r44,0,calibration,svarah:Sabarkantha|Gujarati|Male|18-30,,C:\Users\Mahesh\Desktop\Projects\sih-2026\data\realvoice\Svarah\data\test-00000-of-00003.parquet,5,44,audio_filepath,Svarah
Svarah:test-00000-of-00003.parquet:rg5:r75,0,calibration,svarah:Ratnagiri|Marathi|Female|18-30,,C:\Users\Mahesh\Desktop\Projects\sih-2026\data\realvoice\Svarah\data\test-00000-of-00003.parquet,5,75,audio_filepath,Svarah
Svarah:test-00000-of-00003.parquet:rg5:r78,0,calibration,svarah:North Goa|Konkani|Male|30-45,,C:\Users\Mahesh\Desktop\Projects\sih-2026\data\realvoice\Svarah\data\test-00000-of-00003.parquet,5,78,audio_filepath,Svarah
Svarah:test-00000-of-00003.parquet:rg5:r94,0,calibration,svarah:Virudhunagar|Tamil|Female|18-30,,C:\Users\Mahesh\Desktop\Projects\sih-2026\data\realvoice\Svarah\data\test-00000-of-00003.parquet,5,94,audio_filepath,Svarah
Svarah:test-00000-of-00003.parquet:rg6:r3,0,calibration,svarah:North Goa|Konkani|Male|60+,,C:\Users\Mahesh\Desktop\Projects\sih-2026\data\realvoice\Svarah\data\test-00000-of-00003.parquet,6,3,audio_filepath,Svarah
Svarah:test-00000-of-00003.parquet:rg6:r15,0,calibration,svarah:North Goa|Konkani|Male|60+,,C:\Users\Mahesh\Desktop\Projects\sih-2026\data\realvoice\Svarah\data\test-00000-of-00003.parquet,6,15,audio_filepath,Svarah
Svarah:test-00000-of-00003.parquet:rg6:r38,0,calibration,svarah:Srinagar|Kashmiri|Male|45-60,,C:\Users\Mahesh\Desktop\Projects\sih-2026\data\realvoice\Svarah\data\test-00000-of-00003.parquet,6,38,audio_filepath,Svarah
Svarah:test-00000-of-00003.parquet:rg6:r71,0,calibration,svarah:Pune|Marathi|Female|30-45,,C:\Users\Mahesh\Desktop\Projects\sih-2026\data\realvoice\Svarah\data\test-00000-of-00003.parquet,6,71,audio_filepath,Svarah
Svarah:test-00000-of-00003.parquet:rg6:r75,0,calibration,svarah:Hyderabad|Telugu|Male|45-60,,C:\Users\Mahesh\Desktop\Projects\sih-2026\data\realvoice\Svarah\data\test-00000-of-00003.parquet,6,75,audio_filepath,Svarah
Svarah:test-00000-of-00003.parquet:rg6:r78,0,calibration,svarah:Srinagar|Kashmiri|Male|45-60,,C:\Users\Mahesh\Desktop\Projects\sih-2026\data\realvoice\Svarah\data\test-00000-of-00003.parquet,6,78,audio_filepath,Svarah
Svarah:test-00000-of-00003.parquet:rg6:r86,0,calibration,svarah:Srinagar|Kashmiri|Male|45-60,,C:\Users\Mahesh\Desktop\Projects\sih-2026\data\realvoice\Svarah\data\test-00000-of-00003.parquet,6,86,audio_filepath,Svarah
Svarah:test-00000-of-00003.parquet:rg6:r95,0,calibration,svarah:Pune|Marathi|Female|30-45,,C:\Users\Mahesh\Desktop\Projects\sih-2026\data\realvoice\Svarah\data\test-00000-of-00003.parquet,6,95,audio_filepath,Svarah
Svarah:test-00000-of-00003.parquet:rg7:r13,0,calibration,svarah:Sabarkantha|Gujarati|Male|30-45,,C:\Users\Mahesh\Desktop\Projects\sih-2026\data\realvoice\Svarah\data\test-00000-of-00003.parquet,7,13,audio_filepath,Svarah
Svarah:test-00000-of-00003.parquet:rg7:r30,0,calibration,svarah:Fatehgarh Sahib|Punjabi|Female|45-60,,C:\Users\Mahesh\Desktop\Projects\sih-2026\data\realvoice\Svarah\data\test-00000-of-00003.parquet,7,30,audio_filepath,Svarah
Svarah:test-00000-of-00003.parquet:rg7:r32,0,calibration,svarah:Sabarkantha|Gujarati|Male|18-30,,C:\Users\Mahesh\Desktop\Projects\sih-2026\data\realvoice\Svarah\data\test-00000-of-00003.parquet,7,32,audio_filepath,Svarah
Svarah:test-00000-of-00003.parquet:rg7:r34,0,calibration,svarah:Sabarkantha|Gujarati|Male|18-30,,C:\Users\Mahesh\Desktop\Projects\sih-2026\data\realvoice\Svarah\data\test-00000-of-00003.parquet,7,34,audio_filepath,Svarah
Svarah:test-00000-of-00003.parquet:rg7:r52,0,calibration,svarah:Sabarkantha|Gujarati|Male|30-45,,C:\Users\Mahesh\Desktop\Projects\sih-2026\data\realvoice\Svarah\data\test-00000-of-00003.parquet,7,52,audio_filepath,Svarah
Svarah:test-00000-of-00003.parquet:rg7:r58,0,calibration,svarah:South 24 Parganas|Bengali|Male|60+,,C:\Users\Mahesh\Desktop\Projects\sih-2026\data\realvoice\Svarah\data\test-00000-of-00003.parquet,7,58,audio_filepath,Svarah
Svarah:test-00000-of-00003.parquet:rg7:r60,0,calibration,svarah:Sabarkantha|Gujarati|Male|30-45,,C:\Users\Mahesh\Desktop\Projects\sih-2026\data\realvoice\Svarah\data\test-00000-of-00003.parquet,7,60,audio_filepath,Svarah
Svarah:test-00000-of-00003.parquet:rg7:r65,0,calibration,svarah:Hyderabad|Telugu|Male|45-60,,C:\Users\Mahesh\Desktop\Projects\sih-2026\data\realvoice\Svarah\data\test-00000-of-00003.parquet,7,65,audio_filepath,Svarah
Svarah:test-00000-of-00003.parquet:rg7:r98,0,calibration,svarah:North Goa|Konkani|Male|60+,,C:\Users\Mahesh\Desktop\Projects\sih-2026\data\realvoice\Svarah\data\test-00000-of-00003.parquet,7,98,audio_filepath,Svarah
Svarah:test-00000-of-00003.parquet:rg8:r21,0,calibration,svarah:Sitamarhi|Maithili|Male|30-45,,C:\Users\Mahesh\Desktop\Projects\sih-2026\data\realvoice\Svarah\data\test-00000-of-00003.parquet,8,21,audio_filepath,Svarah
Svarah:test-00000-of-00003.parquet:rg8:r40,0,calibration,svarah:Srinagar|Kashmiri|Male|45-60,,C:\Users\Mahesh\Desktop\Projects\sih-2026\data\realvoice\Svarah\data\test-00000-of-00003.parquet,8,40,audio_filepath,Svarah
Svarah:test-00000-of-00003.parquet:rg8:r75,0,calibration,svarah:Sabarkantha|Gujarati|Male|18-30,,C:\Users\Mahesh\Desktop\Projects\sih-2026\data\realvoice\Svarah\data\test-00000-of-00003.parquet,8,75,audio_filepath,Svarah
Svarah:test-00000-of-00003.parquet:rg8:r83,0,calibration,svarah:Sabarkantha|Gujarati|Male|30-45,,C:\Users\Mahesh\Desktop\Projects\sih-2026\data\realvoice\Svarah\data\test-00000-of-00003.parquet,8,83,audio_filepath,Svarah
Svarah:test-00000-of-00003.parquet:rg8:r84,0,calibration,svarah:Srinagar|Kashmiri|Male|45-60,,C:\Users\Mahesh\Desktop\Projects\sih-2026\data\realvoice\Svarah\data\test-00000-of-00003.parquet,8,84,audio_filepath,Svarah
Svarah:test-00000-of-00003.parquet:rg8:r90,0,calibration,svarah:Ratnagiri|Marathi|Female|18-30,,C:\Users\Mahesh\Desktop\Projects\sih-2026\data\realvoice\Svarah\data\test-00000-of-00003.parquet,8,90,audio_filepath,Svarah
Svarah:test-00000-of-00003.parquet:rg8:r93,0,calibration,svarah:North Goa|Konkani|Male|30-45,,C:\Users\Mahesh\Desktop\Projects\sih-2026\data\realvoice\Svarah\data\test-00000-of-00003.parquet,8,93,audio_filepath,Svarah
Svarah:test-00000-of-00003.parquet:rg9:r12,0,calibration,svarah:Srinagar|Kashmiri|Male|45-60,,C:\Users\Mahesh\Desktop\Projects\sih-2026\data\realvoice\Svarah\data\test-00000-of-00003.parquet,9,12,audio_filepath,Svarah
Svarah:test-00000-of-00003.parquet:rg9:r23,0,calibration,svarah:Pune|Marathi|Female|30-45,,C:\Users\Mahesh\Desktop\Projects\sih-2026\data\realvoice\Svarah\data\test-00000-of-00003.parquet,9,23,audio_filepath,Svarah
Svarah:test-00000-of-00003.parquet:rg9:r33,0,calibration,svarah:Ratnagiri|Marathi|Female|18-30,,C:\Users\Mahesh\Desktop\Projects\sih-2026\data\realvoice\Svarah\data\test-00000-of-00003.parquet,9,33,audio_filepath,Svarah
Svarah:test-00000-of-00003.parquet:rg9:r35,0,calibration,svarah:Ratnagiri|Marathi|Female|18-30,,C:\Users\Mahesh\Desktop\Projects\sih-2026\data\realvoice\Svarah\data\test-00000-of-00003.parquet,9,35,audio_filepath,Svarah
Svarah:test-00000-of-00003.parquet:rg9:r75,0,calibration,svarah:Sabarkantha|Gujarati|Male|18-30,,C:\Users\Mahesh\Desktop\Projects\sih-2026\data\realvoice\Svarah\data\test-00000-of-00003.parquet,9,75,audio_filepath,Svarah
Svarah:test-00000-of-00003.parquet:rg9:r78,0,calibration,svarah:Srinagar|Kashmiri|Male|45-60,,C:\Users\Mahesh\Desktop\Projects\sih-2026\data\realvoice\Svarah\data\test-00000-of-00003.parquet,9,78,audio_filepath,Svarah
Svarah:test-00000-of-00003.parquet:rg9:r91,0,calibration,svarah:Srinagar|Kashmiri|Male|45-60,,C:\Users\Mahesh\Desktop\Projects\sih-2026\data\realvoice\Svarah\data\test-00000-of-00003.parquet,9,91,audio_filepath,Svarah
Svarah:test-00000-of-00003.parquet:rg9:r96,0,calibration,svarah:Kolkata|Bengali|Male|18-30,,C:\Users\Mahesh\Desktop\Projects\sih-2026\data\realvoice\Svarah\data\test-00000-of-00003.parquet,9,96,audio_filepath,Svarah
Svarah:test-00000-of-00003.parquet:rg10:r11,0,calibration,svarah:Srinagar|Kashmiri|Male|45-60,,C:\Users\Mahesh\Desktop\Projects\sih-2026\data\realvoice\Svarah\data\test-00000-of-00003.parquet,10,11,audio_filepath,Svarah
Svarah:test-00000-of-00003.parquet:rg10:r15,0,calibration,svarah:Hyderabad|Telugu|Male|45-60,,C:\Users\Mahesh\Desktop\Projects\sih-2026\data\realvoice\Svarah\data\test-00000-of-00003.parquet,10,15,audio_filepath,Svarah
Svarah:test-00000-of-00003.parquet:rg10:r31,0,calibration,svarah:Sitamarhi|Maithili|Male|30-45,,C:\Users\Mahesh\Desktop\Projects\sih-2026\data\realvoice\Svarah\data\test-00000-of-00003.parquet,10,31,audio_filepath,Svarah
Svarah:test-00000-of-00003.parquet:rg10:r53,0,calibration,svarah:Hyderabad|Telugu|Male|45-60,,C:\Users\Mahesh\Desktop\Projects\sih-2026\data\realvoice\Svarah\data\test-00000-of-00003.parquet,10,53,audio_filepath,Svarah
Svarah:test-00000-of-00003.parquet:rg10:r66,0,calibration,svarah:Sabarkantha|Gujarati|Male|30-45,,C:\Users\Mahesh\Desktop\Projects\sih-2026\data\realvoice\Svarah\data\test-00000-of-00003.parquet,10,66,audio_filepath,Svarah
Svarah:test-00000-of-00003.parquet:rg10:r81,0,calibration,svarah:Pune|Marathi|Female|30-45,,C:\Users\Mahesh\Desktop\Projects\sih-2026\data\realvoice\Svarah\data\test-00000-of-00003.parquet,10,81,audio_filepath,Svarah
Svarah:test-00000-of-00003.parquet:rg10:r84,0,calibration,svarah:North Goa|Konkani|Male|30-45,,C:\Users\Mahesh\Desktop\Projects\sih-2026\data\realvoice\Svarah\data\test-00000-of-00003.parquet,10,84,audio_filepath,Svarah
Svarah:test-00000-of-00003.parquet:rg10:r85,0,calibration,svarah:Sabarkantha|Gujarati|Male|18-30,,C:\Users\Mahesh\Desktop\Projects\sih-2026\data\realvoice\Svarah\data\test-00000-of-00003.parquet,10,85,audio_filepath,Svarah
Svarah:test-00000-of-00003.parquet:rg10:r86,0,calibration,svarah:Sabarkantha|Gujarati|Male|30-45,,C:\Users\Mahesh\Desktop\Projects\sih-2026\data\realvoice\Svarah\data\test-00000-of-00003.parquet,10,86,audio_filepath,Svarah
Svarah:test-00000-of-00003.parquet:rg10:r87,0,calibration,svarah:Ratnagiri|Marathi|Female|18-30,,C:\Users\Mahesh\Desktop\Projects\sih-2026\data\realvoice\Svarah\data\test-00000-of-00003.parquet,10,87,audio_filepath,Svarah
Svarah:test-00000-of-00003.parquet:rg11:r27,0,calibration,svarah:North Goa|Konkani|Male|60+,,C:\Users\Mahesh\Desktop\Projects\sih-2026\data\realvoice\Svarah\data\test-00000-of-00003.parquet,11,27,audio_filepath,Svarah
Svarah:test-00000-of-00003.parquet:rg11:r32,0,calibration,svarah:Srinagar|Kashmiri|Male|45-60,,C:\Users\Mahesh\Desktop\Projects\sih-2026\data\realvoice\Svarah\data\test-00000-of-00003.parquet,11,32,audio_filepath,Svarah
Svarah:test-00000-of-00003.parquet:rg11:r34,0,calibration,svarah:North Goa|Konkani|Male|60+,,C:\Users\Mahesh\Desktop\Projects\sih-2026\data\realvoice\Svarah\data\test-00000-of-00003.parquet,11,34,audio_filepath,Svarah
Svarah:test-00000-of-00003.parquet:rg11:r43,0,calibration,svarah:Hyderabad|Telugu|Male|45-60,,C:\Users\Mahesh\Desktop\Projects\sih-2026\data\realvoice\Svarah\data\test-00000-of-00003.parquet,11,43,audio_filepath,Svarah
Svarah:test-00000-of-00003.parquet:rg11:r53,0,calibration,svarah:Sitamarhi|Maithili|Male|30-45,,C:\Users\Mahesh\Desktop\Projects\sih-2026\data\realvoice\Svarah\data\test-00000-of-00003.parquet,11,53,audio_filepath,Svarah
Svarah:test-00000-of-00003.parquet:rg11:r75,0,calibration,svarah:North Goa|Konkani|Male|30-45,,C:\Users\Mahesh\Desktop\Projects\sih-2026\data\realvoice\Svarah\data\test-00000-of-00003.parquet,11,75,audio_filepath,Svarah
Svarah:test-00000-of-00003.parquet:rg11:r77,0,calibration,svarah:Kolkata|Bengali|Male|18-30,,C:\Users\Mahesh\Desktop\Projects\sih-2026\data\realvoice\Svarah\data\test-00000-of-00003.parquet,11,77,audio_filepath,Svarah
Svarah:test-00000-of-00003.parquet:rg11:r87,0,calibration,svarah:Pune|Marathi|Female|30-45,,C:\Users\Mahesh\Desktop\Projects\sih-2026\data\realvoice\Svarah\data\test-00000-of-00003.parquet,11,87,audio_filepath,Svarah
Svarah:test-00000-of-00003.parquet:rg12:r8,0,calibration,svarah:Srinagar|Kashmiri|Male|45-60,,C:\Users\Mahesh\Desktop\Projects\sih-2026\data\realvoice\Svarah\data\test-00000-of-00003.parquet,12,8,audio_filepath,Svarah
Svarah:test-00000-of-00003.parquet:rg12:r11,0,calibration,svarah:Sitamarhi|Maithili|Male|30-45,,C:\Users\Mahesh\Desktop\Projects\sih-2026\data\realvoice\Svarah\data\test-00000-of-00003.parquet,12,11,audio_filepath,Svarah
Svarah:test-00000-of-00003.parquet:rg12:r15,0,calibration,svarah:Ratnagiri|Marathi|Female|18-30,,C:\Users\Mahesh\Desktop\Projects\sih-2026\data\realvoice\Svarah\data\test-00000-of-00003.parquet,12,15,audio_filepath,Svarah
Svarah:test-00000-of-00003.parquet:rg12:r17,0,calibration,svarah:Virudhunagar|Tamil|Female|18-30,,C:\Users\Mahesh\Desktop\Projects\sih-2026\data\realvoice\Svarah\data\test-00000-of-00003.parquet,12,17,audio_filepath,Svarah
Svarah:test-00000-of-00003.parquet:rg12:r25,0,calibration,svarah:Sabarkantha|Gujarati|Male|18-30,,C:\Users\Mahesh\Desktop\Projects\sih-2026\data\realvoice\Svarah\data\test-00000-of-00003.parquet,12,25,audio_filepath,Svarah
Svarah:test-00000-of-00003.parquet:rg12:r28,0,calibration,svarah:Sabarkantha|Gujarati|Male|18-30,,C:\Users\Mahesh\Desktop\Projects\sih-2026\data\realvoice\Svarah\data\test-00000-of-00003.parquet,12,28,audio_filepath,Svarah
Svarah:test-00000-of-00003.parquet:rg12:r42,0,calibration,svarah:Virudhunagar|Tamil|Female|18-30,,C:\Users\Mahesh\Desktop\Projects\sih-2026\data\realvoice\Svarah\data\test-00000-of-00003.parquet,12,42,audio_filepath,Svarah
Svarah:test-00000-of-00003.parquet:rg12:r56,0,calibration,svarah:Hyderabad|Telugu|Male|45-60,,C:\Users\Mahesh\Desktop\Projects\sih-2026\data\realvoice\Svarah\data\test-00000-of-00003.parquet,12,56,audio_filepath,Svarah
Svarah:test-00000-of-00003.parquet:rg12:r60,0,calibration,svarah:Ratnagiri|Marathi|Female|18-30,,C:\Users\Mahesh\Desktop\Projects\sih-2026\data\realvoice\Svarah\data\test-00000-of-00003.parquet,12,60,audio_filepath,Svarah
Svarah:test-00000-of-00003.parquet:rg12:r70,0,calibration,svarah:North Goa|Konkani|Male|60+,,C:\Users\Mahesh\Desktop\Projects\sih-2026\data\realvoice\Svarah\data\test-00000-of-00003.parquet,12,70,audio_filepath,Svarah
Svarah:test-00000-of-00003.parquet:rg12:r79,0,calibration,svarah:North Goa|Konkani|Male|60+,,C:\Users\Mahesh\Desktop\Projects\sih-2026\data\realvoice\Svarah\data\test-00000-of-00003.parquet,12,79,audio_filepath,Svarah
Svarah:test-00000-of-00003.parquet:rg12:r83,0,calibration,svarah:Fatehgarh Sahib|Punjabi|Female|45-60,,C:\Users\Mahesh\Desktop\Projects\sih-2026\data\realvoice\Svarah\data\test-00000-of-00003.parquet,12,83,audio_filepath,Svarah
Svarah:test-00000-of-00003.parquet:rg12:r86,0,calibration,svarah:Srinagar|Kashmiri|Male|45-60,,C:\Users\Mahesh\Desktop\Projects\sih-2026\data\realvoice\Svarah\data\test-00000-of-00003.parquet,12,86,audio_filepath,Svarah
Svarah:test-00000-of-00003.parquet:rg13:r1,0,calibration,svarah:South 24 Parganas|Bengali|Male|60+,,C:\Users\Mahesh\Desktop\Projects\sih-2026\data\realvoice\Svarah\data\test-00000-of-00003.parquet,13,1,audio_filepath,Svarah
Svarah:test-00000-of-00003.parquet:rg13:r14,0,calibration,svarah:Ratnagiri|Marathi|Female|18-30,,C:\Users\Mahesh\Desktop\Projects\sih-2026\data\realvoice\Svarah\data\test-00000-of-00003.parquet,13,14,audio_filepath,Svarah
Svarah:test-00000-of-00003.parquet:rg13:r22,0,calibration,svarah:North Goa|Konkani|Male|60+,,C:\Users\Mahesh\Desktop\Projects\sih-2026\data\realvoice\Svarah\data\test-00000-of-00003.parquet,13,22,audio_filepath,Svarah
Svarah:test-00000-of-00003.parquet:rg13:r27,0,calibration,svarah:Srinagar|Kashmiri|Male|45-60,,C:\Users\Mahesh\Desktop\Projects\sih-2026\data\realvoice\Svarah\data\test-00000-of-00003.parquet,13,27,audio_filepath,Svarah
Svarah:test-00000-of-00003.parquet:rg13:r45,0,calibration,svarah:Kolkata|Bengali|Male|18-30,,C:\Users\Mahesh\Desktop\Projects\sih-2026\data\realvoice\Svarah\data\test-00000-of-00003.parquet,13,45,audio_filepath,Svarah
Svarah:test-00000-of-00003.parquet:rg13:r52,0,calibration,svarah:Fatehgarh Sahib|Punjabi|Female|45-60,,C:\Users\Mahesh\Desktop\Projects\sih-2026\data\realvoice\Svarah\data\test-00000-of-00003.parquet,13,52,audio_filepath,Svarah
Svarah:test-00000-of-00003.parquet:rg13:r59,0,calibration,svarah:Sitamarhi|Maithili|Male|30-45,,C:\Users\Mahesh\Desktop\Projects\sih-2026\data\realvoice\Svarah\data\test-00000-of-00003.parquet,13,59,audio_filepath,Svarah
Svarah:test-00000-of-00003.parquet:rg13:r74,0,calibration,svarah:Hyderabad|Telugu|Male|45-60,,C:\Users\Mahesh\Desktop\Projects\sih-2026\data\realvoice\Svarah\data\test-00000-of-00003.parquet,13,74,audio_filepath,Svarah
Svarah:test-00000-of-00003.parquet:rg14:r21,0,calibration,svarah:Virudhunagar|Tamil|Female|18-30,,C:\Users\Mahesh\Desktop\Projects\sih-2026\data\realvoice\Svarah\data\test-00000-of-00003.parquet,14,21,audio_filepath,Svarah
Svarah:test-00000-of-00003.parquet:rg14:r23,0,calibration,svarah:Sabarkantha|Gujarati|Male|30-45,,C:\Users\Mahesh\Desktop\Projects\sih-2026\data\realvoice\Svarah\data\test-00000-of-00003.parquet,14,23,audio_filepath,Svarah
Svarah:test-00000-of-00003.parquet:rg14:r81,0,calibration,svarah:Pune|Marathi|Female|30-45,,C:\Users\Mahesh\Desktop\Projects\sih-2026\data\realvoice\Svarah\data\test-00000-of-00003.parquet,14,81,audio_filepath,Svarah
Svarah:test-00000-of-00003.parquet:rg14:r86,0,calibration,svarah:North Goa|Konkani|Male|30-45,,C:\Users\Mahesh\Desktop\Projects\sih-2026\data\realvoice\Svarah\data\test-00000-of-00003.parquet,14,86,audio_filepath,Svarah
Svarah:test-00000-of-00003.parquet:rg14:r90,0,calibration,svarah:Virudhunagar|Tamil|Female|18-30,,C:\Users\Mahesh\Desktop\Projects\sih-2026\data\realvoice\Svarah\data\test-00000-of-00003.parquet,14,90,audio_filepath,Svarah
Svarah:test-00000-of-00003.parquet:rg15:r3,0,calibration,svarah:Virudhunagar|Tamil|Female|18-30,,C:\Users\Mahesh\Desktop\Projects\sih-2026\data\realvoice\Svarah\data\test-00000-of-00003.parquet,15,3,audio_filepath,Svarah
Svarah:test-00000-of-00003.parquet:rg15:r4,0,calibration,svarah:North Goa|Konkani|Male|60+,,C:\Users\Mahesh\Desktop\Projects\sih-2026\data\realvoice\Svarah\data\test-00000-of-00003.parquet,15,4,audio_filepath,Svarah
Svarah:test-00000-of-00003.parquet:rg15:r5,0,calibration,svarah:Pune|Marathi|Female|30-45,,C:\Users\Mahesh\Desktop\Projects\sih-2026\data\realvoice\Svarah\data\test-00000-of-00003.parquet,15,5,audio_filepath,Svarah
Svarah:test-00000-of-00003.parquet:rg15:r12,0,calibration,svarah:Ratnagiri|Marathi|Female|18-30,,C:\Users\Mahesh\Desktop\Projects\sih-2026\data\realvoice\Svarah\data\test-00000-of-00003.parquet,15,12,audio_filepath,Svarah
Svarah:test-00000-of-00003.parquet:rg15:r15,0,calibration,svarah:Sabarkantha|Gujarati|Male|30-45,,C:\Users\Mahesh\Desktop\Projects\sih-2026\data\realvoice\Svarah\data\test-00000-of-00003.parquet,15,15,audio_filepath,Svarah
Svarah:test-00000-of-00003.parquet:rg15:r52,0,calibration,svarah:North Goa|Konkani|Male|30-45,,C:\Users\Mahesh\Desktop\Projects\sih-2026\data\realvoice\Svarah\data\test-00000-of-00003.parquet,15,52,audio_filepath,Svarah
Svarah:test-00000-of-00003.parquet:rg15:r58,0,calibration,svarah:Srinagar|Kashmiri|Male|45-60,,C:\Users\Mahesh\Desktop\Projects\sih-2026\data\realvoice\Svarah\data\test-00000-of-00003.parquet,15,58,audio_filepath,Svarah
Svarah:test-00000-of-00003.parquet:rg15:r71,0,calibration,svarah:Sabarkantha|Gujarati|Male|18-30,,C:\Users\Mahesh\Desktop\Projects\sih-2026\data\realvoice\Svarah\data\test-00000-of-00003.parquet,15,71,audio_filepath,Svarah
Svarah:test-00000-of-00003.parquet:rg15:r97,0,calibration,svarah:Kolkata|Bengali|Male|18-30,,C:\Users\Mahesh\Desktop\Projects\sih-2026\data\realvoice\Svarah\data\test-00000-of-00003.parquet,15,97,audio_filepath,Svarah
Svarah:test-00000-of-00003.parquet:rg16:r0,0,calibration,svarah:South 24 Parganas|Bengali|Male|60+,,C:\Users\Mahesh\Desktop\Projects\sih-2026\data\realvoice\Svarah\data\test-00000-of-00003.parquet,16,0,audio_filepath,Svarah
Svarah:test-00000-of-00003.parquet:rg16:r6,0,calibration,svarah:Sabarkantha|Gujarati|Male|18-30,,C:\Users\Mahesh\Desktop\Projects\sih-2026\data\realvoice\Svarah\data\test-00000-of-00003.parquet,16,6,audio_filepath,Svarah
Svarah:test-00000-of-00003.parquet:rg16:r16,0,calibration,svarah:Ratnagiri|Marathi|Female|18-30,,C:\Users\Mahesh\Desktop\Projects\sih-2026\data\realvoice\Svarah\data\test-00000-of-00003.parquet,16,16,audio_filepath,Svarah
Svarah:test-00000-of-00003.parquet:rg16:r18,0,calibration,svarah:Kolkata|Bengali|Male|18-30,,C:\Users\Mahesh\Desktop\Projects\sih-2026\data\realvoice\Svarah\data\test-00000-of-00003.parquet,16,18,audio_filepath,Svarah
Svarah:test-00000-of-00003.parquet:rg16:r23,0,calibration,svarah:Hyderabad|Telugu|Male|45-60,,C:\Users\Mahesh\Desktop\Projects\sih-2026\data\realvoice\Svarah\data\test-00000-of-00003.parquet,16,23,audio_filepath,Svarah
Svarah:test-00000-of-00003.parquet:rg16:r29,0,calibration,svarah:North Goa|Konkani|Male|30-45,,C:\Users\Mahesh\Desktop\Projects\sih-2026\data\realvoice\Svarah\data\test-00000-of-00003.parquet,16,29,audio_filepath,Svarah
Svarah:test-00000-of-00003.parquet:rg16:r45,0,calibration,svarah:Sabarkantha|Gujarati|Male|18-30,,C:\Users\Mahesh\Desktop\Projects\sih-2026\data\realvoice\Svarah\data\test-00000-of-00003.parquet,16,45,audio_filepath,Svarah
Svarah:test-00000-of-00003.parquet:rg16:r48,0,calibration,svarah:Sundergarh|Odia|Male|60+,,C:\Users\Mahesh\Desktop\Projects\sih-2026\data\realvoice\Svarah\data\test-00000-of-00003.parquet,16,48,audio_filepath,Svarah
Svarah:test-00000-of-00003.parquet:rg16:r89,0,calibration,svarah:North Goa|Konkani|Male|60+,,C:\Users\Mahesh\Desktop\Projects\sih-2026\data\realvoice\Svarah\data\test-00000-of-00003.parquet,16,89,audio_filepath,Svarah
Svarah:test-00000-of-00003.parquet:rg17:r3,0,calibration,svarah:North Goa|Konkani|Male|60+,,C:\Users\Mahesh\Desktop\Projects\sih-2026\data\realvoice\Svarah\data\test-00000-of-00003.parquet,17,3,audio_filepath,Svarah
Svarah:test-00000-of-00003.parquet:rg17:r4,0,calibration,svarah:Sundergarh|Odia|Male|60+,,C:\Users\Mahesh\Desktop\Projects\sih-2026\data\realvoice\Svarah\data\test-00000-of-00003.parquet,17,4,audio_filepath,Svarah
Svarah:test-00000-of-00003.parquet:rg17:r12,0,calibration,svarah:Ratnagiri|Marathi|Female|18-30,,C:\Users\Mahesh\Desktop\Projects\sih-2026\data\realvoice\Svarah\data\test-00000-of-00003.parquet,17,12,audio_filepath,Svarah
Svarah:test-00000-of-00003.parquet:rg17:r18,0,calibration,svarah:Ratnagiri|Marathi|Female|18-30,,C:\Users\Mahesh\Desktop\Projects\sih-2026\data\realvoice\Svarah\data\test-00000-of-00003.parquet,17,18,audio_filepath,Svarah
Svarah:test-00000-of-00003.parquet:rg17:r25,0,calibration,svarah:South 24 Parganas|Bengali|Male|60+,,C:\Users\Mahesh\Desktop\Projects\sih-2026\data\realvoice\Svarah\data\test-00000-of-00003.parquet,17,25,audio_filepath,Svarah
Svarah:test-00000-of-00003.parquet:rg17:r26,0,calibration,svarah:Pune|Marathi|Female|30-45,,C:\Users\Mahesh\Desktop\Projects\sih-2026\data\realvoice\Svarah\data\test-00000-of-00003.parquet,17,26,audio_filepath,Svarah
Svarah:test-00000-of-00003.parquet:rg17:r39,0,calibration,svarah:Sabarkantha|Gujarati|Male|18-30,,C:\Users\Mahesh\Desktop\Projects\sih-2026\data\realvoice\Svarah\data\test-00000-of-00003.parquet,17,39,audio_filepath,Svarah
Svarah:test-00000-of-00003.parquet:rg17:r56,0,calibration,svarah:South 24 Parganas|Bengali|Male|60+,,C:\Users\Mahesh\Desktop\Projects\sih-2026\data\realvoice\Svarah\data\test-00000-of-00003.parquet,17,56,audio_filepath,Svarah
Svarah:test-00000-of-00003.parquet:rg17:r59,0,calibration,svarah:Kolkata|Bengali|Male|18-30,,C:\Users\Mahesh\Desktop\Projects\sih-2026\data\realvoice\Svarah\data\test-00000-of-00003.parquet,17,59,audio_filepath,Svarah
Svarah:test-00000-of-00003.parquet:rg17:r78,0,calibration,svarah:South 24 Parganas|Bengali|Male|60+,,C:\Users\Mahesh\Desktop\Projects\sih-2026\data\realvoice\Svarah\data\test-00000-of-00003.parquet,17,78,audio_filepath,Svarah
Svarah:test-00000-of-00003.parquet:rg17:r97,0,calibration,svarah:Sitamarhi|Maithili|Male|30-45,,C:\Users\Mahesh\Desktop\Projects\sih-2026\data\realvoice\Svarah\data\test-00000-of-00003.parquet,17,97,audio_filepath,Svarah
Svarah:test-00000-of-00003.parquet:rg18:r11,0,calibration,svarah:Fatehgarh Sahib|Punjabi|Female|45-60,,C:\Users\Mahesh\Desktop\Projects\sih-2026\data\realvoice\Svarah\data\test-00000-of-00003.parquet,18,11,audio_filepath,Svarah
Svarah:test-00000-of-00003.parquet:rg18:r17,0,calibration,svarah:Sabarkantha|Gujarati|Male|18-30,,C:\Users\Mahesh\Desktop\Projects\sih-2026\data\realvoice\Svarah\data\test-00000-of-00003.parquet,18,17,audio_filepath,Svarah
Svarah:test-00000-of-00003.parquet:rg18:r19,0,calibration,svarah:South 24 Parganas|Bengali|Male|60+,,C:\Users\Mahesh\Desktop\Projects\sih-2026\data\realvoice\Svarah\data\test-00000-of-00003.parquet,18,19,audio_filepath,Svarah
Svarah:test-00000-of-00003.parquet:rg18:r29,0,calibration,svarah:Sabarkantha|Gujarati|Male|18-30,,C:\Users\Mahesh\Desktop\Projects\sih-2026\data\realvoice\Svarah\data\test-00000-of-00003.parquet,18,29,audio_filepath,Svarah
Svarah:test-00000-of-00003.parquet:rg18:r38,0,calibration,svarah:Kolkata|Bengali|Male|18-30,,C:\Users\Mahesh\Desktop\Projects\sih-2026\data\realvoice\Svarah\data\test-00000-of-00003.parquet,18,38,audio_filepath,Svarah
Svarah:test-00000-of-00003.parquet:rg18:r40,0,calibration,svarah:Srinagar|Kashmiri|Male|45-60,,C:\Users\Mahesh\Desktop\Projects\sih-2026\data\realvoice\Svarah\data\test-00000-of-00003.parquet,18,40,audio_filepath,Svarah
Svarah:test-00000-of-00003.parquet:rg18:r72,0,calibration,svarah:Sundergarh|Odia|Male|60+,,C:\Users\Mahesh\Desktop\Projects\sih-2026\data\realvoice\Svarah\data\test-00000-of-00003.parquet,18,72,audio_filepath,Svarah
Svarah:test-00000-of-00003.parquet:rg18:r80,0,calibration,svarah:Kolkata|Bengali|Male|18-30,,C:\Users\Mahesh\Desktop\Projects\sih-2026\data\realvoice\Svarah\data\test-00000-of-00003.parquet,18,80,audio_filepath,Svarah
Svarah:test-00000-of-00003.parquet:rg18:r89,0,calibration,svarah:Virudhunagar|Tamil|Female|18-30,,C:\Users\Mahesh\Desktop\Projects\sih-2026\data\realvoice\Svarah\data\test-00000-of-00003.parquet,18,89,audio_filepath,Svarah
Svarah:test-00000-of-00003.parquet:rg18:r90,0,calibration,svarah:Sabarkantha|Gujarati|Male|18-30,,C:\Users\Mahesh\Desktop\Projects\sih-2026\data\realvoice\Svarah\data\test-00000-of-00003.parquet,18,90,audio_filepath,Svarah
Svarah:test-00000-of-00003.parquet:rg18:r91,0,calibration,svarah:Sabarkantha|Gujarati|Male|30-45,,C:\Users\Mahesh\Desktop\Projects\sih-2026\data\realvoice\Svarah\data\test-00000-of-00003.parquet,18,91,audio_filepath,Svarah
Svarah:test-00000-of-00003.parquet:rg18:r94,0,calibration,svarah:South 24 Parganas|Bengali|Male|60+,,C:\Users\Mahesh\Desktop\Projects\sih-2026\data\realvoice\Svarah\data\test-00000-of-00003.parquet,18,94,audio_filepath,Svarah
Svarah:test-00000-of-00003.parquet:rg18:r95,0,calibration,svarah:Virudhunagar|Tamil|Female|18-30,,C:\Users\Mahesh\Desktop\Projects\sih-2026\data\realvoice\Svarah\data\test-00000-of-00003.parquet,18,95,audio_filepath,Svarah
Svarah:test-00000-of-00003.parquet:rg19:r11,0,calibration,svarah:Kolkata|Bengali|Male|18-30,,C:\Users\Mahesh\Desktop\Projects\sih-2026\data\realvoice\Svarah\data\test-00000-of-00003.parquet,19,11,audio_filepath,Svarah
Svarah:test-00000-of-00003.parquet:rg19:r17,0,calibration,svarah:Fatehgarh Sahib|Punjabi|Female|45-60,,C:\Users\Mahesh\Desktop\Projects\sih-2026\data\realvoice\Svarah\data\test-00000-of-00003.parquet,19,17,audio_filepath,Svarah
Svarah:test-00000-of-00003.parquet:rg19:r18,0,calibration,svarah:Kolkata|Bengali|Male|18-30,,C:\Users\Mahesh\Desktop\Projects\sih-2026\data\realvoice\Svarah\data\test-00000-of-00003.parquet,19,18,audio_filepath,Svarah
Svarah:test-00000-of-00003.parquet:rg19:r29,0,calibration,svarah:Ratnagiri|Marathi|Female|18-30,,C:\Users\Mahesh\Desktop\Projects\sih-2026\data\realvoice\Svarah\data\test-00000-of-00003.parquet,19,29,audio_filepath,Svarah
Svarah:test-00000-of-00003.parquet:rg19:r39,0,calibration,svarah:Sabarkantha|Gujarati|Male|18-30,,C:\Users\Mahesh\Desktop\Projects\sih-2026\data\realvoice\Svarah\data\test-00000-of-00003.parquet,19,39,audio_filepath,Svarah
Svarah:test-00000-of-00003.parquet:rg19:r46,0,calibration,svarah:North Goa|Konkani|Male|60+,,C:\Users\Mahesh\Desktop\Projects\sih-2026\data\realvoice\Svarah\data\test-00000-of-00003.parquet,19,46,audio_filepath,Svarah
Svarah:test-00000-of-00003.parquet:rg19:r67,0,calibration,svarah:Virudhunagar|Tamil|Female|18-30,,C:\Users\Mahesh\Desktop\Projects\sih-2026\data\realvoice\Svarah\data\test-00000-of-00003.parquet,19,67,audio_filepath,Svarah
Svarah:test-00000-of-00003.parquet:rg19:r75,0,calibration,svarah:Kolkata|Bengali|Male|18-30,,C:\Users\Mahesh\Desktop\Projects\sih-2026\data\realvoice\Svarah\data\test-00000-of-00003.parquet,19,75,audio_filepath,Svarah
Svarah:test-00000-of-00003.parquet:rg20:r30,0,calibration,svarah:Sabarkantha|Gujarati|Male|18-30,,C:\Users\Mahesh\Desktop\Projects\sih-2026\data\realvoice\Svarah\data\test-00000-of-00003.parquet,20,30,audio_filepath,Svarah
Svarah:test-00000-of-00003.parquet:rg20:r41,0,calibration,svarah:Pune|Marathi|Female|30-45,,C:\Users\Mahesh\Desktop\Projects\sih-2026\data\realvoice\Svarah\data\test-00000-of-00003.parquet,20,41,audio_filepath,Svarah
Svarah:test-00000-of-00003.parquet:rg20:r47,0,calibration,svarah:Fatehgarh Sahib|Punjabi|Female|45-60,,C:\Users\Mahesh\Desktop\Projects\sih-2026\data\realvoice\Svarah\data\test-00000-of-00003.parquet,20,47,audio_filepath,Svarah
Svarah:test-00000-of-00003.parquet:rg20:r68,0,calibration,svarah:Hyderabad|Telugu|Male|45-60,,C:\Users\Mahesh\Desktop\Projects\sih-2026\data\realvoice\Svarah\data\test-00000-of-00003.parquet,20,68,audio_filepath,Svarah
Svarah:test-00000-of-00003.parquet:rg20:r82,0,calibration,svarah:Sabarkantha|Gujarati|Male|18-30,,C:\Users\Mahesh\Desktop\Projects\sih-2026\data\realvoice\Svarah\data\test-00000-of-00003.parquet,20,82,audio_filepath,Svarah
Svarah:test-00000-of-00003.parquet:rg20:r87,0,calibration,svarah:Sabarkantha|Gujarati|Male|18-30,,C:\Users\Mahesh\Desktop\Projects\sih-2026\data\realvoice\Svarah\data\test-00000-of-00003.parquet,20,87,audio_filepath,Svarah
Svarah:test-00000-of-00003.parquet:rg20:r96,0,calibration,svarah:Hyderabad|Telugu|Male|45-60,,C:\Users\Mahesh\Desktop\Projects\sih-2026\data\realvoice\Svarah\data\test-00000-of-00003.parquet,20,96,audio_filepath,Svarah
Svarah:test-00000-of-00003.parquet:rg21:r4,0,calibration,svarah:Sabarkantha|Gujarati|Male|30-45,,C:\Users\Mahesh\Desktop\Projects\sih-2026\data\realvoice\Svarah\data\test-00000-of-00003.parquet,21,4,audio_filepath,Svarah
Svarah:test-00000-of-00003.parquet:rg21:r6,0,calibration,svarah:Virudhunagar|Tamil|Female|18-30,,C:\Users\Mahesh\Desktop\Projects\sih-2026\data\realvoice\Svarah\data\test-00000-of-00003.parquet,21,6,audio_filepath,Svarah
Svarah:test-00000-of-00003.parquet:rg21:r18,0,calibration,svarah:Sitamarhi|Maithili|Male|30-45,,C:\Users\Mahesh\Desktop\Projects\sih-2026\data\realvoice\Svarah\data\test-00000-of-00003.parquet,21,18,audio_filepath,Svarah
Svarah:test-00000-of-00003.parquet:rg21:r22,0,calibration,svarah:Sundergarh|Odia|Male|60+,,C:\Users\Mahesh\Desktop\Projects\sih-2026\data\realvoice\Svarah\data\test-00000-of-00003.parquet,21,22,audio_filepath,Svarah
Svarah:test-00000-of-00003.parquet:rg21:r36,0,calibration,svarah:Srinagar|Kashmiri|Male|45-60,,C:\Users\Mahesh\Desktop\Projects\sih-2026\data\realvoice\Svarah\data\test-00000-of-00003.parquet,21,36,audio_filepath,Svarah
Svarah:test-00000-of-00003.parquet:rg21:r43,0,calibration,svarah:North Goa|Konkani|Male|60+,,C:\Users\Mahesh\Desktop\Projects\sih-2026\data\realvoice\Svarah\data\test-00000-of-00003.parquet,21,43,audio_filepath,Svarah
Svarah:test-00000-of-00003.parquet:rg21:r56,0,calibration,svarah:Sundergarh|Odia|Male|60+,,C:\Users\Mahesh\Desktop\Projects\sih-2026\data\realvoice\Svarah\data\test-00000-of-00003.parquet,21,56,audio_filepath,Svarah
Svarah:test-00000-of-00003.parquet:rg21:r57,0,calibration,svarah:Srinagar|Kashmiri|Male|45-60,,C:\Users\Mahesh\Desktop\Projects\sih-2026\data\realvoice\Svarah\data\test-00000-of-00003.parquet,21,57,audio_filepath,Svarah
Svarah:test-00000-of-00003.parquet:rg21:r79,0,calibration,svarah:North Goa|Konkani|Male|30-45,,C:\Users\Mahesh\Desktop\Projects\sih-2026\data\realvoice\Svarah\data\test-00000-of-00003.parquet,21,79,audio_filepath,Svarah
Svarah:test-00000-of-00003.parquet:rg21:r85,0,calibration,svarah:South 24 Parganas|Bengali|Male|60+,,C:\Users\Mahesh\Desktop\Projects\sih-2026\data\realvoice\Svarah\data\test-00000-of-00003.parquet,21,85,audio_filepath,Svarah
Svarah:test-00001-of-00003.parquet:rg0:r36,0,calibration,svarah:North Goa|Konkani|Male|60+,,C:\Users\Mahesh\Desktop\Projects\sih-2026\data\realvoice\Svarah\data\test-00001-of-00003.parquet,0,36,audio_filepath,Svarah
Svarah:test-00001-of-00003.parquet:rg0:r38,0,calibration,svarah:Srinagar|Kashmiri|Male|45-60,,C:\Users\Mahesh\Desktop\Projects\sih-2026\data\realvoice\Svarah\data\test-00001-of-00003.parquet,0,38,audio_filepath,Svarah
Svarah:test-00001-of-00003.parquet:rg0:r60,0,calibration,svarah:Ratnagiri|Marathi|Female|18-30,,C:\Users\Mahesh\Desktop\Projects\sih-2026\data\realvoice\Svarah\data\test-00001-of-00003.parquet,0,60,audio_filepath,Svarah
Svarah:test-00001-of-00003.parquet:rg0:r63,0,calibration,svarah:Srinagar|Kashmiri|Male|45-60,,C:\Users\Mahesh\Desktop\Projects\sih-2026\data\realvoice\Svarah\data\test-00001-of-00003.parquet,0,63,audio_filepath,Svarah
Svarah:test-00001-of-00003.parquet:rg0:r64,0,calibration,svarah:Ratnagiri|Marathi|Female|18-30,,C:\Users\Mahesh\Desktop\Projects\sih-2026\data\realvoice\Svarah\data\test-00001-of-00003.parquet,0,64,audio_filepath,Svarah
Svarah:test-00001-of-00003.parquet:rg0:r67,0,calibration,svarah:Virudhunagar|Tamil|Female|18-30,,C:\Users\Mahesh\Desktop\Projects\sih-2026\data\realvoice\Svarah\data\test-00001-of-00003.parquet,0,67,audio_filepath,Svarah
Svarah:test-00001-of-00003.parquet:rg0:r73,0,calibration,svarah:Virudhunagar|Tamil|Female|18-30,,C:\Users\Mahesh\Desktop\Projects\sih-2026\data\realvoice\Svarah\data\test-00001-of-00003.parquet,0,73,audio_filepath,Svarah
Svarah:test-00001-of-00003.parquet:rg0:r78,0,calibration,svarah:Sabarkantha|Gujarati|Male|30-45,,C:\Users\Mahesh\Desktop\Projects\sih-2026\data\realvoice\Svarah\data\test-00001-of-00003.parquet,0,78,audio_filepath,Svarah
Svarah:test-00001-of-00003.parquet:rg0:r82,0,calibration,svarah:South 24 Parganas|Bengali|Male|60+,,C:\Users\Mahesh\Desktop\Projects\sih-2026\data\realvoice\Svarah\data\test-00001-of-00003.parquet,0,82,audio_filepath,Svarah
Svarah:test-00001-of-00003.parquet:rg0:r94,0,calibration,svarah:Sabarkantha|Gujarati|Male|30-45,,C:\Users\Mahesh\Desktop\Projects\sih-2026\data\realvoice\Svarah\data\test-00001-of-00003.parquet,0,94,audio_filepath,Svarah
Svarah:test-00001-of-00003.parquet:rg0:r95,0,calibration,svarah:Sundergarh|Odia|Male|60+,,C:\Users\Mahesh\Desktop\Projects\sih-2026\data\realvoice\Svarah\data\test-00001-of-00003.parquet,0,95,audio_filepath,Svarah
Svarah:test-00001-of-00003.parquet:rg1:r2,0,calibration,svarah:Sabarkantha|Gujarati|Male|30-45,,C:\Users\Mahesh\Desktop\Projects\sih-2026\data\realvoice\Svarah\data\test-00001-of-00003.parquet,1,2,audio_filepath,Svarah
Svarah:test-00001-of-00003.parquet:rg1:r6,0,calibration,svarah:Sabarkantha|Gujarati|Male|30-45,,C:\Users\Mahesh\Desktop\Projects\sih-2026\data\realvoice\Svarah\data\test-00001-of-00003.parquet,1,6,audio_filepath,Svarah
Svarah:test-00001-of-00003.parquet:rg1:r19,0,calibration,svarah:Sundergarh|Odia|Male|60+,,C:\Users\Mahesh\Desktop\Projects\sih-2026\data\realvoice\Svarah\data\test-00001-of-00003.parquet,1,19,audio_filepath,Svarah
Svarah:test-00001-of-00003.parquet:rg1:r20,0,calibration,svarah:Sundergarh|Odia|Male|60+,,C:\Users\Mahesh\Desktop\Projects\sih-2026\data\realvoice\Svarah\data\test-00001-of-00003.parquet,1,20,audio_filepath,Svarah
Svarah:test-00001-of-00003.parquet:rg1:r22,0,calibration,svarah:Hyderabad|Telugu|Male|45-60,,C:\Users\Mahesh\Desktop\Projects\sih-2026\data\realvoice\Svarah\data\test-00001-of-00003.parquet,1,22,audio_filepath,Svarah
Svarah:test-00001-of-00003.parquet:rg1:r25,0,calibration,svarah:Sabarkantha|Gujarati|Male|30-45,,C:\Users\Mahesh\Desktop\Projects\sih-2026\data\realvoice\Svarah\data\test-00001-of-00003.parquet,1,25,audio_filepath,Svarah
Svarah:test-00001-of-00003.parquet:rg1:r41,0,calibration,svarah:Sabarkantha|Gujarati|Male|18-30,,C:\Users\Mahesh\Desktop\Projects\sih-2026\data\realvoice\Svarah\data\test-00001-of-00003.parquet,1,41,audio_filepath,Svarah
Svarah:test-00001-of-00003.parquet:rg1:r43,0,calibration,svarah:Srinagar|Kashmiri|Male|45-60,,C:\Users\Mahesh\Desktop\Projects\sih-2026\data\realvoice\Svarah\data\test-00001-of-00003.parquet,1,43,audio_filepath,Svarah
Svarah:test-00001-of-00003.parquet:rg1:r47,0,calibration,svarah:Sabarkantha|Gujarati|Male|18-30,,C:\Users\Mahesh\Desktop\Projects\sih-2026\data\realvoice\Svarah\data\test-00001-of-00003.parquet,1,47,audio_filepath,Svarah
Svarah:test-00001-of-00003.parquet:rg1:r49,0,calibration,svarah:Ratnagiri|Marathi|Female|18-30,,C:\Users\Mahesh\Desktop\Projects\sih-2026\data\realvoice\Svarah\data\test-00001-of-00003.parquet,1,49,audio_filepath,Svarah
Svarah:test-00001-of-00003.parquet:rg1:r52,0,calibration,svarah:Srinagar|Kashmiri|Male|45-60,,C:\Users\Mahesh\Desktop\Projects\sih-2026\data\realvoice\Svarah\data\test-00001-of-00003.parquet,1,52,audio_filepath,Svarah
Svarah:test-00001-of-00003.parquet:rg1:r75,0,calibration,svarah:Sabarkantha|Gujarati|Male|18-30,,C:\Users\Mahesh\Desktop\Projects\sih-2026\data\realvoice\Svarah\data\test-00001-of-00003.parquet,1,75,audio_filepath,Svarah
Svarah:test-00001-of-00003.parquet:rg1:r89,0,calibration,svarah:Sitamarhi|Maithili|Male|30-45,,C:\Users\Mahesh\Desktop\Projects\sih-2026\data\realvoice\Svarah\data\test-00001-of-00003.parquet,1,89,audio_filepath,Svarah
Svarah:test-00001-of-00003.parquet:rg2:r1,0,calibration,svarah:Fatehgarh Sahib|Punjabi|Female|45-60,,C:\Users\Mahesh\Desktop\Projects\sih-2026\data\realvoice\Svarah\data\test-00001-of-00003.parquet,2,1,audio_filepath,Svarah
Svarah:test-00001-of-00003.parquet:rg2:r13,0,calibration,svarah:Sabarkantha|Gujarati|Male|18-30,,C:\Users\Mahesh\Desktop\Projects\sih-2026\data\realvoice\Svarah\data\test-00001-of-00003.parquet,2,13,audio_filepath,Svarah
Svarah:test-00001-of-00003.parquet:rg2:r54,0,calibration,svarah:Kolkata|Bengali|Male|18-30,,C:\Users\Mahesh\Desktop\Projects\sih-2026\data\realvoice\Svarah\data\test-00001-of-00003.parquet,2,54,audio_filepath,Svarah
Svarah:test-00001-of-00003.parquet:rg2:r55,0,calibration,svarah:Srinagar|Kashmiri|Male|45-60,,C:\Users\Mahesh\Desktop\Projects\sih-2026\data\realvoice\Svarah\data\test-00001-of-00003.parquet,2,55,audio_filepath,Svarah
Svarah:test-00001-of-00003.parquet:rg2:r67,0,calibration,svarah:Sabarkantha|Gujarati|Male|18-30,,C:\Users\Mahesh\Desktop\Projects\sih-2026\data\realvoice\Svarah\data\test-00001-of-00003.parquet,2,67,audio_filepath,Svarah
Svarah:test-00001-of-00003.parquet:rg2:r73,0,calibration,svarah:Hyderabad|Telugu|Male|45-60,,C:\Users\Mahesh\Desktop\Projects\sih-2026\data\realvoice\Svarah\data\test-00001-of-00003.parquet,2,73,audio_filepath,Svarah
Svarah:test-00001-of-00003.parquet:rg2:r84,0,calibration,svarah:Sundergarh|Odia|Male|60+,,C:\Users\Mahesh\Desktop\Projects\sih-2026\data\realvoice\Svarah\data\test-00001-of-00003.parquet,2,84,audio_filepath,Svarah
Svarah:test-00001-of-00003.parquet:rg2:r87,0,calibration,svarah:Sabarkantha|Gujarati|Male|30-45,,C:\Users\Mahesh\Desktop\Projects\sih-2026\data\realvoice\Svarah\data\test-00001-of-00003.parquet,2,87,audio_filepath,Svarah
Svarah:test-00001-of-00003.parquet:rg2:r99,0,calibration,svarah:Ratnagiri|Marathi|Female|18-30,,C:\Users\Mahesh\Desktop\Projects\sih-2026\data\realvoice\Svarah\data\test-00001-of-00003.parquet,2,99,audio_filepath,Svarah
Svarah:test-00001-of-00003.parquet:rg3:r29,0,calibration,svarah:Sundergarh|Odia|Male|60+,,C:\Users\Mahesh\Desktop\Projects\sih-2026\data\realvoice\Svarah\data\test-00001-of-00003.parquet,3,29,audio_filepath,Svarah
Svarah:test-00001-of-00003.parquet:rg3:r38,0,calibration,svarah:Ratnagiri|Marathi|Female|18-30,,C:\Users\Mahesh\Desktop\Projects\sih-2026\data\realvoice\Svarah\data\test-00001-of-00003.parquet,3,38,audio_filepath,Svarah
Svarah:test-00001-of-00003.parquet:rg3:r47,0,calibration,svarah:South 24 Parganas|Bengali|Male|60+,,C:\Users\Mahesh\Desktop\Projects\sih-2026\data\realvoice\Svarah\data\test-00001-of-00003.parquet,3,47,audio_filepath,Svarah
Svarah:test-00001-of-00003.parquet:rg3:r59,0,calibration,svarah:North Goa|Konkani|Male|60+,,C:\Users\Mahesh\Desktop\Projects\sih-2026\data\realvoice\Svarah\data\test-00001-of-00003.parquet,3,59,audio_filepath,Svarah
Svarah:test-00001-of-00003.parquet:rg3:r67,0,calibration,svarah:Hyderabad|Telugu|Male|45-60,,C:\Users\Mahesh\Desktop\Projects\sih-2026\data\realvoice\Svarah\data\test-00001-of-00003.parquet,3,67,audio_filepath,Svarah
Svarah:test-00001-of-00003.parquet:rg3:r91,0,calibration,svarah:North Goa|Konkani|Male|60+,,C:\Users\Mahesh\Desktop\Projects\sih-2026\data\realvoice\Svarah\data\test-00001-of-00003.parquet,3,91,audio_filepath,Svarah
Svarah:test-00001-of-00003.parquet:rg4:r4,0,calibration,svarah:Hyderabad|Telugu|Male|45-60,,C:\Users\Mahesh\Desktop\Projects\sih-2026\data\realvoice\Svarah\data\test-00001-of-00003.parquet,4,4,audio_filepath,Svarah
Svarah:test-00001-of-00003.parquet:rg4:r7,0,calibration,svarah:Virudhunagar|Tamil|Female|18-30,,C:\Users\Mahesh\Desktop\Projects\sih-2026\data\realvoice\Svarah\data\test-00001-of-00003.parquet,4,7,audio_filepath,Svarah
Svarah:test-00001-of-00003.parquet:rg4:r17,0,calibration,svarah:Ratnagiri|Marathi|Female|18-30,,C:\Users\Mahesh\Desktop\Projects\sih-2026\data\realvoice\Svarah\data\test-00001-of-00003.parquet,4,17,audio_filepath,Svarah
Svarah:test-00001-of-00003.parquet:rg4:r26,0,calibration,svarah:Kolkata|Bengali|Male|18-30,,C:\Users\Mahesh\Desktop\Projects\sih-2026\data\realvoice\Svarah\data\test-00001-of-00003.parquet,4,26,audio_filepath,Svarah
Svarah:test-00001-of-00003.parquet:rg4:r43,0,calibration,svarah:Sabarkantha|Gujarati|Male|18-30,,C:\Users\Mahesh\Desktop\Projects\sih-2026\data\realvoice\Svarah\data\test-00001-of-00003.parquet,4,43,audio_filepath,Svarah
Svarah:test-00001-of-00003.parquet:rg4:r45,0,calibration,svarah:Srinagar|Kashmiri|Male|45-60,,C:\Users\Mahesh\Desktop\Projects\sih-2026\data\realvoice\Svarah\data\test-00001-of-00003.parquet,4,45,audio_filepath,Svarah
Svarah:test-00001-of-00003.parquet:rg4:r47,0,calibration,svarah:Kolkata|Bengali|Male|18-30,,C:\Users\Mahesh\Desktop\Projects\sih-2026\data\realvoice\Svarah\data\test-00001-of-00003.parquet,4,47,audio_filepath,Svarah
Svarah:test-00001-of-00003.parquet:rg4:r51,0,calibration,svarah:Sabarkantha|Gujarati|Male|30-45,,C:\Users\Mahesh\Desktop\Projects\sih-2026\data\realvoice\Svarah\data\test-00001-of-00003.parquet,4,51,audio_filepath,Svarah
Svarah:test-00001-of-00003.parquet:rg4:r66,0,calibration,svarah:Fatehgarh Sahib|Punjabi|Female|45-60,,C:\Users\Mahesh\Desktop\Projects\sih-2026\data\realvoice\Svarah\data\test-00001-of-00003.parquet,4,66,audio_filepath,Svarah
Svarah:test-00001-of-00003.parquet:rg4:r82,0,calibration,svarah:Pune|Marathi|Female|30-45,,C:\Users\Mahesh\Desktop\Projects\sih-2026\data\realvoice\Svarah\data\test-00001-of-00003.parquet,4,82,audio_filepath,Svarah
Svarah:test-00001-of-00003.parquet:rg5:r3,0,calibration,svarah:Srinagar|Kashmiri|Male|45-60,,C:\Users\Mahesh\Desktop\Projects\sih-2026\data\realvoice\Svarah\data\test-00001-of-00003.parquet,5,3,audio_filepath,Svarah
Svarah:test-00001-of-00003.parquet:rg5:r8,0,calibration,svarah:North Goa|Konkani|Male|30-45,,C:\Users\Mahesh\Desktop\Projects\sih-2026\data\realvoice\Svarah\data\test-00001-of-00003.parquet,5,8,audio_filepath,Svarah
Svarah:test-00001-of-00003.parquet:rg5:r15,0,calibration,svarah:South 24 Parganas|Bengali|Male|60+,,C:\Users\Mahesh\Desktop\Projects\sih-2026\data\realvoice\Svarah\data\test-00001-of-00003.parquet,5,15,audio_filepath,Svarah
Svarah:test-00001-of-00003.parquet:rg5:r22,0,calibration,svarah:Fatehgarh Sahib|Punjabi|Female|45-60,,C:\Users\Mahesh\Desktop\Projects\sih-2026\data\realvoice\Svarah\data\test-00001-of-00003.parquet,5,22,audio_filepath,Svarah
Svarah:test-00001-of-00003.parquet:rg5:r28,0,calibration,svarah:South 24 Parganas|Bengali|Male|60+,,C:\Users\Mahesh\Desktop\Projects\sih-2026\data\realvoice\Svarah\data\test-00001-of-00003.parquet,5,28,audio_filepath,Svarah
Svarah:test-00001-of-00003.parquet:rg5:r36,0,calibration,svarah:Sundergarh|Odia|Male|60+,,C:\Users\Mahesh\Desktop\Projects\sih-2026\data\realvoice\Svarah\data\test-00001-of-00003.parquet,5,36,audio_filepath,Svarah
Svarah:test-00001-of-00003.parquet:rg5:r43,0,calibration,svarah:Sabarkantha|Gujarati|Male|18-30,,C:\Users\Mahesh\Desktop\Projects\sih-2026\data\realvoice\Svarah\data\test-00001-of-00003.parquet,5,43,audio_filepath,Svarah
Svarah:test-00001-of-00003.parquet:rg5:r45,0,calibration,svarah:South 24 Parganas|Bengali|Male|60+,,C:\Users\Mahesh\Desktop\Projects\sih-2026\data\realvoice\Svarah\data\test-00001-of-00003.parquet,5,45,audio_filepath,Svarah
Svarah:test-00001-of-00003.parquet:rg5:r50,0,calibration,svarah:Virudhunagar|Tamil|Female|18-30,,C:\Users\Mahesh\Desktop\Projects\sih-2026\data\realvoice\Svarah\data\test-00001-of-00003.parquet,5,50,audio_filepath,Svarah
Svarah:test-00001-of-00003.parquet:rg5:r54,0,calibration,svarah:Virudhunagar|Tamil|Female|18-30,,C:\Users\Mahesh\Desktop\Projects\sih-2026\data\realvoice\Svarah\data\test-00001-of-00003.parquet,5,54,audio_filepath,Svarah
Svarah:test-00001-of-00003.parquet:rg5:r60,0,calibration,svarah:Sundergarh|Odia|Male|60+,,C:\Users\Mahesh\Desktop\Projects\sih-2026\data\realvoice\Svarah\data\test-00001-of-00003.parquet,5,60,audio_filepath,Svarah
Svarah:test-00001-of-00003.parquet:rg5:r77,0,calibration,svarah:Virudhunagar|Tamil|Female|18-30,,C:\Users\Mahesh\Desktop\Projects\sih-2026\data\realvoice\Svarah\data\test-00001-of-00003.parquet,5,77,audio_filepath,Svarah
Svarah:test-00001-of-00003.parquet:rg5:r81,0,calibration,svarah:Fatehgarh Sahib|Punjabi|Female|45-60,,C:\Users\Mahesh\Desktop\Projects\sih-2026\data\realvoice\Svarah\data\test-00001-of-00003.parquet,5,81,audio_filepath,Svarah
Svarah:test-00001-of-00003.parquet:rg5:r92,0,calibration,svarah:Ratnagiri|Marathi|Female|18-30,,C:\Users\Mahesh\Desktop\Projects\sih-2026\data\realvoice\Svarah\data\test-00001-of-00003.parquet,5,92,audio_filepath,Svarah
Svarah:test-00001-of-00003.parquet:rg6:r0,0,calibration,svarah:Ratnagiri|Marathi|Female|18-30,,C:\Users\Mahesh\Desktop\Projects\sih-2026\data\realvoice\Svarah\data\test-00001-of-00003.parquet,6,0,audio_filepath,Svarah
Svarah:test-00001-of-00003.parquet:rg6:r5,0,calibration,svarah:Ratnagiri|Marathi|Female|18-30,,C:\Users\Mahesh\Desktop\Projects\sih-2026\data\realvoice\Svarah\data\test-00001-of-00003.parquet,6,5,audio_filepath,Svarah
Svarah:test-00001-of-00003.parquet:rg6:r12,0,calibration,svarah:Srinagar|Kashmiri|Male|45-60,,C:\Users\Mahesh\Desktop\Projects\sih-2026\data\realvoice\Svarah\data\test-00001-of-00003.parquet,6,12,audio_filepath,Svarah
Svarah:test-00001-of-00003.parquet:rg6:r25,0,calibration,svarah:Sabarkantha|Gujarati|Male|18-30,,C:\Users\Mahesh\Desktop\Projects\sih-2026\data\realvoice\Svarah\data\test-00001-of-00003.parquet,6,25,audio_filepath,Svarah
Svarah:test-00001-of-00003.parquet:rg6:r41,0,calibration,svarah:Hyderabad|Telugu|Male|45-60,,C:\Users\Mahesh\Desktop\Projects\sih-2026\data\realvoice\Svarah\data\test-00001-of-00003.parquet,6,41,audio_filepath,Svarah
Svarah:test-00001-of-00003.parquet:rg6:r44,0,calibration,svarah:North Goa|Konkani|Male|30-45,,C:\Users\Mahesh\Desktop\Projects\sih-2026\data\realvoice\Svarah\data\test-00001-of-00003.parquet,6,44,audio_filepath,Svarah
Svarah:test-00001-of-00003.parquet:rg6:r57,0,calibration,svarah:North Goa|Konkani|Male|30-45,,C:\Users\Mahesh\Desktop\Projects\sih-2026\data\realvoice\Svarah\data\test-00001-of-00003.parquet,6,57,audio_filepath,Svarah
Svarah:test-00001-of-00003.parquet:rg6:r60,0,calibration,svarah:North Goa|Konkani|Male|60+,,C:\Users\Mahesh\Desktop\Projects\sih-2026\data\realvoice\Svarah\data\test-00001-of-00003.parquet,6,60,audio_filepath,Svarah
Svarah:test-00001-of-00003.parquet:rg6:r63,0,calibration,svarah:Sabarkantha|Gujarati|Male|18-30,,C:\Users\Mahesh\Desktop\Projects\sih-2026\data\realvoice\Svarah\data\test-00001-of-00003.parquet,6,63,audio_filepath,Svarah
Svarah:test-00001-of-00003.parquet:rg6:r72,0,calibration,svarah:Pune|Marathi|Female|30-45,,C:\Users\Mahesh\Desktop\Projects\sih-2026\data\realvoice\Svarah\data\test-00001-of-00003.parquet,6,72,audio_filepath,Svarah
Svarah:test-00001-of-00003.parquet:rg6:r74,0,calibration,svarah:Kolkata|Bengali|Male|18-30,,C:\Users\Mahesh\Desktop\Projects\sih-2026\data\realvoice\Svarah\data\test-00001-of-00003.parquet,6,74,audio_filepath,Svarah
Svarah:test-00001-of-00003.parquet:rg6:r76,0,calibration,svarah:Sabarkantha|Gujarati|Male|30-45,,C:\Users\Mahesh\Desktop\Projects\sih-2026\data\realvoice\Svarah\data\test-00001-of-00003.parquet,6,76,audio_filepath,Svarah
Svarah:test-00001-of-00003.parquet:rg6:r79,0,calibration,svarah:Hyderabad|Telugu|Male|45-60,,C:\Users\Mahesh\Desktop\Projects\sih-2026\data\realvoice\Svarah\data\test-00001-of-00003.parquet,6,79,audio_filepath,Svarah
Svarah:test-00001-of-00003.parquet:rg6:r80,0,calibration,svarah:Sitamarhi|Maithili|Male|30-45,,C:\Users\Mahesh\Desktop\Projects\sih-2026\data\realvoice\Svarah\data\test-00001-of-00003.parquet,6,80,audio_filepath,Svarah
Svarah:test-00001-of-00003.parquet:rg6:r85,0,calibration,svarah:Sundergarh|Odia|Male|60+,,C:\Users\Mahesh\Desktop\Projects\sih-2026\data\realvoice\Svarah\data\test-00001-of-00003.parquet,6,85,audio_filepath,Svarah
Svarah:test-00001-of-00003.parquet:rg6:r93,0,calibration,svarah:North Goa|Konkani|Male|60+,,C:\Users\Mahesh\Desktop\Projects\sih-2026\data\realvoice\Svarah\data\test-00001-of-00003.parquet,6,93,audio_filepath,Svarah
Svarah:test-00001-of-00003.parquet:rg7:r23,0,calibration,svarah:Hyderabad|Telugu|Male|45-60,,C:\Users\Mahesh\Desktop\Projects\sih-2026\data\realvoice\Svarah\data\test-00001-of-00003.parquet,7,23,audio_filepath,Svarah
Svarah:test-00001-of-00003.parquet:rg7:r34,0,calibration,svarah:Hyderabad|Telugu|Male|45-60,,C:\Users\Mahesh\Desktop\Projects\sih-2026\data\realvoice\Svarah\data\test-00001-of-00003.parquet,7,34,audio_filepath,Svarah
Svarah:test-00001-of-00003.parquet:rg7:r39,0,calibration,svarah:Hyderabad|Telugu|Male|45-60,,C:\Users\Mahesh\Desktop\Projects\sih-2026\data\realvoice\Svarah\data\test-00001-of-00003.parquet,7,39,audio_filepath,Svarah
Svarah:test-00001-of-00003.parquet:rg7:r43,0,calibration,svarah:Hyderabad|Telugu|Male|45-60,,C:\Users\Mahesh\Desktop\Projects\sih-2026\data\realvoice\Svarah\data\test-00001-of-00003.parquet,7,43,audio_filepath,Svarah
Svarah:test-00001-of-00003.parquet:rg7:r54,0,calibration,svarah:Virudhunagar|Tamil|Female|18-30,,C:\Users\Mahesh\Desktop\Projects\sih-2026\data\realvoice\Svarah\data\test-00001-of-00003.parquet,7,54,audio_filepath,Svarah
Svarah:test-00001-of-00003.parquet:rg7:r67,0,calibration,svarah:North Goa|Konkani|Male|30-45,,C:\Users\Mahesh\Desktop\Projects\sih-2026\data\realvoice\Svarah\data\test-00001-of-00003.parquet,7,67,audio_filepath,Svarah
Svarah:test-00001-of-00003.parquet:rg7:r78,0,calibration,svarah:Ratnagiri|Marathi|Female|18-30,,C:\Users\Mahesh\Desktop\Projects\sih-2026\data\realvoice\Svarah\data\test-00001-of-00003.parquet,7,78,audio_filepath,Svarah
Svarah:test-00001-of-00003.parquet:rg8:r0,0,calibration,svarah:Sundergarh|Odia|Male|60+,,C:\Users\Mahesh\Desktop\Projects\sih-2026\data\realvoice\Svarah\data\test-00001-of-00003.parquet,8,0,audio_filepath,Svarah
Svarah:test-00001-of-00003.parquet:rg8:r37,0,calibration,svarah:Sitamarhi|Maithili|Male|30-45,,C:\Users\Mahesh\Desktop\Projects\sih-2026\data\realvoice\Svarah\data\test-00001-of-00003.parquet,8,37,audio_filepath,Svarah
Svarah:test-00001-of-00003.parquet:rg8:r55,0,calibration,svarah:Ratnagiri|Marathi|Female|18-30,,C:\Users\Mahesh\Desktop\Projects\sih-2026\data\realvoice\Svarah\data\test-00001-of-00003.parquet,8,55,audio_filepath,Svarah
Svarah:test-00001-of-00003.parquet:rg8:r63,0,calibration,svarah:North Goa|Konkani|Male|60+,,C:\Users\Mahesh\Desktop\Projects\sih-2026\data\realvoice\Svarah\data\test-00001-of-00003.parquet,8,63,audio_filepath,Svarah
Svarah:test-00001-of-00003.parquet:rg8:r71,0,calibration,svarah:Sabarkantha|Gujarati|Male|18-30,,C:\Users\Mahesh\Desktop\Projects\sih-2026\data\realvoice\Svarah\data\test-00001-of-00003.parquet,8,71,audio_filepath,Svarah
Svarah:test-00001-of-00003.parquet:rg8:r91,0,calibration,svarah:Kolkata|Bengali|Male|18-30,,C:\Users\Mahesh\Desktop\Projects\sih-2026\data\realvoice\Svarah\data\test-00001-of-00003.parquet,8,91,audio_filepath,Svarah
Svarah:test-00001-of-00003.parquet:rg8:r94,0,calibration,svarah:South 24 Parganas|Bengali|Male|60+,,C:\Users\Mahesh\Desktop\Projects\sih-2026\data\realvoice\Svarah\data\test-00001-of-00003.parquet,8,94,audio_filepath,Svarah
Svarah:test-00001-of-00003.parquet:rg9:r6,0,calibration,svarah:North Goa|Konkani|Male|30-45,,C:\Users\Mahesh\Desktop\Projects\sih-2026\data\realvoice\Svarah\data\test-00001-of-00003.parquet,9,6,audio_filepath,Svarah
Svarah:test-00001-of-00003.parquet:rg9:r18,0,calibration,svarah:Fatehgarh Sahib|Punjabi|Female|45-60,,C:\Users\Mahesh\Desktop\Projects\sih-2026\data\realvoice\Svarah\data\test-00001-of-00003.parquet,9,18,audio_filepath,Svarah
Svarah:test-00001-of-00003.parquet:rg9:r23,0,calibration,svarah:Srinagar|Kashmiri|Male|45-60,,C:\Users\Mahesh\Desktop\Projects\sih-2026\data\realvoice\Svarah\data\test-00001-of-00003.parquet,9,23,audio_filepath,Svarah
Svarah:test-00001-of-00003.parquet:rg9:r39,0,calibration,svarah:North Goa|Konkani|Male|60+,,C:\Users\Mahesh\Desktop\Projects\sih-2026\data\realvoice\Svarah\data\test-00001-of-00003.parquet,9,39,audio_filepath,Svarah
Svarah:test-00001-of-00003.parquet:rg9:r42,0,calibration,svarah:Pune|Marathi|Female|30-45,,C:\Users\Mahesh\Desktop\Projects\sih-2026\data\realvoice\Svarah\data\test-00001-of-00003.parquet,9,42,audio_filepath,Svarah
Svarah:test-00001-of-00003.parquet:rg9:r61,0,calibration,svarah:Virudhunagar|Tamil|Female|18-30,,C:\Users\Mahesh\Desktop\Projects\sih-2026\data\realvoice\Svarah\data\test-00001-of-00003.parquet,9,61,audio_filepath,Svarah
Svarah:test-00001-of-00003.parquet:rg9:r64,0,calibration,svarah:Ratnagiri|Marathi|Female|18-30,,C:\Users\Mahesh\Desktop\Projects\sih-2026\data\realvoice\Svarah\data\test-00001-of-00003.parquet,9,64,audio_filepath,Svarah
Svarah:test-00001-of-00003.parquet:rg9:r72,0,calibration,svarah:Sabarkantha|Gujarati|Male|30-45,,C:\Users\Mahesh\Desktop\Projects\sih-2026\data\realvoice\Svarah\data\test-00001-of-00003.parquet,9,72,audio_filepath,Svarah
Svarah:test-00001-of-00003.parquet:rg9:r97,0,calibration,svarah:Sundergarh|Odia|Male|60+,,C:\Users\Mahesh\Desktop\Projects\sih-2026\data\realvoice\Svarah\data\test-00001-of-00003.parquet,9,97,audio_filepath,Svarah
Svarah:test-00001-of-00003.parquet:rg10:r0,0,calibration,svarah:Srinagar|Kashmiri|Male|45-60,,C:\Users\Mahesh\Desktop\Projects\sih-2026\data\realvoice\Svarah\data\test-00001-of-00003.parquet,10,0,audio_filepath,Svarah
Svarah:test-00001-of-00003.parquet:rg10:r30,0,calibration,svarah:Sabarkantha|Gujarati|Male|18-30,,C:\Users\Mahesh\Desktop\Projects\sih-2026\data\realvoice\Svarah\data\test-00001-of-00003.parquet,10,30,audio_filepath,Svarah
Svarah:test-00001-of-00003.parquet:rg10:r37,0,calibration,svarah:Hyderabad|Telugu|Male|45-60,,C:\Users\Mahesh\Desktop\Projects\sih-2026\data\realvoice\Svarah\data\test-00001-of-00003.parquet,10,37,audio_filepath,Svarah
Svarah:test-00001-of-00003.parquet:rg10:r44,0,calibration,svarah:South 24 Parganas|Bengali|Male|60+,,C:\Users\Mahesh\Desktop\Projects\sih-2026\data\realvoice\Svarah\data\test-00001-of-00003.parquet,10,44,audio_filepath,Svarah
Svarah:test-00001-of-00003.parquet:rg10:r48,0,calibration,svarah:Pune|Marathi|Female|30-45,,C:\Users\Mahesh\Desktop\Projects\sih-2026\data\realvoice\Svarah\data\test-00001-of-00003.parquet,10,48,audio_filepath,Svarah
Svarah:test-00001-of-00003.parquet:rg10:r55,0,calibration,svarah:Srinagar|Kashmiri|Male|45-60,,C:\Users\Mahesh\Desktop\Projects\sih-2026\data\realvoice\Svarah\data\test-00001-of-00003.parquet,10,55,audio_filepath,Svarah
Svarah:test-00001-of-00003.parquet:rg10:r67,0,calibration,svarah:Srinagar|Kashmiri|Male|45-60,,C:\Users\Mahesh\Desktop\Projects\sih-2026\data\realvoice\Svarah\data\test-00001-of-00003.parquet,10,67,audio_filepath,Svarah
Svarah:test-00001-of-00003.parquet:rg10:r76,0,calibration,svarah:Sabarkantha|Gujarati|Male|18-30,,C:\Users\Mahesh\Desktop\Projects\sih-2026\data\realvoice\Svarah\data\test-00001-of-00003.parquet,10,76,audio_filepath,Svarah
Svarah:test-00001-of-00003.parquet:rg10:r79,0,calibration,svarah:Ratnagiri|Marathi|Female|18-30,,C:\Users\Mahesh\Desktop\Projects\sih-2026\data\realvoice\Svarah\data\test-00001-of-00003.parquet,10,79,audio_filepath,Svarah
Svarah:test-00001-of-00003.parquet:rg10:r80,0,calibration,svarah:Sitamarhi|Maithili|Male|30-45,,C:\Users\Mahesh\Desktop\Projects\sih-2026\data\realvoice\Svarah\data\test-00001-of-00003.parquet,10,80,audio_filepath,Svarah
Svarah:test-00001-of-00003.parquet:rg10:r87,0,calibration,svarah:Virudhunagar|Tamil|Female|18-30,,C:\Users\Mahesh\Desktop\Projects\sih-2026\data\realvoice\Svarah\data\test-00001-of-00003.parquet,10,87,audio_filepath,Svarah
Svarah:test-00001-of-00003.parquet:rg10:r97,0,calibration,svarah:South 24 Parganas|Bengali|Male|60+,,C:\Users\Mahesh\Desktop\Projects\sih-2026\data\realvoice\Svarah\data\test-00001-of-00003.parquet,10,97,audio_filepath,Svarah
Svarah:test-00001-of-00003.parquet:rg11:r0,0,calibration,svarah:Sabarkantha|Gujarati|Male|30-45,,C:\Users\Mahesh\Desktop\Projects\sih-2026\data\realvoice\Svarah\data\test-00001-of-00003.parquet,11,0,audio_filepath,Svarah
Svarah:test-00001-of-00003.parquet:rg11:r2,0,calibration,svarah:Pune|Marathi|Female|30-45,,C:\Users\Mahesh\Desktop\Projects\sih-2026\data\realvoice\Svarah\data\test-00001-of-00003.parquet,11,2,audio_filepath,Svarah
Svarah:test-00001-of-00003.parquet:rg11:r20,0,calibration,svarah:North Goa|Konkani|Male|30-45,,C:\Users\Mahesh\Desktop\Projects\sih-2026\data\realvoice\Svarah\data\test-00001-of-00003.parquet,11,20,audio_filepath,Svarah
Svarah:test-00001-of-00003.parquet:rg11:r78,0,calibration,svarah:Srinagar|Kashmiri|Male|45-60,,C:\Users\Mahesh\Desktop\Projects\sih-2026\data\realvoice\Svarah\data\test-00001-of-00003.parquet,11,78,audio_filepath,Svarah
Svarah:test-00001-of-00003.parquet:rg11:r88,0,calibration,svarah:Sundergarh|Odia|Male|60+,,C:\Users\Mahesh\Desktop\Projects\sih-2026\data\realvoice\Svarah\data\test-00001-of-00003.parquet,11,88,audio_filepath,Svarah
Svarah:test-00001-of-00003.parquet:rg11:r95,0,calibration,svarah:Kolkata|Bengali|Male|18-30,,C:\Users\Mahesh\Desktop\Projects\sih-2026\data\realvoice\Svarah\data\test-00001-of-00003.parquet,11,95,audio_filepath,Svarah
Svarah:test-00001-of-00003.parquet:rg12:r0,0,calibration,svarah:Fatehgarh Sahib|Punjabi|Female|45-60,,C:\Users\Mahesh\Desktop\Projects\sih-2026\data\realvoice\Svarah\data\test-00001-of-00003.parquet,12,0,audio_filepath,Svarah
Svarah:test-00001-of-00003.parquet:rg12:r14,0,calibration,svarah:Hyderabad|Telugu|Male|45-60,,C:\Users\Mahesh\Desktop\Projects\sih-2026\data\realvoice\Svarah\data\test-00001-of-00003.parquet,12,14,audio_filepath,Svarah
Svarah:test-00001-of-00003.parquet:rg12:r42,0,calibration,svarah:Sabarkantha|Gujarati|Male|18-30,,C:\Users\Mahesh\Desktop\Projects\sih-2026\data\realvoice\Svarah\data\test-00001-of-00003.parquet,12,42,audio_filepath,Svarah
Svarah:test-00001-of-00003.parquet:rg12:r43,0,calibration,svarah:Sabarkantha|Gujarati|Male|18-30,,C:\Users\Mahesh\Desktop\Projects\sih-2026\data\realvoice\Svarah\data\test-00001-of-00003.parquet,12,43,audio_filepath,Svarah
Svarah:test-00001-of-00003.parquet:rg12:r45,0,calibration,svarah:Fatehgarh Sahib|Punjabi|Female|45-60,,C:\Users\Mahesh\Desktop\Projects\sih-2026\data\realvoice\Svarah\data\test-00001-of-00003.parquet,12,45,audio_filepath,Svarah
Svarah:test-00001-of-00003.parquet:rg12:r49,0,calibration,svarah:Sabarkantha|Gujarati|Male|30-45,,C:\Users\Mahesh\Desktop\Projects\sih-2026\data\realvoice\Svarah\data\test-00001-of-00003.parquet,12,49,audio_filepath,Svarah
Svarah:test-00001-of-00003.parquet:rg12:r61,0,calibration,svarah:North Goa|Konkani|Male|30-45,,C:\Users\Mahesh\Desktop\Projects\sih-2026\data\realvoice\Svarah\data\test-00001-of-00003.parquet,12,61,audio_filepath,Svarah
Svarah:test-00001-of-00003.parquet:rg12:r72,0,calibration,svarah:North Goa|Konkani|Male|30-45,,C:\Users\Mahesh\Desktop\Projects\sih-2026\data\realvoice\Svarah\data\test-00001-of-00003.parquet,12,72,audio_filepath,Svarah
Svarah:test-00001-of-00003.parquet:rg12:r82,0,calibration,svarah:Ratnagiri|Marathi|Female|18-30,,C:\Users\Mahesh\Desktop\Projects\sih-2026\data\realvoice\Svarah\data\test-00001-of-00003.parquet,12,82,audio_filepath,Svarah
Svarah:test-00001-of-00003.parquet:rg12:r86,0,calibration,svarah:Srinagar|Kashmiri|Male|45-60,,C:\Users\Mahesh\Desktop\Projects\sih-2026\data\realvoice\Svarah\data\test-00001-of-00003.parquet,12,86,audio_filepath,Svarah
Svarah:test-00001-of-00003.parquet:rg12:r91,0,calibration,svarah:Sundergarh|Odia|Male|60+,,C:\Users\Mahesh\Desktop\Projects\sih-2026\data\realvoice\Svarah\data\test-00001-of-00003.parquet,12,91,audio_filepath,Svarah
Svarah:test-00001-of-00003.parquet:rg12:r99,0,calibration,svarah:Ratnagiri|Marathi|Female|18-30,,C:\Users\Mahesh\Desktop\Projects\sih-2026\data\realvoice\Svarah\data\test-00001-of-00003.parquet,12,99,audio_filepath,Svarah
Svarah:test-00001-of-00003.parquet:rg13:r7,0,calibration,svarah:Ratnagiri|Marathi|Female|18-30,,C:\Users\Mahesh\Desktop\Projects\sih-2026\data\realvoice\Svarah\data\test-00001-of-00003.parquet,13,7,audio_filepath,Svarah
Svarah:test-00001-of-00003.parquet:rg13:r19,0,calibration,svarah:Sabarkantha|Gujarati|Male|18-30,,C:\Users\Mahesh\Desktop\Projects\sih-2026\data\realvoice\Svarah\data\test-00001-of-00003.parquet,13,19,audio_filepath,Svarah
Svarah:test-00001-of-00003.parquet:rg13:r27,0,calibration,svarah:Sundergarh|Odia|Male|60+,,C:\Users\Mahesh\Desktop\Projects\sih-2026\data\realvoice\Svarah\data\test-00001-of-00003.parquet,13,27,audio_filepath,Svarah
Svarah:test-00001-of-00003.parquet:rg13:r34,0,calibration,svarah:Fatehgarh Sahib|Punjabi|Female|45-60,,C:\Users\Mahesh\Desktop\Projects\sih-2026\data\realvoice\Svarah\data\test-00001-of-00003.parquet,13,34,audio_filepath,Svarah
Svarah:test-00001-of-00003.parquet:rg13:r54,0,calibration,svarah:South 24 Parganas|Bengali|Male|60+,,C:\Users\Mahesh\Desktop\Projects\sih-2026\data\realvoice\Svarah\data\test-00001-of-00003.parquet,13,54,audio_filepath,Svarah
Svarah:test-00001-of-00003.parquet:rg13:r59,0,calibration,svarah:Sabarkantha|Gujarati|Male|18-30,,C:\Users\Mahesh\Desktop\Projects\sih-2026\data\realvoice\Svarah\data\test-00001-of-00003.parquet,13,59,audio_filepath,Svarah
Svarah:test-00001-of-00003.parquet:rg13:r65,0,calibration,svarah:North Goa|Konkani|Male|60+,,C:\Users\Mahesh\Desktop\Projects\sih-2026\data\realvoice\Svarah\data\test-00001-of-00003.parquet,13,65,audio_filepath,Svarah
Svarah:test-00001-of-00003.parquet:rg13:r74,0,calibration,svarah:North Goa|Konkani|Male|60+,,C:\Users\Mahesh\Desktop\Projects\sih-2026\data\realvoice\Svarah\data\test-00001-of-00003.parquet,13,74,audio_filepath,Svarah
Svarah:test-00001-of-00003.parquet:rg13:r81,0,calibration,svarah:North Goa|Konkani|Male|30-45,,C:\Users\Mahesh\Desktop\Projects\sih-2026\data\realvoice\Svarah\data\test-00001-of-00003.parquet,13,81,audio_filepath,Svarah
Svarah:test-00001-of-00003.parquet:rg13:r92,0,calibration,svarah:North Goa|Konkani|Male|60+,,C:\Users\Mahesh\Desktop\Projects\sih-2026\data\realvoice\Svarah\data\test-00001-of-00003.parquet,13,92,audio_filepath,Svarah
Svarah:test-00001-of-00003.parquet:rg13:r95,0,calibration,svarah:Ratnagiri|Marathi|Female|18-30,,C:\Users\Mahesh\Desktop\Projects\sih-2026\data\realvoice\Svarah\data\test-00001-of-00003.parquet,13,95,audio_filepath,Svarah
Svarah:test-00001-of-00003.parquet:rg13:r98,0,calibration,svarah:Srinagar|Kashmiri|Male|45-60,,C:\Users\Mahesh\Desktop\Projects\sih-2026\data\realvoice\Svarah\data\test-00001-of-00003.parquet,13,98,audio_filepath,Svarah
Svarah:test-00001-of-00003.parquet:rg14:r21,0,calibration,svarah:Sundergarh|Odia|Male|60+,,C:\Users\Mahesh\Desktop\Projects\sih-2026\data\realvoice\Svarah\data\test-00001-of-00003.parquet,14,21,audio_filepath,Svarah
Svarah:test-00001-of-00003.parquet:rg14:r27,0,calibration,svarah:North Goa|Konkani|Male|60+,,C:\Users\Mahesh\Desktop\Projects\sih-2026\data\realvoice\Svarah\data\test-00001-of-00003.parquet,14,27,audio_filepath,Svarah
Svarah:test-00001-of-00003.parquet:rg14:r31,0,calibration,svarah:Kolkata|Bengali|Male|18-30,,C:\Users\Mahesh\Desktop\Projects\sih-2026\data\realvoice\Svarah\data\test-00001-of-00003.parquet,14,31,audio_filepath,Svarah
Svarah:test-00001-of-00003.parquet:rg14:r34,0,calibration,svarah:Srinagar|Kashmiri|Male|45-60,,C:\Users\Mahesh\Desktop\Projects\sih-2026\data\realvoice\Svarah\data\test-00001-of-00003.parquet,14,34,audio_filepath,Svarah
Svarah:test-00001-of-00003.parquet:rg14:r36,0,calibration,svarah:Ratnagiri|Marathi|Female|18-30,,C:\Users\Mahesh\Desktop\Projects\sih-2026\data\realvoice\Svarah\data\test-00001-of-00003.parquet,14,36,audio_filepath,Svarah
Svarah:test-00001-of-00003.parquet:rg14:r53,0,calibration,svarah:South 24 Parganas|Bengali|Male|60+,,C:\Users\Mahesh\Desktop\Projects\sih-2026\data\realvoice\Svarah\data\test-00001-of-00003.parquet,14,53,audio_filepath,Svarah
Svarah:test-00001-of-00003.parquet:rg14:r59,0,calibration,svarah:Ratnagiri|Marathi|Female|18-30,,C:\Users\Mahesh\Desktop\Projects\sih-2026\data\realvoice\Svarah\data\test-00001-of-00003.parquet,14,59,audio_filepath,Svarah
Svarah:test-00001-of-00003.parquet:rg14:r74,0,calibration,svarah:Virudhunagar|Tamil|Female|18-30,,C:\Users\Mahesh\Desktop\Projects\sih-2026\data\realvoice\Svarah\data\test-00001-of-00003.parquet,14,74,audio_filepath,Svarah
Svarah:test-00001-of-00003.parquet:rg14:r79,0,calibration,svarah:North Goa|Konkani|Male|60+,,C:\Users\Mahesh\Desktop\Projects\sih-2026\data\realvoice\Svarah\data\test-00001-of-00003.parquet,14,79,audio_filepath,Svarah
Svarah:test-00001-of-00003.parquet:rg14:r81,0,calibration,svarah:Sabarkantha|Gujarati|Male|18-30,,C:\Users\Mahesh\Desktop\Projects\sih-2026\data\realvoice\Svarah\data\test-00001-of-00003.parquet,14,81,audio_filepath,Svarah
Svarah:test-00001-of-00003.parquet:rg14:r95,0,calibration,svarah:Hyderabad|Telugu|Male|45-60,,C:\Users\Mahesh\Desktop\Projects\sih-2026\data\realvoice\Svarah\data\test-00001-of-00003.parquet,14,95,audio_filepath,Svarah
Svarah:test-00001-of-00003.parquet:rg14:r96,0,calibration,svarah:Ratnagiri|Marathi|Female|18-30,,C:\Users\Mahesh\Desktop\Projects\sih-2026\data\realvoice\Svarah\data\test-00001-of-00003.parquet,14,96,audio_filepath,Svarah
Svarah:test-00001-of-00003.parquet:rg15:r6,0,calibration,svarah:Hyderabad|Telugu|Male|45-60,,C:\Users\Mahesh\Desktop\Projects\sih-2026\data\realvoice\Svarah\data\test-00001-of-00003.parquet,15,6,audio_filepath,Svarah
Svarah:test-00001-of-00003.parquet:rg15:r9,0,calibration,svarah:North Goa|Konkani|Male|60+,,C:\Users\Mahesh\Desktop\Projects\sih-2026\data\realvoice\Svarah\data\test-00001-of-00003.parquet,15,9,audio_filepath,Svarah
Svarah:test-00001-of-00003.parquet:rg15:r28,0,calibration,svarah:Hyderabad|Telugu|Male|45-60,,C:\Users\Mahesh\Desktop\Projects\sih-2026\data\realvoice\Svarah\data\test-00001-of-00003.parquet,15,28,audio_filepath,Svarah
Svarah:test-00001-of-00003.parquet:rg15:r33,0,calibration,svarah:South 24 Parganas|Bengali|Male|60+,,C:\Users\Mahesh\Desktop\Projects\sih-2026\data\realvoice\Svarah\data\test-00001-of-00003.parquet,15,33,audio_filepath,Svarah
Svarah:test-00001-of-00003.parquet:rg15:r36,0,calibration,svarah:North Goa|Konkani|Male|60+,,C:\Users\Mahesh\Desktop\Projects\sih-2026\data\realvoice\Svarah\data\test-00001-of-00003.parquet,15,36,audio_filepath,Svarah
Svarah:test-00001-of-00003.parquet:rg15:r39,0,calibration,svarah:Fatehgarh Sahib|Punjabi|Female|45-60,,C:\Users\Mahesh\Desktop\Projects\sih-2026\data\realvoice\Svarah\data\test-00001-of-00003.parquet,15,39,audio_filepath,Svarah
Svarah:test-00001-of-00003.parquet:rg15:r66,0,calibration,svarah:Sabarkantha|Gujarati|Male|30-45,,C:\Users\Mahesh\Desktop\Projects\sih-2026\data\realvoice\Svarah\data\test-00001-of-00003.parquet,15,66,audio_filepath,Svarah
Svarah:test-00001-of-00003.parquet:rg15:r74,0,calibration,svarah:Virudhunagar|Tamil|Female|18-30,,C:\Users\Mahesh\Desktop\Projects\sih-2026\data\realvoice\Svarah\data\test-00001-of-00003.parquet,15,74,audio_filepath,Svarah
Svarah:test-00001-of-00003.parquet:rg15:r85,0,calibration,svarah:Hyderabad|Telugu|Male|45-60,,C:\Users\Mahesh\Desktop\Projects\sih-2026\data\realvoice\Svarah\data\test-00001-of-00003.parquet,15,85,audio_filepath,Svarah
Svarah:test-00001-of-00003.parquet:rg15:r97,0,calibration,svarah:Sitamarhi|Maithili|Male|30-45,,C:\Users\Mahesh\Desktop\Projects\sih-2026\data\realvoice\Svarah\data\test-00001-of-00003.parquet,15,97,audio_filepath,Svarah
Svarah:test-00001-of-00003.parquet:rg16:r9,0,calibration,svarah:Virudhunagar|Tamil|Female|18-30,,C:\Users\Mahesh\Desktop\Projects\sih-2026\data\realvoice\Svarah\data\test-00001-of-00003.parquet,16,9,audio_filepath,Svarah
Svarah:test-00001-of-00003.parquet:rg16:r13,0,calibration,svarah:Kolkata|Bengali|Male|18-30,,C:\Users\Mahesh\Desktop\Projects\sih-2026\data\realvoice\Svarah\data\test-00001-of-00003.parquet,16,13,audio_filepath,Svarah
Svarah:test-00001-of-00003.parquet:rg16:r16,0,calibration,svarah:Hyderabad|Telugu|Male|45-60,,C:\Users\Mahesh\Desktop\Projects\sih-2026\data\realvoice\Svarah\data\test-00001-of-00003.parquet,16,16,audio_filepath,Svarah
Svarah:test-00001-of-00003.parquet:rg16:r30,0,calibration,svarah:Sabarkantha|Gujarati|Male|18-30,,C:\Users\Mahesh\Desktop\Projects\sih-2026\data\realvoice\Svarah\data\test-00001-of-00003.parquet,16,30,audio_filepath,Svarah
Svarah:test-00001-of-00003.parquet:rg16:r31,0,calibration,svarah:Sabarkantha|Gujarati|Male|18-30,,C:\Users\Mahesh\Desktop\Projects\sih-2026\data\realvoice\Svarah\data\test-00001-of-00003.parquet,16,31,audio_filepath,Svarah
Svarah:test-00001-of-00003.parquet:rg16:r36,0,calibration,svarah:Virudhunagar|Tamil|Female|18-30,,C:\Users\Mahesh\Desktop\Projects\sih-2026\data\realvoice\Svarah\data\test-00001-of-00003.parquet,16,36,audio_filepath,Svarah
Svarah:test-00001-of-00003.parquet:rg16:r40,0,calibration,svarah:Ratnagiri|Marathi|Female|18-30,,C:\Users\Mahesh\Desktop\Projects\sih-2026\data\realvoice\Svarah\data\test-00001-of-00003.parquet,16,40,audio_filepath,Svarah
Svarah:test-00001-of-00003.parquet:rg16:r56,0,calibration,svarah:Ratnagiri|Marathi|Female|18-30,,C:\Users\Mahesh\Desktop\Projects\sih-2026\data\realvoice\Svarah\data\test-00001-of-00003.parquet,16,56,audio_filepath,Svarah
Svarah:test-00001-of-00003.parquet:rg16:r60,0,calibration,svarah:Hyderabad|Telugu|Male|45-60,,C:\Users\Mahesh\Desktop\Projects\sih-2026\data\realvoice\Svarah\data\test-00001-of-00003.parquet,16,60,audio_filepath,Svarah
Svarah:test-00001-of-00003.parquet:rg16:r70,0,calibration,svarah:Hyderabad|Telugu|Male|45-60,,C:\Users\Mahesh\Desktop\Projects\sih-2026\data\realvoice\Svarah\data\test-00001-of-00003.parquet,16,70,audio_filepath,Svarah
Svarah:test-00001-of-00003.parquet:rg16:r78,0,calibration,svarah:North Goa|Konkani|Male|60+,,C:\Users\Mahesh\Desktop\Projects\sih-2026\data\realvoice\Svarah\data\test-00001-of-00003.parquet,16,78,audio_filepath,Svarah
Svarah:test-00001-of-00003.parquet:rg16:r95,0,calibration,svarah:Sitamarhi|Maithili|Male|30-45,,C:\Users\Mahesh\Desktop\Projects\sih-2026\data\realvoice\Svarah\data\test-00001-of-00003.parquet,16,95,audio_filepath,Svarah
Svarah:test-00001-of-00003.parquet:rg16:r97,0,calibration,svarah:Sabarkantha|Gujarati|Male|18-30,,C:\Users\Mahesh\Desktop\Projects\sih-2026\data\realvoice\Svarah\data\test-00001-of-00003.parquet,16,97,audio_filepath,Svarah
Svarah:test-00001-of-00003.parquet:rg17:r18,0,calibration,svarah:Kolkata|Bengali|Male|18-30,,C:\Users\Mahesh\Desktop\Projects\sih-2026\data\realvoice\Svarah\data\test-00001-of-00003.parquet,17,18,audio_filepath,Svarah
Svarah:test-00001-of-00003.parquet:rg17:r26,0,calibration,svarah:Sabarkantha|Gujarati|Male|18-30,,C:\Users\Mahesh\Desktop\Projects\sih-2026\data\realvoice\Svarah\data\test-00001-of-00003.parquet,17,26,audio_filepath,Svarah
Svarah:test-00001-of-00003.parquet:rg17:r35,0,calibration,svarah:Virudhunagar|Tamil|Female|18-30,,C:\Users\Mahesh\Desktop\Projects\sih-2026\data\realvoice\Svarah\data\test-00001-of-00003.parquet,17,35,audio_filepath,Svarah
Svarah:test-00001-of-00003.parquet:rg17:r41,0,calibration,svarah:Fatehgarh Sahib|Punjabi|Female|45-60,,C:\Users\Mahesh\Desktop\Projects\sih-2026\data\realvoice\Svarah\data\test-00001-of-00003.parquet,17,41,audio_filepath,Svarah
Svarah:test-00001-of-00003.parquet:rg17:r44,0,calibration,svarah:Sabarkantha|Gujarati|Male|30-45,,C:\Users\Mahesh\Desktop\Projects\sih-2026\data\realvoice\Svarah\data\test-00001-of-00003.parquet,17,44,audio_filepath,Svarah
Svarah:test-00001-of-00003.parquet:rg17:r53,0,calibration,svarah:Pune|Marathi|Female|30-45,,C:\Users\Mahesh\Desktop\Projects\sih-2026\data\realvoice\Svarah\data\test-00001-of-00003.parquet,17,53,audio_filepath,Svarah
Svarah:test-00001-of-00003.parquet:rg17:r57,0,calibration,svarah:Sabarkantha|Gujarati|Male|18-30,,C:\Users\Mahesh\Desktop\Projects\sih-2026\data\realvoice\Svarah\data\test-00001-of-00003.parquet,17,57,audio_filepath,Svarah
Svarah:test-00001-of-00003.parquet:rg17:r72,0,calibration,svarah:Sundergarh|Odia|Male|60+,,C:\Users\Mahesh\Desktop\Projects\sih-2026\data\realvoice\Svarah\data\test-00001-of-00003.parquet,17,72,audio_filepath,Svarah
Svarah:test-00001-of-00003.parquet:rg18:r0,0,calibration,svarah:Kolkata|Bengali|Male|18-30,,C:\Users\Mahesh\Desktop\Projects\sih-2026\data\realvoice\Svarah\data\test-00001-of-00003.parquet,18,0,audio_filepath,Svarah
Svarah:test-00001-of-00003.parquet:rg18:r10,0,calibration,svarah:Virudhunagar|Tamil|Female|18-30,,C:\Users\Mahesh\Desktop\Projects\sih-2026\data\realvoice\Svarah\data\test-00001-of-00003.parquet,18,10,audio_filepath,Svarah
Svarah:test-00001-of-00003.parquet:rg18:r21,0,calibration,svarah:South 24 Parganas|Bengali|Male|60+,,C:\Users\Mahesh\Desktop\Projects\sih-2026\data\realvoice\Svarah\data\test-00001-of-00003.parquet,18,21,audio_filepath,Svarah
Svarah:test-00001-of-00003.parquet:rg18:r31,0,calibration,svarah:Virudhunagar|Tamil|Female|18-30,,C:\Users\Mahesh\Desktop\Projects\sih-2026\data\realvoice\Svarah\data\test-00001-of-00003.parquet,18,31,audio_filepath,Svarah
Svarah:test-00001-of-00003.parquet:rg18:r34,0,calibration,svarah:North Goa|Konkani|Male|30-45,,C:\Users\Mahesh\Desktop\Projects\sih-2026\data\realvoice\Svarah\data\test-00001-of-00003.parquet,18,34,audio_filepath,Svarah
Svarah:test-00001-of-00003.parquet:rg18:r50,0,calibration,svarah:Virudhunagar|Tamil|Female|18-30,,C:\Users\Mahesh\Desktop\Projects\sih-2026\data\realvoice\Svarah\data\test-00001-of-00003.parquet,18,50,audio_filepath,Svarah
Svarah:test-00001-of-00003.parquet:rg18:r53,0,calibration,svarah:Sitamarhi|Maithili|Male|30-45,,C:\Users\Mahesh\Desktop\Projects\sih-2026\data\realvoice\Svarah\data\test-00001-of-00003.parquet,18,53,audio_filepath,Svarah
Svarah:test-00001-of-00003.parquet:rg18:r67,0,calibration,svarah:Sitamarhi|Maithili|Male|30-45,,C:\Users\Mahesh\Desktop\Projects\sih-2026\data\realvoice\Svarah\data\test-00001-of-00003.parquet,18,67,audio_filepath,Svarah
Svarah:test-00001-of-00003.parquet:rg18:r73,0,calibration,svarah:Hyderabad|Telugu|Male|45-60,,C:\Users\Mahesh\Desktop\Projects\sih-2026\data\realvoice\Svarah\data\test-00001-of-00003.parquet,18,73,audio_filepath,Svarah
Svarah:test-00001-of-00003.parquet:rg19:r11,0,calibration,svarah:Sabarkantha|Gujarati|Male|30-45,,C:\Users\Mahesh\Desktop\Projects\sih-2026\data\realvoice\Svarah\data\test-00001-of-00003.parquet,19,11,audio_filepath,Svarah
Svarah:test-00001-of-00003.parquet:rg19:r12,0,calibration,svarah:Sabarkantha|Gujarati|Male|30-45,,C:\Users\Mahesh\Desktop\Projects\sih-2026\data\realvoice\Svarah\data\test-00001-of-00003.parquet,19,12,audio_filepath,Svarah
Svarah:test-00001-of-00003.parquet:rg19:r22,0,calibration,svarah:North Goa|Konkani|Male|60+,,C:\Users\Mahesh\Desktop\Projects\sih-2026\data\realvoice\Svarah\data\test-00001-of-00003.parquet,19,22,audio_filepath,Svarah
Svarah:test-00001-of-00003.parquet:rg19:r23,0,calibration,svarah:Srinagar|Kashmiri|Male|45-60,,C:\Users\Mahesh\Desktop\Projects\sih-2026\data\realvoice\Svarah\data\test-00001-of-00003.parquet,19,23,audio_filepath,Svarah
Svarah:test-00001-of-00003.parquet:rg19:r27,0,calibration,svarah:Ratnagiri|Marathi|Female|18-30,,C:\Users\Mahesh\Desktop\Projects\sih-2026\data\realvoice\Svarah\data\test-00001-of-00003.parquet,19,27,audio_filepath,Svarah
Svarah:test-00001-of-00003.parquet:rg19:r36,0,calibration,svarah:Ratnagiri|Marathi|Female|18-30,,C:\Users\Mahesh\Desktop\Projects\sih-2026\data\realvoice\Svarah\data\test-00001-of-00003.parquet,19,36,audio_filepath,Svarah
Svarah:test-00001-of-00003.parquet:rg19:r37,0,calibration,svarah:Sundergarh|Odia|Male|60+,,C:\Users\Mahesh\Desktop\Projects\sih-2026\data\realvoice\Svarah\data\test-00001-of-00003.parquet,19,37,audio_filepath,Svarah
Svarah:test-00001-of-00003.parquet:rg19:r39,0,calibration,svarah:Sitamarhi|Maithili|Male|30-45,,C:\Users\Mahesh\Desktop\Projects\sih-2026\data\realvoice\Svarah\data\test-00001-of-00003.parquet,19,39,audio_filepath,Svarah
Svarah:test-00001-of-00003.parquet:rg19:r65,0,calibration,svarah:Fatehgarh Sahib|Punjabi|Female|45-60,,C:\Users\Mahesh\Desktop\Projects\sih-2026\data\realvoice\Svarah\data\test-00001-of-00003.parquet,19,65,audio_filepath,Svarah
Svarah:test-00001-of-00003.parquet:rg19:r69,0,calibration,svarah:Fatehgarh Sahib|Punjabi|Female|45-60,,C:\Users\Mahesh\Desktop\Projects\sih-2026\data\realvoice\Svarah\data\test-00001-of-00003.parquet,19,69,audio_filepath,Svarah
Svarah:test-00001-of-00003.parquet:rg19:r84,0,calibration,svarah:North Goa|Konkani|Male|30-45,,C:\Users\Mahesh\Desktop\Projects\sih-2026\data\realvoice\Svarah\data\test-00001-of-00003.parquet,19,84,audio_filepath,Svarah
Svarah:test-00001-of-00003.parquet:rg19:r88,0,calibration,svarah:Hyderabad|Telugu|Male|45-60,,C:\Users\Mahesh\Desktop\Projects\sih-2026\data\realvoice\Svarah\data\test-00001-of-00003.parquet,19,88,audio_filepath,Svarah
Svarah:test-00001-of-00003.parquet:rg19:r93,0,calibration,svarah:Sitamarhi|Maithili|Male|30-45,,C:\Users\Mahesh\Desktop\Projects\sih-2026\data\realvoice\Svarah\data\test-00001-of-00003.parquet,19,93,audio_filepath,Svarah
Svarah:test-00001-of-00003.parquet:rg19:r96,0,calibration,svarah:Sabarkantha|Gujarati|Male|30-45,,C:\Users\Mahesh\Desktop\Projects\sih-2026\data\realvoice\Svarah\data\test-00001-of-00003.parquet,19,96,audio_filepath,Svarah
Svarah:test-00001-of-00003.parquet:rg20:r5,0,calibration,svarah:North Goa|Konkani|Male|60+,,C:\Users\Mahesh\Desktop\Projects\sih-2026\data\realvoice\Svarah\data\test-00001-of-00003.parquet,20,5,audio_filepath,Svarah
Svarah:test-00001-of-00003.parquet:rg20:r9,0,calibration,svarah:Srinagar|Kashmiri|Male|45-60,,C:\Users\Mahesh\Desktop\Projects\sih-2026\data\realvoice\Svarah\data\test-00001-of-00003.parquet,20,9,audio_filepath,Svarah
Svarah:test-00001-of-00003.parquet:rg20:r11,0,calibration,svarah:Kolkata|Bengali|Male|18-30,,C:\Users\Mahesh\Desktop\Projects\sih-2026\data\realvoice\Svarah\data\test-00001-of-00003.parquet,20,11,audio_filepath,Svarah
Svarah:test-00001-of-00003.parquet:rg20:r18,0,calibration,svarah:Kolkata|Bengali|Male|18-30,,C:\Users\Mahesh\Desktop\Projects\sih-2026\data\realvoice\Svarah\data\test-00001-of-00003.parquet,20,18,audio_filepath,Svarah
Svarah:test-00001-of-00003.parquet:rg20:r36,0,calibration,svarah:North Goa|Konkani|Male|30-45,,C:\Users\Mahesh\Desktop\Projects\sih-2026\data\realvoice\Svarah\data\test-00001-of-00003.parquet,20,36,audio_filepath,Svarah
Svarah:test-00001-of-00003.parquet:rg20:r43,0,calibration,svarah:Kolkata|Bengali|Male|18-30,,C:\Users\Mahesh\Desktop\Projects\sih-2026\data\realvoice\Svarah\data\test-00001-of-00003.parquet,20,43,audio_filepath,Svarah
Svarah:test-00001-of-00003.parquet:rg20:r46,0,calibration,svarah:North Goa|Konkani|Male|30-45,,C:\Users\Mahesh\Desktop\Projects\sih-2026\data\realvoice\Svarah\data\test-00001-of-00003.parquet,20,46,audio_filepath,Svarah
Svarah:test-00001-of-00003.parquet:rg20:r68,0,calibration,svarah:Sabarkantha|Gujarati|Male|30-45,,C:\Users\Mahesh\Desktop\Projects\sih-2026\data\realvoice\Svarah\data\test-00001-of-00003.parquet,20,68,audio_filepath,Svarah
Svarah:test-00001-of-00003.parquet:rg20:r75,0,calibration,svarah:Sabarkantha|Gujarati|Male|18-30,,C:\Users\Mahesh\Desktop\Projects\sih-2026\data\realvoice\Svarah\data\test-00001-of-00003.parquet,20,75,audio_filepath,Svarah
Svarah:test-00001-of-00003.parquet:rg20:r89,0,calibration,svarah:Sabarkantha|Gujarati|Male|30-45,,C:\Users\Mahesh\Desktop\Projects\sih-2026\data\realvoice\Svarah\data\test-00001-of-00003.parquet,20,89,audio_filepath,Svarah
Svarah:test-00001-of-00003.parquet:rg20:r91,0,calibration,svarah:Virudhunagar|Tamil|Female|18-30,,C:\Users\Mahesh\Desktop\Projects\sih-2026\data\realvoice\Svarah\data\test-00001-of-00003.parquet,20,91,audio_filepath,Svarah
Svarah:test-00001-of-00003.parquet:rg21:r14,0,calibration,svarah:Ratnagiri|Marathi|Female|18-30,,C:\Users\Mahesh\Desktop\Projects\sih-2026\data\realvoice\Svarah\data\test-00001-of-00003.parquet,21,14,audio_filepath,Svarah
Svarah:test-00001-of-00003.parquet:rg21:r19,0,calibration,svarah:Sabarkantha|Gujarati|Male|30-45,,C:\Users\Mahesh\Desktop\Projects\sih-2026\data\realvoice\Svarah\data\test-00001-of-00003.parquet,21,19,audio_filepath,Svarah
Svarah:test-00001-of-00003.parquet:rg21:r25,0,calibration,svarah:Sabarkantha|Gujarati|Male|30-45,,C:\Users\Mahesh\Desktop\Projects\sih-2026\data\realvoice\Svarah\data\test-00001-of-00003.parquet,21,25,audio_filepath,Svarah
Svarah:test-00001-of-00003.parquet:rg21:r26,0,calibration,svarah:Sabarkantha|Gujarati|Male|18-30,,C:\Users\Mahesh\Desktop\Projects\sih-2026\data\realvoice\Svarah\data\test-00001-of-00003.parquet,21,26,audio_filepath,Svarah
Svarah:test-00001-of-00003.parquet:rg21:r36,0,calibration,svarah:Pune|Marathi|Female|30-45,,C:\Users\Mahesh\Desktop\Projects\sih-2026\data\realvoice\Svarah\data\test-00001-of-00003.parquet,21,36,audio_filepath,Svarah
Svarah:test-00001-of-00003.parquet:rg21:r56,0,calibration,svarah:Fatehgarh Sahib|Punjabi|Female|45-60,,C:\Users\Mahesh\Desktop\Projects\sih-2026\data\realvoice\Svarah\data\test-00001-of-00003.parquet,21,56,audio_filepath,Svarah
Svarah:test-00001-of-00003.parquet:rg21:r67,0,calibration,svarah:Ratnagiri|Marathi|Female|18-30,,C:\Users\Mahesh\Desktop\Projects\sih-2026\data\realvoice\Svarah\data\test-00001-of-00003.parquet,21,67,audio_filepath,Svarah
Svarah:test-00001-of-00003.parquet:rg21:r81,0,calibration,svarah:North Goa|Konkani|Male|30-45,,C:\Users\Mahesh\Desktop\Projects\sih-2026\data\realvoice\Svarah\data\test-00001-of-00003.parquet,21,81,audio_filepath,Svarah
Svarah:test-00002-of-00003.parquet:rg0:r3,0,calibration,svarah:Hyderabad|Telugu|Male|45-60,,C:\Users\Mahesh\Desktop\Projects\sih-2026\data\realvoice\Svarah\data\test-00002-of-00003.parquet,0,3,audio_filepath,Svarah
Svarah:test-00002-of-00003.parquet:rg0:r13,0,calibration,svarah:Kolkata|Bengali|Male|18-30,,C:\Users\Mahesh\Desktop\Projects\sih-2026\data\realvoice\Svarah\data\test-00002-of-00003.parquet,0,13,audio_filepath,Svarah
Svarah:test-00002-of-00003.parquet:rg0:r47,0,calibration,svarah:Virudhunagar|Tamil|Female|18-30,,C:\Users\Mahesh\Desktop\Projects\sih-2026\data\realvoice\Svarah\data\test-00002-of-00003.parquet,0,47,audio_filepath,Svarah
Svarah:test-00002-of-00003.parquet:rg0:r58,0,calibration,svarah:Sabarkantha|Gujarati|Male|18-30,,C:\Users\Mahesh\Desktop\Projects\sih-2026\data\realvoice\Svarah\data\test-00002-of-00003.parquet,0,58,audio_filepath,Svarah
Svarah:test-00002-of-00003.parquet:rg0:r66,0,calibration,svarah:Pune|Marathi|Female|30-45,,C:\Users\Mahesh\Desktop\Projects\sih-2026\data\realvoice\Svarah\data\test-00002-of-00003.parquet,0,66,audio_filepath,Svarah
Svarah:test-00002-of-00003.parquet:rg1:r1,0,calibration,svarah:Sabarkantha|Gujarati|Male|18-30,,C:\Users\Mahesh\Desktop\Projects\sih-2026\data\realvoice\Svarah\data\test-00002-of-00003.parquet,1,1,audio_filepath,Svarah
Svarah:test-00002-of-00003.parquet:rg1:r7,0,calibration,svarah:Srinagar|Kashmiri|Male|45-60,,C:\Users\Mahesh\Desktop\Projects\sih-2026\data\realvoice\Svarah\data\test-00002-of-00003.parquet,1,7,audio_filepath,Svarah
Svarah:test-00002-of-00003.parquet:rg1:r14,0,calibration,svarah:Virudhunagar|Tamil|Female|18-30,,C:\Users\Mahesh\Desktop\Projects\sih-2026\data\realvoice\Svarah\data\test-00002-of-00003.parquet,1,14,audio_filepath,Svarah
Svarah:test-00002-of-00003.parquet:rg1:r16,0,calibration,svarah:Virudhunagar|Tamil|Female|18-30,,C:\Users\Mahesh\Desktop\Projects\sih-2026\data\realvoice\Svarah\data\test-00002-of-00003.parquet,1,16,audio_filepath,Svarah
Svarah:test-00002-of-00003.parquet:rg1:r75,0,calibration,svarah:North Goa|Konkani|Male|60+,,C:\Users\Mahesh\Desktop\Projects\sih-2026\data\realvoice\Svarah\data\test-00002-of-00003.parquet,1,75,audio_filepath,Svarah
Svarah:test-00002-of-00003.parquet:rg1:r83,0,calibration,svarah:South 24 Parganas|Bengali|Male|60+,,C:\Users\Mahesh\Desktop\Projects\sih-2026\data\realvoice\Svarah\data\test-00002-of-00003.parquet,1,83,audio_filepath,Svarah
Svarah:test-00002-of-00003.parquet:rg1:r93,0,calibration,svarah:Sitamarhi|Maithili|Male|30-45,,C:\Users\Mahesh\Desktop\Projects\sih-2026\data\realvoice\Svarah\data\test-00002-of-00003.parquet,1,93,audio_filepath,Svarah
Svarah:test-00002-of-00003.parquet:rg2:r1,0,calibration,svarah:Sabarkantha|Gujarati|Male|30-45,,C:\Users\Mahesh\Desktop\Projects\sih-2026\data\realvoice\Svarah\data\test-00002-of-00003.parquet,2,1,audio_filepath,Svarah
Svarah:test-00002-of-00003.parquet:rg2:r15,0,calibration,svarah:Sundergarh|Odia|Male|60+,,C:\Users\Mahesh\Desktop\Projects\sih-2026\data\realvoice\Svarah\data\test-00002-of-00003.parquet,2,15,audio_filepath,Svarah
Svarah:test-00002-of-00003.parquet:rg2:r22,0,calibration,svarah:Srinagar|Kashmiri|Male|45-60,,C:\Users\Mahesh\Desktop\Projects\sih-2026\data\realvoice\Svarah\data\test-00002-of-00003.parquet,2,22,audio_filepath,Svarah
Svarah:test-00002-of-00003.parquet:rg2:r50,0,calibration,svarah:Srinagar|Kashmiri|Male|45-60,,C:\Users\Mahesh\Desktop\Projects\sih-2026\data\realvoice\Svarah\data\test-00002-of-00003.parquet,2,50,audio_filepath,Svarah
Svarah:test-00002-of-00003.parquet:rg2:r69,0,calibration,svarah:Srinagar|Kashmiri|Male|45-60,,C:\Users\Mahesh\Desktop\Projects\sih-2026\data\realvoice\Svarah\data\test-00002-of-00003.parquet,2,69,audio_filepath,Svarah
Svarah:test-00002-of-00003.parquet:rg2:r70,0,calibration,svarah:North Goa|Konkani|Male|60+,,C:\Users\Mahesh\Desktop\Projects\sih-2026\data\realvoice\Svarah\data\test-00002-of-00003.parquet,2,70,audio_filepath,Svarah
Svarah:test-00002-of-00003.parquet:rg2:r78,0,calibration,svarah:North Goa|Konkani|Male|60+,,C:\Users\Mahesh\Desktop\Projects\sih-2026\data\realvoice\Svarah\data\test-00002-of-00003.parquet,2,78,audio_filepath,Svarah
Svarah:test-00002-of-00003.parquet:rg3:r14,0,calibration,svarah:Sabarkantha|Gujarati|Male|18-30,,C:\Users\Mahesh\Desktop\Projects\sih-2026\data\realvoice\Svarah\data\test-00002-of-00003.parquet,3,14,audio_filepath,Svarah
Svarah:test-00002-of-00003.parquet:rg3:r18,0,calibration,svarah:Ratnagiri|Marathi|Female|18-30,,C:\Users\Mahesh\Desktop\Projects\sih-2026\data\realvoice\Svarah\data\test-00002-of-00003.parquet,3,18,audio_filepath,Svarah
Svarah:test-00002-of-00003.parquet:rg3:r25,0,calibration,svarah:Virudhunagar|Tamil|Female|18-30,,C:\Users\Mahesh\Desktop\Projects\sih-2026\data\realvoice\Svarah\data\test-00002-of-00003.parquet,3,25,audio_filepath,Svarah
Svarah:test-00002-of-00003.parquet:rg3:r32,0,calibration,svarah:Srinagar|Kashmiri|Male|45-60,,C:\Users\Mahesh\Desktop\Projects\sih-2026\data\realvoice\Svarah\data\test-00002-of-00003.parquet,3,32,audio_filepath,Svarah
Svarah:test-00002-of-00003.parquet:rg3:r46,0,calibration,svarah:Hyderabad|Telugu|Male|45-60,,C:\Users\Mahesh\Desktop\Projects\sih-2026\data\realvoice\Svarah\data\test-00002-of-00003.parquet,3,46,audio_filepath,Svarah
Svarah:test-00002-of-00003.parquet:rg3:r70,0,calibration,svarah:Sabarkantha|Gujarati|Male|18-30,,C:\Users\Mahesh\Desktop\Projects\sih-2026\data\realvoice\Svarah\data\test-00002-of-00003.parquet,3,70,audio_filepath,Svarah
Svarah:test-00002-of-00003.parquet:rg3:r77,0,calibration,svarah:North Goa|Konkani|Male|60+,,C:\Users\Mahesh\Desktop\Projects\sih-2026\data\realvoice\Svarah\data\test-00002-of-00003.parquet,3,77,audio_filepath,Svarah
Svarah:test-00002-of-00003.parquet:rg3:r96,0,calibration,svarah:Sabarkantha|Gujarati|Male|30-45,,C:\Users\Mahesh\Desktop\Projects\sih-2026\data\realvoice\Svarah\data\test-00002-of-00003.parquet,3,96,audio_filepath,Svarah
Svarah:test-00002-of-00003.parquet:rg3:r99,0,calibration,svarah:Hyderabad|Telugu|Male|45-60,,C:\Users\Mahesh\Desktop\Projects\sih-2026\data\realvoice\Svarah\data\test-00002-of-00003.parquet,3,99,audio_filepath,Svarah
Svarah:test-00002-of-00003.parquet:rg4:r1,0,calibration,svarah:Fatehgarh Sahib|Punjabi|Female|45-60,,C:\Users\Mahesh\Desktop\Projects\sih-2026\data\realvoice\Svarah\data\test-00002-of-00003.parquet,4,1,audio_filepath,Svarah
Svarah:test-00002-of-00003.parquet:rg4:r13,0,calibration,svarah:Virudhunagar|Tamil|Female|18-30,,C:\Users\Mahesh\Desktop\Projects\sih-2026\data\realvoice\Svarah\data\test-00002-of-00003.parquet,4,13,audio_filepath,Svarah
Svarah:test-00002-of-00003.parquet:rg4:r14,0,calibration,svarah:North Goa|Konkani|Male|60+,,C:\Users\Mahesh\Desktop\Projects\sih-2026\data\realvoice\Svarah\data\test-00002-of-00003.parquet,4,14,audio_filepath,Svarah
Svarah:test-00002-of-00003.parquet:rg4:r31,0,calibration,svarah:North Goa|Konkani|Male|60+,,C:\Users\Mahesh\Desktop\Projects\sih-2026\data\realvoice\Svarah\data\test-00002-of-00003.parquet,4,31,audio_filepath,Svarah
Svarah:test-00002-of-00003.parquet:rg4:r34,0,calibration,svarah:South 24 Parganas|Bengali|Male|60+,,C:\Users\Mahesh\Desktop\Projects\sih-2026\data\realvoice\Svarah\data\test-00002-of-00003.parquet,4,34,audio_filepath,Svarah
Svarah:test-00002-of-00003.parquet:rg4:r54,0,calibration,svarah:Ratnagiri|Marathi|Female|18-30,,C:\Users\Mahesh\Desktop\Projects\sih-2026\data\realvoice\Svarah\data\test-00002-of-00003.parquet,4,54,audio_filepath,Svarah
Svarah:test-00002-of-00003.parquet:rg4:r55,0,calibration,svarah:Srinagar|Kashmiri|Male|45-60,,C:\Users\Mahesh\Desktop\Projects\sih-2026\data\realvoice\Svarah\data\test-00002-of-00003.parquet,4,55,audio_filepath,Svarah
Svarah:test-00002-of-00003.parquet:rg4:r64,0,calibration,svarah:Kolkata|Bengali|Male|18-30,,C:\Users\Mahesh\Desktop\Projects\sih-2026\data\realvoice\Svarah\data\test-00002-of-00003.parquet,4,64,audio_filepath,Svarah
Svarah:test-00002-of-00003.parquet:rg4:r74,0,calibration,svarah:North Goa|Konkani|Male|60+,,C:\Users\Mahesh\Desktop\Projects\sih-2026\data\realvoice\Svarah\data\test-00002-of-00003.parquet,4,74,audio_filepath,Svarah
Svarah:test-00002-of-00003.parquet:rg4:r78,0,calibration,svarah:Sabarkantha|Gujarati|Male|30-45,,C:\Users\Mahesh\Desktop\Projects\sih-2026\data\realvoice\Svarah\data\test-00002-of-00003.parquet,4,78,audio_filepath,Svarah
Svarah:test-00002-of-00003.parquet:rg4:r91,0,calibration,svarah:Sabarkantha|Gujarati|Male|30-45,,C:\Users\Mahesh\Desktop\Projects\sih-2026\data\realvoice\Svarah\data\test-00002-of-00003.parquet,4,91,audio_filepath,Svarah
Svarah:test-00002-of-00003.parquet:rg5:r20,0,calibration,svarah:Virudhunagar|Tamil|Female|18-30,,C:\Users\Mahesh\Desktop\Projects\sih-2026\data\realvoice\Svarah\data\test-00002-of-00003.parquet,5,20,audio_filepath,Svarah
Svarah:test-00002-of-00003.parquet:rg5:r31,0,calibration,svarah:Kolkata|Bengali|Male|18-30,,C:\Users\Mahesh\Desktop\Projects\sih-2026\data\realvoice\Svarah\data\test-00002-of-00003.parquet,5,31,audio_filepath,Svarah
Svarah:test-00002-of-00003.parquet:rg5:r38,0,calibration,svarah:Hyderabad|Telugu|Male|45-60,,C:\Users\Mahesh\Desktop\Projects\sih-2026\data\realvoice\Svarah\data\test-00002-of-00003.parquet,5,38,audio_filepath,Svarah
Svarah:test-00002-of-00003.parquet:rg5:r47,0,calibration,svarah:South 24 Parganas|Bengali|Male|60+,,C:\Users\Mahesh\Desktop\Projects\sih-2026\data\realvoice\Svarah\data\test-00002-of-00003.parquet,5,47,audio_filepath,Svarah
Svarah:test-00002-of-00003.parquet:rg5:r48,0,calibration,svarah:North Goa|Konkani|Male|30-45,,C:\Users\Mahesh\Desktop\Projects\sih-2026\data\realvoice\Svarah\data\test-00002-of-00003.parquet,5,48,audio_filepath,Svarah
Svarah:test-00002-of-00003.parquet:rg5:r64,0,calibration,svarah:Ratnagiri|Marathi|Female|18-30,,C:\Users\Mahesh\Desktop\Projects\sih-2026\data\realvoice\Svarah\data\test-00002-of-00003.parquet,5,64,audio_filepath,Svarah
Svarah:test-00002-of-00003.parquet:rg5:r68,0,calibration,svarah:North Goa|Konkani|Male|30-45,,C:\Users\Mahesh\Desktop\Projects\sih-2026\data\realvoice\Svarah\data\test-00002-of-00003.parquet,5,68,audio_filepath,Svarah
Svarah:test-00002-of-00003.parquet:rg5:r69,0,calibration,svarah:Kolkata|Bengali|Male|18-30,,C:\Users\Mahesh\Desktop\Projects\sih-2026\data\realvoice\Svarah\data\test-00002-of-00003.parquet,5,69,audio_filepath,Svarah
Svarah:test-00002-of-00003.parquet:rg5:r72,0,calibration,svarah:Srinagar|Kashmiri|Male|45-60,,C:\Users\Mahesh\Desktop\Projects\sih-2026\data\realvoice\Svarah\data\test-00002-of-00003.parquet,5,72,audio_filepath,Svarah
Svarah:test-00002-of-00003.parquet:rg5:r77,0,calibration,svarah:Hyderabad|Telugu|Male|45-60,,C:\Users\Mahesh\Desktop\Projects\sih-2026\data\realvoice\Svarah\data\test-00002-of-00003.parquet,5,77,audio_filepath,Svarah
Svarah:test-00002-of-00003.parquet:rg5:r78,0,calibration,svarah:Sabarkantha|Gujarati|Male|30-45,,C:\Users\Mahesh\Desktop\Projects\sih-2026\data\realvoice\Svarah\data\test-00002-of-00003.parquet,5,78,audio_filepath,Svarah
Svarah:test-00002-of-00003.parquet:rg5:r97,0,calibration,svarah:Ratnagiri|Marathi|Female|18-30,,C:\Users\Mahesh\Desktop\Projects\sih-2026\data\realvoice\Svarah\data\test-00002-of-00003.parquet,5,97,audio_filepath,Svarah
Svarah:test-00002-of-00003.parquet:rg6:r20,0,calibration,svarah:Sundergarh|Odia|Male|60+,,C:\Users\Mahesh\Desktop\Projects\sih-2026\data\realvoice\Svarah\data\test-00002-of-00003.parquet,6,20,audio_filepath,Svarah
Svarah:test-00002-of-00003.parquet:rg6:r22,0,calibration,svarah:Srinagar|Kashmiri|Male|45-60,,C:\Users\Mahesh\Desktop\Projects\sih-2026\data\realvoice\Svarah\data\test-00002-of-00003.parquet,6,22,audio_filepath,Svarah
Svarah:test-00002-of-00003.parquet:rg6:r27,0,calibration,svarah:Sabarkantha|Gujarati|Male|30-45,,C:\Users\Mahesh\Desktop\Projects\sih-2026\data\realvoice\Svarah\data\test-00002-of-00003.parquet,6,27,audio_filepath,Svarah
Svarah:test-00002-of-00003.parquet:rg6:r29,0,calibration,svarah:Sabarkantha|Gujarati|Male|30-45,,C:\Users\Mahesh\Desktop\Projects\sih-2026\data\realvoice\Svarah\data\test-00002-of-00003.parquet,6,29,audio_filepath,Svarah
Svarah:test-00002-of-00003.parquet:rg6:r46,0,calibration,svarah:North Goa|Konkani|Male|60+,,C:\Users\Mahesh\Desktop\Projects\sih-2026\data\realvoice\Svarah\data\test-00002-of-00003.parquet,6,46,audio_filepath,Svarah
Svarah:test-00002-of-00003.parquet:rg6:r54,0,calibration,svarah:Srinagar|Kashmiri|Male|45-60,,C:\Users\Mahesh\Desktop\Projects\sih-2026\data\realvoice\Svarah\data\test-00002-of-00003.parquet,6,54,audio_filepath,Svarah
Svarah:test-00002-of-00003.parquet:rg6:r80,0,calibration,svarah:Ratnagiri|Marathi|Female|18-30,,C:\Users\Mahesh\Desktop\Projects\sih-2026\data\realvoice\Svarah\data\test-00002-of-00003.parquet,6,80,audio_filepath,Svarah
Svarah:test-00002-of-00003.parquet:rg6:r88,0,calibration,svarah:Ratnagiri|Marathi|Female|18-30,,C:\Users\Mahesh\Desktop\Projects\sih-2026\data\realvoice\Svarah\data\test-00002-of-00003.parquet,6,88,audio_filepath,Svarah
Svarah:test-00002-of-00003.parquet:rg7:r3,0,calibration,svarah:Sabarkantha|Gujarati|Male|18-30,,C:\Users\Mahesh\Desktop\Projects\sih-2026\data\realvoice\Svarah\data\test-00002-of-00003.parquet,7,3,audio_filepath,Svarah
Svarah:test-00002-of-00003.parquet:rg7:r43,0,calibration,svarah:Virudhunagar|Tamil|Female|18-30,,C:\Users\Mahesh\Desktop\Projects\sih-2026\data\realvoice\Svarah\data\test-00002-of-00003.parquet,7,43,audio_filepath,Svarah
Svarah:test-00002-of-00003.parquet:rg7:r46,0,calibration,svarah:Sabarkantha|Gujarati|Male|30-45,,C:\Users\Mahesh\Desktop\Projects\sih-2026\data\realvoice\Svarah\data\test-00002-of-00003.parquet,7,46,audio_filepath,Svarah
Svarah:test-00002-of-00003.parquet:rg7:r70,0,calibration,svarah:Pune|Marathi|Female|30-45,,C:\Users\Mahesh\Desktop\Projects\sih-2026\data\realvoice\Svarah\data\test-00002-of-00003.parquet,7,70,audio_filepath,Svarah
Svarah:test-00002-of-00003.parquet:rg7:r79,0,calibration,svarah:Pune|Marathi|Female|30-45,,C:\Users\Mahesh\Desktop\Projects\sih-2026\data\realvoice\Svarah\data\test-00002-of-00003.parquet,7,79,audio_filepath,Svarah
Svarah:test-00002-of-00003.parquet:rg7:r86,0,calibration,svarah:South 24 Parganas|Bengali|Male|60+,,C:\Users\Mahesh\Desktop\Projects\sih-2026\data\realvoice\Svarah\data\test-00002-of-00003.parquet,7,86,audio_filepath,Svarah
Svarah:test-00002-of-00003.parquet:rg7:r88,0,calibration,svarah:Hyderabad|Telugu|Male|45-60,,C:\Users\Mahesh\Desktop\Projects\sih-2026\data\realvoice\Svarah\data\test-00002-of-00003.parquet,7,88,audio_filepath,Svarah
Svarah:test-00002-of-00003.parquet:rg7:r93,0,calibration,svarah:Fatehgarh Sahib|Punjabi|Female|45-60,,C:\Users\Mahesh\Desktop\Projects\sih-2026\data\realvoice\Svarah\data\test-00002-of-00003.parquet,7,93,audio_filepath,Svarah
Svarah:test-00002-of-00003.parquet:rg7:r94,0,calibration,svarah:Sabarkantha|Gujarati|Male|18-30,,C:\Users\Mahesh\Desktop\Projects\sih-2026\data\realvoice\Svarah\data\test-00002-of-00003.parquet,7,94,audio_filepath,Svarah
Svarah:test-00002-of-00003.parquet:rg8:r15,0,calibration,svarah:Pune|Marathi|Female|30-45,,C:\Users\Mahesh\Desktop\Projects\sih-2026\data\realvoice\Svarah\data\test-00002-of-00003.parquet,8,15,audio_filepath,Svarah
Svarah:test-00002-of-00003.parquet:rg8:r16,0,calibration,svarah:Ratnagiri|Marathi|Female|18-30,,C:\Users\Mahesh\Desktop\Projects\sih-2026\data\realvoice\Svarah\data\test-00002-of-00003.parquet,8,16,audio_filepath,Svarah
Svarah:test-00002-of-00003.parquet:rg8:r25,0,calibration,svarah:Sabarkantha|Gujarati|Male|30-45,,C:\Users\Mahesh\Desktop\Projects\sih-2026\data\realvoice\Svarah\data\test-00002-of-00003.parquet,8,25,audio_filepath,Svarah
Svarah:test-00002-of-00003.parquet:rg8:r36,0,calibration,svarah:Pune|Marathi|Female|30-45,,C:\Users\Mahesh\Desktop\Projects\sih-2026\data\realvoice\Svarah\data\test-00002-of-00003.parquet,8,36,audio_filepath,Svarah
Svarah:test-00002-of-00003.parquet:rg8:r45,0,calibration,svarah:Srinagar|Kashmiri|Male|45-60,,C:\Users\Mahesh\Desktop\Projects\sih-2026\data\realvoice\Svarah\data\test-00002-of-00003.parquet,8,45,audio_filepath,Svarah
Svarah:test-00002-of-00003.parquet:rg8:r54,0,calibration,svarah:Hyderabad|Telugu|Male|45-60,,C:\Users\Mahesh\Desktop\Projects\sih-2026\data\realvoice\Svarah\data\test-00002-of-00003.parquet,8,54,audio_filepath,Svarah
Svarah:test-00002-of-00003.parquet:rg8:r55,0,calibration,svarah:Sundergarh|Odia|Male|60+,,C:\Users\Mahesh\Desktop\Projects\sih-2026\data\realvoice\Svarah\data\test-00002-of-00003.parquet,8,55,audio_filepath,Svarah
Svarah:test-00002-of-00003.parquet:rg8:r64,0,calibration,svarah:Sabarkantha|Gujarati|Male|30-45,,C:\Users\Mahesh\Desktop\Projects\sih-2026\data\realvoice\Svarah\data\test-00002-of-00003.parquet,8,64,audio_filepath,Svarah
Svarah:test-00002-of-00003.parquet:rg8:r71,0,calibration,svarah:Sabarkantha|Gujarati|Male|30-45,,C:\Users\Mahesh\Desktop\Projects\sih-2026\data\realvoice\Svarah\data\test-00002-of-00003.parquet,8,71,audio_filepath,Svarah
Svarah:test-00002-of-00003.parquet:rg8:r81,0,calibration,svarah:Pune|Marathi|Female|30-45,,C:\Users\Mahesh\Desktop\Projects\sih-2026\data\realvoice\Svarah\data\test-00002-of-00003.parquet,8,81,audio_filepath,Svarah
Svarah:test-00002-of-00003.parquet:rg8:r83,0,calibration,svarah:Sabarkantha|Gujarati|Male|30-45,,C:\Users\Mahesh\Desktop\Projects\sih-2026\data\realvoice\Svarah\data\test-00002-of-00003.parquet,8,83,audio_filepath,Svarah
Svarah:test-00002-of-00003.parquet:rg8:r92,0,calibration,svarah:Sitamarhi|Maithili|Male|30-45,,C:\Users\Mahesh\Desktop\Projects\sih-2026\data\realvoice\Svarah\data\test-00002-of-00003.parquet,8,92,audio_filepath,Svarah
Svarah:test-00002-of-00003.parquet:rg8:r94,0,calibration,svarah:Virudhunagar|Tamil|Female|18-30,,C:\Users\Mahesh\Desktop\Projects\sih-2026\data\realvoice\Svarah\data\test-00002-of-00003.parquet,8,94,audio_filepath,Svarah
Svarah:test-00002-of-00003.parquet:rg9:r10,0,calibration,svarah:South 24 Parganas|Bengali|Male|60+,,C:\Users\Mahesh\Desktop\Projects\sih-2026\data\realvoice\Svarah\data\test-00002-of-00003.parquet,9,10,audio_filepath,Svarah
Svarah:test-00002-of-00003.parquet:rg9:r12,0,calibration,svarah:Sundergarh|Odia|Male|60+,,C:\Users\Mahesh\Desktop\Projects\sih-2026\data\realvoice\Svarah\data\test-00002-of-00003.parquet,9,12,audio_filepath,Svarah
Svarah:test-00002-of-00003.parquet:rg9:r33,0,calibration,svarah:Sabarkantha|Gujarati|Male|18-30,,C:\Users\Mahesh\Desktop\Projects\sih-2026\data\realvoice\Svarah\data\test-00002-of-00003.parquet,9,33,audio_filepath,Svarah
Svarah:test-00002-of-00003.parquet:rg9:r40,0,calibration,svarah:Sabarkantha|Gujarati|Male|18-30,,C:\Users\Mahesh\Desktop\Projects\sih-2026\data\realvoice\Svarah\data\test-00002-of-00003.parquet,9,40,audio_filepath,Svarah
Svarah:test-00002-of-00003.parquet:rg9:r42,0,calibration,svarah:Sabarkantha|Gujarati|Male|18-30,,C:\Users\Mahesh\Desktop\Projects\sih-2026\data\realvoice\Svarah\data\test-00002-of-00003.parquet,9,42,audio_filepath,Svarah
Svarah:test-00002-of-00003.parquet:rg9:r61,0,calibration,svarah:North Goa|Konkani|Male|60+,,C:\Users\Mahesh\Desktop\Projects\sih-2026\data\realvoice\Svarah\data\test-00002-of-00003.parquet,9,61,audio_filepath,Svarah
Svarah:test-00002-of-00003.parquet:rg9:r64,0,calibration,svarah:Virudhunagar|Tamil|Female|18-30,,C:\Users\Mahesh\Desktop\Projects\sih-2026\data\realvoice\Svarah\data\test-00002-of-00003.parquet,9,64,audio_filepath,Svarah
Svarah:test-00002-of-00003.parquet:rg9:r70,0,calibration,svarah:Hyderabad|Telugu|Male|45-60,,C:\Users\Mahesh\Desktop\Projects\sih-2026\data\realvoice\Svarah\data\test-00002-of-00003.parquet,9,70,audio_filepath,Svarah
Svarah:test-00002-of-00003.parquet:rg9:r83,0,calibration,svarah:South 24 Parganas|Bengali|Male|60+,,C:\Users\Mahesh\Desktop\Projects\sih-2026\data\realvoice\Svarah\data\test-00002-of-00003.parquet,9,83,audio_filepath,Svarah
Svarah:test-00002-of-00003.parquet:rg9:r96,0,calibration,svarah:Sabarkantha|Gujarati|Male|18-30,,C:\Users\Mahesh\Desktop\Projects\sih-2026\data\realvoice\Svarah\data\test-00002-of-00003.parquet,9,96,audio_filepath,Svarah
Svarah:test-00002-of-00003.parquet:rg10:r3,0,calibration,svarah:Sabarkantha|Gujarati|Male|18-30,,C:\Users\Mahesh\Desktop\Projects\sih-2026\data\realvoice\Svarah\data\test-00002-of-00003.parquet,10,3,audio_filepath,Svarah
Svarah:test-00002-of-00003.parquet:rg10:r10,0,calibration,svarah:Sundergarh|Odia|Male|60+,,C:\Users\Mahesh\Desktop\Projects\sih-2026\data\realvoice\Svarah\data\test-00002-of-00003.parquet,10,10,audio_filepath,Svarah
Svarah:test-00002-of-00003.parquet:rg10:r16,0,calibration,svarah:North Goa|Konkani|Male|60+,,C:\Users\Mahesh\Desktop\Projects\sih-2026\data\realvoice\Svarah\data\test-00002-of-00003.parquet,10,16,audio_filepath,Svarah
Svarah:test-00002-of-00003.parquet:rg10:r30,0,calibration,svarah:Ratnagiri|Marathi|Female|18-30,,C:\Users\Mahesh\Desktop\Projects\sih-2026\data\realvoice\Svarah\data\test-00002-of-00003.parquet,10,30,audio_filepath,Svarah
Svarah:test-00002-of-00003.parquet:rg10:r35,0,calibration,svarah:Sundergarh|Odia|Male|60+,,C:\Users\Mahesh\Desktop\Projects\sih-2026\data\realvoice\Svarah\data\test-00002-of-00003.parquet,10,35,audio_filepath,Svarah
Svarah:test-00002-of-00003.parquet:rg10:r36,0,calibration,svarah:Hyderabad|Telugu|Male|45-60,,C:\Users\Mahesh\Desktop\Projects\sih-2026\data\realvoice\Svarah\data\test-00002-of-00003.parquet,10,36,audio_filepath,Svarah
Svarah:test-00002-of-00003.parquet:rg10:r64,0,calibration,svarah:Fatehgarh Sahib|Punjabi|Female|45-60,,C:\Users\Mahesh\Desktop\Projects\sih-2026\data\realvoice\Svarah\data\test-00002-of-00003.parquet,10,64,audio_filepath,Svarah
Svarah:test-00002-of-00003.parquet:rg10:r65,0,calibration,svarah:North Goa|Konkani|Male|30-45,,C:\Users\Mahesh\Desktop\Projects\sih-2026\data\realvoice\Svarah\data\test-00002-of-00003.parquet,10,65,audio_filepath,Svarah
Svarah:test-00002-of-00003.parquet:rg10:r69,0,calibration,svarah:North Goa|Konkani|Male|30-45,,C:\Users\Mahesh\Desktop\Projects\sih-2026\data\realvoice\Svarah\data\test-00002-of-00003.parquet,10,69,audio_filepath,Svarah
Svarah:test-00002-of-00003.parquet:rg10:r72,0,calibration,svarah:North Goa|Konkani|Male|60+,,C:\Users\Mahesh\Desktop\Projects\sih-2026\data\realvoice\Svarah\data\test-00002-of-00003.parquet,10,72,audio_filepath,Svarah
Svarah:test-00002-of-00003.parquet:rg10:r82,0,calibration,svarah:North Goa|Konkani|Male|60+,,C:\Users\Mahesh\Desktop\Projects\sih-2026\data\realvoice\Svarah\data\test-00002-of-00003.parquet,10,82,audio_filepath,Svarah
Svarah:test-00002-of-00003.parquet:rg10:r85,0,calibration,svarah:North Goa|Konkani|Male|60+,,C:\Users\Mahesh\Desktop\Projects\sih-2026\data\realvoice\Svarah\data\test-00002-of-00003.parquet,10,85,audio_filepath,Svarah
Svarah:test-00002-of-00003.parquet:rg10:r88,0,calibration,svarah:Ratnagiri|Marathi|Female|18-30,,C:\Users\Mahesh\Desktop\Projects\sih-2026\data\realvoice\Svarah\data\test-00002-of-00003.parquet,10,88,audio_filepath,Svarah
Svarah:test-00002-of-00003.parquet:rg10:r91,0,calibration,svarah:Sabarkantha|Gujarati|Male|18-30,,C:\Users\Mahesh\Desktop\Projects\sih-2026\data\realvoice\Svarah\data\test-00002-of-00003.parquet,10,91,audio_filepath,Svarah
Svarah:test-00002-of-00003.parquet:rg10:r94,0,calibration,svarah:Sundergarh|Odia|Male|60+,,C:\Users\Mahesh\Desktop\Projects\sih-2026\data\realvoice\Svarah\data\test-00002-of-00003.parquet,10,94,audio_filepath,Svarah
Svarah:test-00002-of-00003.parquet:rg10:r98,0,calibration,svarah:Kolkata|Bengali|Male|18-30,,C:\Users\Mahesh\Desktop\Projects\sih-2026\data\realvoice\Svarah\data\test-00002-of-00003.parquet,10,98,audio_filepath,Svarah
Svarah:test-00002-of-00003.parquet:rg11:r7,0,calibration,svarah:Ratnagiri|Marathi|Female|18-30,,C:\Users\Mahesh\Desktop\Projects\sih-2026\data\realvoice\Svarah\data\test-00002-of-00003.parquet,11,7,audio_filepath,Svarah
Svarah:test-00002-of-00003.parquet:rg11:r34,0,calibration,svarah:Sabarkantha|Gujarati|Male|18-30,,C:\Users\Mahesh\Desktop\Projects\sih-2026\data\realvoice\Svarah\data\test-00002-of-00003.parquet,11,34,audio_filepath,Svarah
Svarah:test-00002-of-00003.parquet:rg11:r42,0,calibration,svarah:Hyderabad|Telugu|Male|45-60,,C:\Users\Mahesh\Desktop\Projects\sih-2026\data\realvoice\Svarah\data\test-00002-of-00003.parquet,11,42,audio_filepath,Svarah
Svarah:test-00002-of-00003.parquet:rg11:r63,0,calibration,svarah:Hyderabad|Telugu|Male|45-60,,C:\Users\Mahesh\Desktop\Projects\sih-2026\data\realvoice\Svarah\data\test-00002-of-00003.parquet,11,63,audio_filepath,Svarah
Svarah:test-00002-of-00003.parquet:rg11:r68,0,calibration,svarah:South 24 Parganas|Bengali|Male|60+,,C:\Users\Mahesh\Desktop\Projects\sih-2026\data\realvoice\Svarah\data\test-00002-of-00003.parquet,11,68,audio_filepath,Svarah
Svarah:test-00002-of-00003.parquet:rg11:r84,0,calibration,svarah:South 24 Parganas|Bengali|Male|60+,,C:\Users\Mahesh\Desktop\Projects\sih-2026\data\realvoice\Svarah\data\test-00002-of-00003.parquet,11,84,audio_filepath,Svarah
Svarah:test-00002-of-00003.parquet:rg12:r0,0,calibration,svarah:Hyderabad|Telugu|Male|45-60,,C:\Users\Mahesh\Desktop\Projects\sih-2026\data\realvoice\Svarah\data\test-00002-of-00003.parquet,12,0,audio_filepath,Svarah
Svarah:test-00002-of-00003.parquet:rg12:r37,0,calibration,svarah:Ratnagiri|Marathi|Female|18-30,,C:\Users\Mahesh\Desktop\Projects\sih-2026\data\realvoice\Svarah\data\test-00002-of-00003.parquet,12,37,audio_filepath,Svarah
Svarah:test-00002-of-00003.parquet:rg12:r40,0,calibration,svarah:Hyderabad|Telugu|Male|45-60,,C:\Users\Mahesh\Desktop\Projects\sih-2026\data\realvoice\Svarah\data\test-00002-of-00003.parquet,12,40,audio_filepath,Svarah
Svarah:test-00002-of-00003.parquet:rg12:r44,0,calibration,svarah:North Goa|Konkani|Male|60+,,C:\Users\Mahesh\Desktop\Projects\sih-2026\data\realvoice\Svarah\data\test-00002-of-00003.parquet,12,44,audio_filepath,Svarah
Svarah:test-00002-of-00003.parquet:rg12:r57,0,calibration,svarah:Ratnagiri|Marathi|Female|18-30,,C:\Users\Mahesh\Desktop\Projects\sih-2026\data\realvoice\Svarah\data\test-00002-of-00003.parquet,12,57,audio_filepath,Svarah
Svarah:test-00002-of-00003.parquet:rg12:r74,0,calibration,svarah:Srinagar|Kashmiri|Male|45-60,,C:\Users\Mahesh\Desktop\Projects\sih-2026\data\realvoice\Svarah\data\test-00002-of-00003.parquet,12,74,audio_filepath,Svarah
Svarah:test-00002-of-00003.parquet:rg12:r81,0,calibration,svarah:Fatehgarh Sahib|Punjabi|Female|45-60,,C:\Users\Mahesh\Desktop\Projects\sih-2026\data\realvoice\Svarah\data\test-00002-of-00003.parquet,12,81,audio_filepath,Svarah
Svarah:test-00002-of-00003.parquet:rg12:r85,0,calibration,svarah:Fatehgarh Sahib|Punjabi|Female|45-60,,C:\Users\Mahesh\Desktop\Projects\sih-2026\data\realvoice\Svarah\data\test-00002-of-00003.parquet,12,85,audio_filepath,Svarah
Svarah:test-00002-of-00003.parquet:rg12:r90,0,calibration,svarah:Kolkata|Bengali|Male|18-30,,C:\Users\Mahesh\Desktop\Projects\sih-2026\data\realvoice\Svarah\data\test-00002-of-00003.parquet,12,90,audio_filepath,Svarah
Svarah:test-00002-of-00003.parquet:rg13:r13,0,calibration,svarah:Kolkata|Bengali|Male|18-30,,C:\Users\Mahesh\Desktop\Projects\sih-2026\data\realvoice\Svarah\data\test-00002-of-00003.parquet,13,13,audio_filepath,Svarah
Svarah:test-00002-of-00003.parquet:rg13:r18,0,calibration,svarah:Ratnagiri|Marathi|Female|18-30,,C:\Users\Mahesh\Desktop\Projects\sih-2026\data\realvoice\Svarah\data\test-00002-of-00003.parquet,13,18,audio_filepath,Svarah
Svarah:test-00002-of-00003.parquet:rg13:r20,0,calibration,svarah:Srinagar|Kashmiri|Male|45-60,,C:\Users\Mahesh\Desktop\Projects\sih-2026\data\realvoice\Svarah\data\test-00002-of-00003.parquet,13,20,audio_filepath,Svarah
Svarah:test-00002-of-00003.parquet:rg13:r21,0,calibration,svarah:North Goa|Konkani|Male|30-45,,C:\Users\Mahesh\Desktop\Projects\sih-2026\data\realvoice\Svarah\data\test-00002-of-00003.parquet,13,21,audio_filepath,Svarah
Svarah:test-00002-of-00003.parquet:rg13:r30,0,calibration,svarah:South 24 Parganas|Bengali|Male|60+,,C:\Users\Mahesh\Desktop\Projects\sih-2026\data\realvoice\Svarah\data\test-00002-of-00003.parquet,13,30,audio_filepath,Svarah
Svarah:test-00002-of-00003.parquet:rg13:r40,0,calibration,svarah:Hyderabad|Telugu|Male|45-60,,C:\Users\Mahesh\Desktop\Projects\sih-2026\data\realvoice\Svarah\data\test-00002-of-00003.parquet,13,40,audio_filepath,Svarah
Svarah:test-00002-of-00003.parquet:rg13:r43,0,calibration,svarah:Ratnagiri|Marathi|Female|18-30,,C:\Users\Mahesh\Desktop\Projects\sih-2026\data\realvoice\Svarah\data\test-00002-of-00003.parquet,13,43,audio_filepath,Svarah
Svarah:test-00002-of-00003.parquet:rg13:r60,0,calibration,svarah:South 24 Parganas|Bengali|Male|60+,,C:\Users\Mahesh\Desktop\Projects\sih-2026\data\realvoice\Svarah\data\test-00002-of-00003.parquet,13,60,audio_filepath,Svarah
Svarah:test-00002-of-00003.parquet:rg13:r63,0,calibration,svarah:Virudhunagar|Tamil|Female|18-30,,C:\Users\Mahesh\Desktop\Projects\sih-2026\data\realvoice\Svarah\data\test-00002-of-00003.parquet,13,63,audio_filepath,Svarah
Svarah:test-00002-of-00003.parquet:rg13:r68,0,calibration,svarah:Ratnagiri|Marathi|Female|18-30,,C:\Users\Mahesh\Desktop\Projects\sih-2026\data\realvoice\Svarah\data\test-00002-of-00003.parquet,13,68,audio_filepath,Svarah
Svarah:test-00002-of-00003.parquet:rg13:r80,0,calibration,svarah:Sabarkantha|Gujarati|Male|18-30,,C:\Users\Mahesh\Desktop\Projects\sih-2026\data\realvoice\Svarah\data\test-00002-of-00003.parquet,13,80,audio_filepath,Svarah
Svarah:test-00002-of-00003.parquet:rg13:r82,0,calibration,svarah:North Goa|Konkani|Male|30-45,,C:\Users\Mahesh\Desktop\Projects\sih-2026\data\realvoice\Svarah\data\test-00002-of-00003.parquet,13,82,audio_filepath,Svarah
Svarah:test-00002-of-00003.parquet:rg14:r14,0,calibration,svarah:Sitamarhi|Maithili|Male|30-45,,C:\Users\Mahesh\Desktop\Projects\sih-2026\data\realvoice\Svarah\data\test-00002-of-00003.parquet,14,14,audio_filepath,Svarah
Svarah:test-00002-of-00003.parquet:rg14:r16,0,calibration,svarah:Sabarkantha|Gujarati|Male|18-30,,C:\Users\Mahesh\Desktop\Projects\sih-2026\data\realvoice\Svarah\data\test-00002-of-00003.parquet,14,16,audio_filepath,Svarah
Svarah:test-00002-of-00003.parquet:rg14:r30,0,calibration,svarah:North Goa|Konkani|Male|60+,,C:\Users\Mahesh\Desktop\Projects\sih-2026\data\realvoice\Svarah\data\test-00002-of-00003.parquet,14,30,audio_filepath,Svarah
Svarah:test-00002-of-00003.parquet:rg14:r34,0,calibration,svarah:Fatehgarh Sahib|Punjabi|Female|45-60,,C:\Users\Mahesh\Desktop\Projects\sih-2026\data\realvoice\Svarah\data\test-00002-of-00003.parquet,14,34,audio_filepath,Svarah
Svarah:test-00002-of-00003.parquet:rg14:r43,0,calibration,svarah:Virudhunagar|Tamil|Female|18-30,,C:\Users\Mahesh\Desktop\Projects\sih-2026\data\realvoice\Svarah\data\test-00002-of-00003.parquet,14,43,audio_filepath,Svarah
Svarah:test-00002-of-00003.parquet:rg14:r57,0,calibration,svarah:Virudhunagar|Tamil|Female|18-30,,C:\Users\Mahesh\Desktop\Projects\sih-2026\data\realvoice\Svarah\data\test-00002-of-00003.parquet,14,57,audio_filepath,Svarah
Svarah:test-00002-of-00003.parquet:rg14:r59,0,calibration,svarah:Fatehgarh Sahib|Punjabi|Female|45-60,,C:\Users\Mahesh\Desktop\Projects\sih-2026\data\realvoice\Svarah\data\test-00002-of-00003.parquet,14,59,audio_filepath,Svarah
Svarah:test-00002-of-00003.parquet:rg14:r63,0,calibration,svarah:Ratnagiri|Marathi|Female|18-30,,C:\Users\Mahesh\Desktop\Projects\sih-2026\data\realvoice\Svarah\data\test-00002-of-00003.parquet,14,63,audio_filepath,Svarah
Svarah:test-00002-of-00003.parquet:rg14:r73,0,calibration,svarah:Sabarkantha|Gujarati|Male|18-30,,C:\Users\Mahesh\Desktop\Projects\sih-2026\data\realvoice\Svarah\data\test-00002-of-00003.parquet,14,73,audio_filepath,Svarah
Svarah:test-00002-of-00003.parquet:rg14:r75,0,calibration,svarah:Kolkata|Bengali|Male|18-30,,C:\Users\Mahesh\Desktop\Projects\sih-2026\data\realvoice\Svarah\data\test-00002-of-00003.parquet,14,75,audio_filepath,Svarah
Svarah:test-00002-of-00003.parquet:rg14:r77,0,calibration,svarah:Ratnagiri|Marathi|Female|18-30,,C:\Users\Mahesh\Desktop\Projects\sih-2026\data\realvoice\Svarah\data\test-00002-of-00003.parquet,14,77,audio_filepath,Svarah
Svarah:test-00002-of-00003.parquet:rg14:r79,0,calibration,svarah:North Goa|Konkani|Male|60+,,C:\Users\Mahesh\Desktop\Projects\sih-2026\data\realvoice\Svarah\data\test-00002-of-00003.parquet,14,79,audio_filepath,Svarah
Svarah:test-00002-of-00003.parquet:rg14:r83,0,calibration,svarah:Sabarkantha|Gujarati|Male|30-45,,C:\Users\Mahesh\Desktop\Projects\sih-2026\data\realvoice\Svarah\data\test-00002-of-00003.parquet,14,83,audio_filepath,Svarah
Svarah:test-00002-of-00003.parquet:rg14:r94,0,calibration,svarah:Hyderabad|Telugu|Male|45-60,,C:\Users\Mahesh\Desktop\Projects\sih-2026\data\realvoice\Svarah\data\test-00002-of-00003.parquet,14,94,audio_filepath,Svarah
Svarah:test-00002-of-00003.parquet:rg14:r96,0,calibration,svarah:Virudhunagar|Tamil|Female|18-30,,C:\Users\Mahesh\Desktop\Projects\sih-2026\data\realvoice\Svarah\data\test-00002-of-00003.parquet,14,96,audio_filepath,Svarah
Svarah:test-00002-of-00003.parquet:rg15:r6,0,calibration,svarah:Ratnagiri|Marathi|Female|18-30,,C:\Users\Mahesh\Desktop\Projects\sih-2026\data\realvoice\Svarah\data\test-00002-of-00003.parquet,15,6,audio_filepath,Svarah
Svarah:test-00002-of-00003.parquet:rg15:r31,0,calibration,svarah:Sitamarhi|Maithili|Male|30-45,,C:\Users\Mahesh\Desktop\Projects\sih-2026\data\realvoice\Svarah\data\test-00002-of-00003.parquet,15,31,audio_filepath,Svarah
Svarah:test-00002-of-00003.parquet:rg15:r46,0,calibration,svarah:Sabarkantha|Gujarati|Male|18-30,,C:\Users\Mahesh\Desktop\Projects\sih-2026\data\realvoice\Svarah\data\test-00002-of-00003.parquet,15,46,audio_filepath,Svarah
Svarah:test-00002-of-00003.parquet:rg15:r68,0,calibration,svarah:Ratnagiri|Marathi|Female|18-30,,C:\Users\Mahesh\Desktop\Projects\sih-2026\data\realvoice\Svarah\data\test-00002-of-00003.parquet,15,68,audio_filepath,Svarah
Svarah:test-00002-of-00003.parquet:rg15:r73,0,calibration,svarah:Fatehgarh Sahib|Punjabi|Female|45-60,,C:\Users\Mahesh\Desktop\Projects\sih-2026\data\realvoice\Svarah\data\test-00002-of-00003.parquet,15,73,audio_filepath,Svarah
Svarah:test-00002-of-00003.parquet:rg15:r79,0,calibration,svarah:Sabarkantha|Gujarati|Male|18-30,,C:\Users\Mahesh\Desktop\Projects\sih-2026\data\realvoice\Svarah\data\test-00002-of-00003.parquet,15,79,audio_filepath,Svarah
Svarah:test-00002-of-00003.parquet:rg16:r9,0,calibration,svarah:Hyderabad|Telugu|Male|45-60,,C:\Users\Mahesh\Desktop\Projects\sih-2026\data\realvoice\Svarah\data\test-00002-of-00003.parquet,16,9,audio_filepath,Svarah
Svarah:test-00002-of-00003.parquet:rg16:r17,0,calibration,svarah:Srinagar|Kashmiri|Male|45-60,,C:\Users\Mahesh\Desktop\Projects\sih-2026\data\realvoice\Svarah\data\test-00002-of-00003.parquet,16,17,audio_filepath,Svarah
Svarah:test-00002-of-00003.parquet:rg16:r29,0,calibration,svarah:North Goa|Konkani|Male|60+,,C:\Users\Mahesh\Desktop\Projects\sih-2026\data\realvoice\Svarah\data\test-00002-of-00003.parquet,16,29,audio_filepath,Svarah
Svarah:test-00002-of-00003.parquet:rg16:r81,0,calibration,svarah:Kolkata|Bengali|Male|18-30,,C:\Users\Mahesh\Desktop\Projects\sih-2026\data\realvoice\Svarah\data\test-00002-of-00003.parquet,16,81,audio_filepath,Svarah
Svarah:test-00002-of-00003.parquet:rg16:r83,0,calibration,svarah:Sabarkantha|Gujarati|Male|30-45,,C:\Users\Mahesh\Desktop\Projects\sih-2026\data\realvoice\Svarah\data\test-00002-of-00003.parquet,16,83,audio_filepath,Svarah
Svarah:test-00002-of-00003.parquet:rg16:r87,0,calibration,svarah:Srinagar|Kashmiri|Male|45-60,,C:\Users\Mahesh\Desktop\Projects\sih-2026\data\realvoice\Svarah\data\test-00002-of-00003.parquet,16,87,audio_filepath,Svarah
Svarah:test-00002-of-00003.parquet:rg16:r95,0,calibration,svarah:Hyderabad|Telugu|Male|45-60,,C:\Users\Mahesh\Desktop\Projects\sih-2026\data\realvoice\Svarah\data\test-00002-of-00003.parquet,16,95,audio_filepath,Svarah
Svarah:test-00002-of-00003.parquet:rg17:r15,0,calibration,svarah:Sundergarh|Odia|Male|60+,,C:\Users\Mahesh\Desktop\Projects\sih-2026\data\realvoice\Svarah\data\test-00002-of-00003.parquet,17,15,audio_filepath,Svarah
Svarah:test-00002-of-00003.parquet:rg17:r34,0,calibration,svarah:North Goa|Konkani|Male|60+,,C:\Users\Mahesh\Desktop\Projects\sih-2026\data\realvoice\Svarah\data\test-00002-of-00003.parquet,17,34,audio_filepath,Svarah
Svarah:test-00002-of-00003.parquet:rg17:r43,0,calibration,svarah:North Goa|Konkani|Male|60+,,C:\Users\Mahesh\Desktop\Projects\sih-2026\data\realvoice\Svarah\data\test-00002-of-00003.parquet,17,43,audio_filepath,Svarah
Svarah:test-00002-of-00003.parquet:rg17:r58,0,calibration,svarah:Kolkata|Bengali|Male|18-30,,C:\Users\Mahesh\Desktop\Projects\sih-2026\data\realvoice\Svarah\data\test-00002-of-00003.parquet,17,58,audio_filepath,Svarah
Svarah:test-00002-of-00003.parquet:rg17:r64,0,calibration,svarah:Fatehgarh Sahib|Punjabi|Female|45-60,,C:\Users\Mahesh\Desktop\Projects\sih-2026\data\realvoice\Svarah\data\test-00002-of-00003.parquet,17,64,audio_filepath,Svarah
Svarah:test-00002-of-00003.parquet:rg17:r69,0,calibration,svarah:Sabarkantha|Gujarati|Male|30-45,,C:\Users\Mahesh\Desktop\Projects\sih-2026\data\realvoice\Svarah\data\test-00002-of-00003.parquet,17,69,audio_filepath,Svarah
Svarah:test-00002-of-00003.parquet:rg17:r81,0,calibration,svarah:Sundergarh|Odia|Male|60+,,C:\Users\Mahesh\Desktop\Projects\sih-2026\data\realvoice\Svarah\data\test-00002-of-00003.parquet,17,81,audio_filepath,Svarah
Svarah:test-00002-of-00003.parquet:rg17:r83,0,calibration,svarah:Sabarkantha|Gujarati|Male|30-45,,C:\Users\Mahesh\Desktop\Projects\sih-2026\data\realvoice\Svarah\data\test-00002-of-00003.parquet,17,83,audio_filepath,Svarah
Svarah:test-00002-of-00003.parquet:rg17:r89,0,calibration,svarah:Sabarkantha|Gujarati|Male|30-45,,C:\Users\Mahesh\Desktop\Projects\sih-2026\data\realvoice\Svarah\data\test-00002-of-00003.parquet,17,89,audio_filepath,Svarah
Svarah:test-00002-of-00003.parquet:rg17:r95,0,calibration,svarah:North Goa|Konkani|Male|60+,,C:\Users\Mahesh\Desktop\Projects\sih-2026\data\realvoice\Svarah\data\test-00002-of-00003.parquet,17,95,audio_filepath,Svarah
Svarah:test-00002-of-00003.parquet:rg18:r1,0,calibration,svarah:Ratnagiri|Marathi|Female|18-30,,C:\Users\Mahesh\Desktop\Projects\sih-2026\data\realvoice\Svarah\data\test-00002-of-00003.parquet,18,1,audio_filepath,Svarah
Svarah:test-00002-of-00003.parquet:rg18:r4,0,calibration,svarah:Fatehgarh Sahib|Punjabi|Female|45-60,,C:\Users\Mahesh\Desktop\Projects\sih-2026\data\realvoice\Svarah\data\test-00002-of-00003.parquet,18,4,audio_filepath,Svarah
Svarah:test-00002-of-00003.parquet:rg18:r9,0,calibration,svarah:Virudhunagar|Tamil|Female|18-30,,C:\Users\Mahesh\Desktop\Projects\sih-2026\data\realvoice\Svarah\data\test-00002-of-00003.parquet,18,9,audio_filepath,Svarah
Svarah:test-00002-of-00003.parquet:rg18:r30,0,calibration,svarah:Srinagar|Kashmiri|Male|45-60,,C:\Users\Mahesh\Desktop\Projects\sih-2026\data\realvoice\Svarah\data\test-00002-of-00003.parquet,18,30,audio_filepath,Svarah
Svarah:test-00002-of-00003.parquet:rg18:r36,0,calibration,svarah:Kolkata|Bengali|Male|18-30,,C:\Users\Mahesh\Desktop\Projects\sih-2026\data\realvoice\Svarah\data\test-00002-of-00003.parquet,18,36,audio_filepath,Svarah
Svarah:test-00002-of-00003.parquet:rg18:r50,0,calibration,svarah:Sabarkantha|Gujarati|Male|30-45,,C:\Users\Mahesh\Desktop\Projects\sih-2026\data\realvoice\Svarah\data\test-00002-of-00003.parquet,18,50,audio_filepath,Svarah
Svarah:test-00002-of-00003.parquet:rg18:r76,0,calibration,svarah:North Goa|Konkani|Male|60+,,C:\Users\Mahesh\Desktop\Projects\sih-2026\data\realvoice\Svarah\data\test-00002-of-00003.parquet,18,76,audio_filepath,Svarah
Svarah:test-00002-of-00003.parquet:rg18:r84,0,calibration,svarah:Sundergarh|Odia|Male|60+,,C:\Users\Mahesh\Desktop\Projects\sih-2026\data\realvoice\Svarah\data\test-00002-of-00003.parquet,18,84,audio_filepath,Svarah
Svarah:test-00002-of-00003.parquet:rg18:r86,0,calibration,svarah:North Goa|Konkani|Male|60+,,C:\Users\Mahesh\Desktop\Projects\sih-2026\data\realvoice\Svarah\data\test-00002-of-00003.parquet,18,86,audio_filepath,Svarah
Svarah:test-00002-of-00003.parquet:rg18:r89,0,calibration,svarah:Sabarkantha|Gujarati|Male|18-30,,C:\Users\Mahesh\Desktop\Projects\sih-2026\data\realvoice\Svarah\data\test-00002-of-00003.parquet,18,89,audio_filepath,Svarah
Svarah:test-00002-of-00003.parquet:rg19:r7,0,calibration,svarah:Hyderabad|Telugu|Male|45-60,,C:\Users\Mahesh\Desktop\Projects\sih-2026\data\realvoice\Svarah\data\test-00002-of-00003.parquet,19,7,audio_filepath,Svarah
Svarah:test-00002-of-00003.parquet:rg19:r19,0,calibration,svarah:North Goa|Konkani|Male|60+,,C:\Users\Mahesh\Desktop\Projects\sih-2026\data\realvoice\Svarah\data\test-00002-of-00003.parquet,19,19,audio_filepath,Svarah
Svarah:test-00002-of-00003.parquet:rg19:r28,0,calibration,svarah:Ratnagiri|Marathi|Female|18-30,,C:\Users\Mahesh\Desktop\Projects\sih-2026\data\realvoice\Svarah\data\test-00002-of-00003.parquet,19,28,audio_filepath,Svarah
Svarah:test-00002-of-00003.parquet:rg19:r31,0,calibration,svarah:South 24 Parganas|Bengali|Male|60+,,C:\Users\Mahesh\Desktop\Projects\sih-2026\data\realvoice\Svarah\data\test-00002-of-00003.parquet,19,31,audio_filepath,Svarah
Svarah:test-00002-of-00003.parquet:rg19:r33,0,calibration,svarah:Sabarkantha|Gujarati|Male|18-30,,C:\Users\Mahesh\Desktop\Projects\sih-2026\data\realvoice\Svarah\data\test-00002-of-00003.parquet,19,33,audio_filepath,Svarah
Svarah:test-00002-of-00003.parquet:rg19:r44,0,calibration,svarah:Hyderabad|Telugu|Male|45-60,,C:\Users\Mahesh\Desktop\Projects\sih-2026\data\realvoice\Svarah\data\test-00002-of-00003.parquet,19,44,audio_filepath,Svarah
Svarah:test-00002-of-00003.parquet:rg19:r62,0,calibration,svarah:Ratnagiri|Marathi|Female|18-30,,C:\Users\Mahesh\Desktop\Projects\sih-2026\data\realvoice\Svarah\data\test-00002-of-00003.parquet,19,62,audio_filepath,Svarah
Svarah:test-00002-of-00003.parquet:rg19:r91,0,calibration,svarah:Sabarkantha|Gujarati|Male|18-30,,C:\Users\Mahesh\Desktop\Projects\sih-2026\data\realvoice\Svarah\data\test-00002-of-00003.parquet,19,91,audio_filepath,Svarah
Svarah:test-00002-of-00003.parquet:rg20:r11,0,calibration,svarah:Sundergarh|Odia|Male|60+,,C:\Users\Mahesh\Desktop\Projects\sih-2026\data\realvoice\Svarah\data\test-00002-of-00003.parquet,20,11,audio_filepath,Svarah
Svarah:test-00002-of-00003.parquet:rg20:r13,0,calibration,svarah:South 24 Parganas|Bengali|Male|60+,,C:\Users\Mahesh\Desktop\Projects\sih-2026\data\realvoice\Svarah\data\test-00002-of-00003.parquet,20,13,audio_filepath,Svarah
Svarah:test-00002-of-00003.parquet:rg20:r17,0,calibration,svarah:Fatehgarh Sahib|Punjabi|Female|45-60,,C:\Users\Mahesh\Desktop\Projects\sih-2026\data\realvoice\Svarah\data\test-00002-of-00003.parquet,20,17,audio_filepath,Svarah
Svarah:test-00002-of-00003.parquet:rg20:r19,0,calibration,svarah:Fatehgarh Sahib|Punjabi|Female|45-60,,C:\Users\Mahesh\Desktop\Projects\sih-2026\data\realvoice\Svarah\data\test-00002-of-00003.parquet,20,19,audio_filepath,Svarah
Svarah:test-00002-of-00003.parquet:rg20:r27,0,calibration,svarah:Sitamarhi|Maithili|Male|30-45,,C:\Users\Mahesh\Desktop\Projects\sih-2026\data\realvoice\Svarah\data\test-00002-of-00003.parquet,20,27,audio_filepath,Svarah
Svarah:test-00002-of-00003.parquet:rg20:r34,0,calibration,svarah:Fatehgarh Sahib|Punjabi|Female|45-60,,C:\Users\Mahesh\Desktop\Projects\sih-2026\data\realvoice\Svarah\data\test-00002-of-00003.parquet,20,34,audio_filepath,Svarah
Svarah:test-00002-of-00003.parquet:rg20:r48,0,calibration,svarah:Srinagar|Kashmiri|Male|45-60,,C:\Users\Mahesh\Desktop\Projects\sih-2026\data\realvoice\Svarah\data\test-00002-of-00003.parquet,20,48,audio_filepath,Svarah
Svarah:test-00002-of-00003.parquet:rg20:r52,0,calibration,svarah:Sundergarh|Odia|Male|60+,,C:\Users\Mahesh\Desktop\Projects\sih-2026\data\realvoice\Svarah\data\test-00002-of-00003.parquet,20,52,audio_filepath,Svarah
Svarah:test-00002-of-00003.parquet:rg20:r54,0,calibration,svarah:South 24 Parganas|Bengali|Male|60+,,C:\Users\Mahesh\Desktop\Projects\sih-2026\data\realvoice\Svarah\data\test-00002-of-00003.parquet,20,54,audio_filepath,Svarah
Svarah:test-00002-of-00003.parquet:rg20:r73,0,calibration,svarah:Sitamarhi|Maithili|Male|30-45,,C:\Users\Mahesh\Desktop\Projects\sih-2026\data\realvoice\Svarah\data\test-00002-of-00003.parquet,20,73,audio_filepath,Svarah
Svarah:test-00002-of-00003.parquet:rg20:r84,0,calibration,svarah:Sabarkantha|Gujarati|Male|18-30,,C:\Users\Mahesh\Desktop\Projects\sih-2026\data\realvoice\Svarah\data\test-00002-of-00003.parquet,20,84,audio_filepath,Svarah
Svarah:test-00002-of-00003.parquet:rg20:r95,0,calibration,svarah:Ratnagiri|Marathi|Female|18-30,,C:\Users\Mahesh\Desktop\Projects\sih-2026\data\realvoice\Svarah\data\test-00002-of-00003.parquet,20,95,audio_filepath,Svarah
Svarah:test-00002-of-00003.parquet:rg21:r10,0,calibration,svarah:South 24 Parganas|Bengali|Male|60+,,C:\Users\Mahesh\Desktop\Projects\sih-2026\data\realvoice\Svarah\data\test-00002-of-00003.parquet,21,10,audio_filepath,Svarah
Svarah:test-00002-of-00003.parquet:rg21:r24,0,calibration,svarah:Srinagar|Kashmiri|Male|45-60,,C:\Users\Mahesh\Desktop\Projects\sih-2026\data\realvoice\Svarah\data\test-00002-of-00003.parquet,21,24,audio_filepath,Svarah
Svarah:test-00002-of-00003.parquet:rg21:r31,0,calibration,svarah:Sabarkantha|Gujarati|Male|30-45,,C:\Users\Mahesh\Desktop\Projects\sih-2026\data\realvoice\Svarah\data\test-00002-of-00003.parquet,21,31,audio_filepath,Svarah
Svarah:test-00002-of-00003.parquet:rg21:r32,0,calibration,svarah:Sitamarhi|Maithili|Male|30-45,,C:\Users\Mahesh\Desktop\Projects\sih-2026\data\realvoice\Svarah\data\test-00002-of-00003.parquet,21,32,audio_filepath,Svarah
Svarah:test-00002-of-00003.parquet:rg21:r52,0,calibration,svarah:Ratnagiri|Marathi|Female|18-30,,C:\Users\Mahesh\Desktop\Projects\sih-2026\data\realvoice\Svarah\data\test-00002-of-00003.parquet,21,52,audio_filepath,Svarah
Svarah:test-00002-of-00003.parquet:rg21:r80,0,calibration,svarah:Sabarkantha|Gujarati|Male|30-45,,C:\Users\Mahesh\Desktop\Projects\sih-2026\data\realvoice\Svarah\data\test-00002-of-00003.parquet,21,80,audio_filepath,Svarah
Svarah:test-00002-of-00003.parquet:rg21:r86,0,calibration,svarah:Sundergarh|Odia|Male|60+,,C:\Users\Mahesh\Desktop\Projects\sih-2026\data\realvoice\Svarah\data\test-00002-of-00003.parquet,21,86,audio_filepath,Svarah
Svarah:test-00002-of-00003.parquet:rg21:r94,0,calibration,svarah:North Goa|Konkani|Male|60+,,C:\Users\Mahesh\Desktop\Projects\sih-2026\data\realvoice\Svarah\data\test-00002-of-00003.parquet,21,94,audio_filepath,Svarah
Svarah:test-00002-of-00003.parquet:rg22:r1,0,calibration,svarah:Sundergarh|Odia|Male|60+,,C:\Users\Mahesh\Desktop\Projects\sih-2026\data\realvoice\Svarah\data\test-00002-of-00003.parquet,22,1,audio_filepath,Svarah
Svarah:test-00002-of-00003.parquet:rg22:r11,0,calibration,svarah:Hyderabad|Telugu|Male|45-60,,C:\Users\Mahesh\Desktop\Projects\sih-2026\data\realvoice\Svarah\data\test-00002-of-00003.parquet,22,11,audio_filepath,Svarah
Svarah:test-00002-of-00003.parquet:rg22:r13,0,calibration,svarah:Kolkata|Bengali|Male|18-30,,C:\Users\Mahesh\Desktop\Projects\sih-2026\data\realvoice\Svarah\data\test-00002-of-00003.parquet,22,13,audio_filepath,Svarah
Svarah:test-00002-of-00003.parquet:rg22:r17,0,calibration,svarah:South 24 Parganas|Bengali|Male|60+,,C:\Users\Mahesh\Desktop\Projects\sih-2026\data\realvoice\Svarah\data\test-00002-of-00003.parquet,22,17,audio_filepath,Svarah
Orpheus:train-00000-of-00007.parquet:rg0:r7,1,calibration,orpheus:recording:Orpheus:train-00000-of-00007.parquet:rg0:r7,,C:\Users\Mahesh\Desktop\Projects\sih-2026\data\syntheticvoice\orpheus_tts_english_indian_multispeaker\data\train-00000-of-00007.parquet,0,7,audio,Orpheus
Orpheus:train-00000-of-00007.parquet:rg0:r33,1,calibration,orpheus:recording:Orpheus:train-00000-of-00007.parquet:rg0:r33,,C:\Users\Mahesh\Desktop\Projects\sih-2026\data\syntheticvoice\orpheus_tts_english_indian_multispeaker\data\train-00000-of-00007.parquet,0,33,audio,Orpheus
Orpheus:train-00000-of-00007.parquet:rg0:r55,1,calibration,orpheus:recording:Orpheus:train-00000-of-00007.parquet:rg0:r55,,C:\Users\Mahesh\Desktop\Projects\sih-2026\data\syntheticvoice\orpheus_tts_english_indian_multispeaker\data\train-00000-of-00007.parquet,0,55,audio,Orpheus
Orpheus:train-00000-of-00007.parquet:rg0:r59,1,calibration,orpheus:recording:Orpheus:train-00000-of-00007.parquet:rg0:r59,,C:\Users\Mahesh\Desktop\Projects\sih-2026\data\syntheticvoice\orpheus_tts_english_indian_multispeaker\data\train-00000-of-00007.parquet,0,59,audio,Orpheus
Orpheus:train-00000-of-00007.parquet:rg0:r60,1,calibration,orpheus:recording:Orpheus:train-00000-of-00007.parquet:rg0:r60,,C:\Users\Mahesh\Desktop\Projects\sih-2026\data\syntheticvoice\orpheus_tts_english_indian_multispeaker\data\train-00000-of-00007.parquet,0,60,audio,Orpheus
Orpheus:train-00000-of-00007.parquet:rg0:r69,1,calibration,orpheus:recording:Orpheus:train-00000-of-00007.parquet:rg0:r69,,C:\Users\Mahesh\Desktop\Projects\sih-2026\data\syntheticvoice\orpheus_tts_english_indian_multispeaker\data\train-00000-of-00007.parquet,0,69,audio,Orpheus
Orpheus:train-00000-of-00007.parquet:rg0:r78,1,calibration,orpheus:recording:Orpheus:train-00000-of-00007.parquet:rg0:r78,,C:\Users\Mahesh\Desktop\Projects\sih-2026\data\syntheticvoice\orpheus_tts_english_indian_multispeaker\data\train-00000-of-00007.parquet,0,78,audio,Orpheus
Orpheus:train-00000-of-00007.parquet:rg0:r84,1,calibration,orpheus:recording:Orpheus:train-00000-of-00007.parquet:rg0:r84,,C:\Users\Mahesh\Desktop\Projects\sih-2026\data\syntheticvoice\orpheus_tts_english_indian_multispeaker\data\train-00000-of-00007.parquet,0,84,audio,Orpheus
Orpheus:train-00000-of-00007.parquet:rg0:r87,1,calibration,orpheus:recording:Orpheus:train-00000-of-00007.parquet:rg0:r87,,C:\Users\Mahesh\Desktop\Projects\sih-2026\data\syntheticvoice\orpheus_tts_english_indian_multispeaker\data\train-00000-of-00007.parquet,0,87,audio,Orpheus
Orpheus:train-00000-of-00007.parquet:rg0:r90,1,calibration,orpheus:recording:Orpheus:train-00000-of-00007.parquet:rg0:r90,,C:\Users\Mahesh\Desktop\Projects\sih-2026\data\syntheticvoice\orpheus_tts_english_indian_multispeaker\data\train-00000-of-00007.parquet,0,90,audio,Orpheus
Orpheus:train-00000-of-00007.parquet:rg0:r91,1,calibration,orpheus:recording:Orpheus:train-00000-of-00007.parquet:rg0:r91,,C:\Users\Mahesh\Desktop\Projects\sih-2026\data\syntheticvoice\orpheus_tts_english_indian_multispeaker\data\train-00000-of-00007.parquet,0,91,audio,Orpheus
Orpheus:train-00000-of-00007.parquet:rg1:r9,1,calibration,orpheus:recording:Orpheus:train-00000-of-00007.parquet:rg1:r9,,C:\Users\Mahesh\Desktop\Projects\sih-2026\data\syntheticvoice\orpheus_tts_english_indian_multispeaker\data\train-00000-of-00007.parquet,1,9,audio,Orpheus
Orpheus:train-00000-of-00007.parquet:rg1:r10,1,calibration,orpheus:recording:Orpheus:train-00000-of-00007.parquet:rg1:r10,,C:\Users\Mahesh\Desktop\Projects\sih-2026\data\syntheticvoice\orpheus_tts_english_indian_multispeaker\data\train-00000-of-00007.parquet,1,10,audio,Orpheus
Orpheus:train-00000-of-00007.parquet:rg1:r12,1,calibration,orpheus:recording:Orpheus:train-00000-of-00007.parquet:rg1:r12,,C:\Users\Mahesh\Desktop\Projects\sih-2026\data\syntheticvoice\orpheus_tts_english_indian_multispeaker\data\train-00000-of-00007.parquet,1,12,audio,Orpheus
Orpheus:train-00000-of-00007.parquet:rg1:r13,1,calibration,orpheus:recording:Orpheus:train-00000-of-00007.parquet:rg1:r13,,C:\Users\Mahesh\Desktop\Projects\sih-2026\data\syntheticvoice\orpheus_tts_english_indian_multispeaker\data\train-00000-of-00007.parquet,1,13,audio,Orpheus
Orpheus:train-00000-of-00007.parquet:rg1:r17,1,calibration,orpheus:recording:Orpheus:train-00000-of-00007.parquet:rg1:r17,,C:\Users\Mahesh\Desktop\Projects\sih-2026\data\syntheticvoice\orpheus_tts_english_indian_multispeaker\data\train-00000-of-00007.parquet,1,17,audio,Orpheus
Orpheus:train-00000-of-00007.parquet:rg1:r43,1,calibration,orpheus:recording:Orpheus:train-00000-of-00007.parquet:rg1:r43,,C:\Users\Mahesh\Desktop\Projects\sih-2026\data\syntheticvoice\orpheus_tts_english_indian_multispeaker\data\train-00000-of-00007.parquet,1,43,audio,Orpheus
Orpheus:train-00000-of-00007.parquet:rg1:r50,1,calibration,orpheus:recording:Orpheus:train-00000-of-00007.parquet:rg1:r50,,C:\Users\Mahesh\Desktop\Projects\sih-2026\data\syntheticvoice\orpheus_tts_english_indian_multispeaker\data\train-00000-of-00007.parquet,1,50,audio,Orpheus
Orpheus:train-00000-of-00007.parquet:rg1:r70,1,calibration,orpheus:recording:Orpheus:train-00000-of-00007.parquet:rg1:r70,,C:\Users\Mahesh\Desktop\Projects\sih-2026\data\syntheticvoice\orpheus_tts_english_indian_multispeaker\data\train-00000-of-00007.parquet,1,70,audio,Orpheus
Orpheus:train-00000-of-00007.parquet:rg1:r79,1,calibration,orpheus:recording:Orpheus:train-00000-of-00007.parquet:rg1:r79,,C:\Users\Mahesh\Desktop\Projects\sih-2026\data\syntheticvoice\orpheus_tts_english_indian_multispeaker\data\train-00000-of-00007.parquet,1,79,audio,Orpheus
Orpheus:train-00000-of-00007.parquet:rg1:r85,1,calibration,orpheus:recording:Orpheus:train-00000-of-00007.parquet:rg1:r85,,C:\Users\Mahesh\Desktop\Projects\sih-2026\data\syntheticvoice\orpheus_tts_english_indian_multispeaker\data\train-00000-of-00007.parquet,1,85,audio,Orpheus
Orpheus:train-00000-of-00007.parquet:rg1:r98,1,calibration,orpheus:recording:Orpheus:train-00000-of-00007.parquet:rg1:r98,,C:\Users\Mahesh\Desktop\Projects\sih-2026\data\syntheticvoice\orpheus_tts_english_indian_multispeaker\data\train-00000-of-00007.parquet,1,98,audio,Orpheus
Orpheus:train-00000-of-00007.parquet:rg2:r9,1,calibration,orpheus:recording:Orpheus:train-00000-of-00007.parquet:rg2:r9,,C:\Users\Mahesh\Desktop\Projects\sih-2026\data\syntheticvoice\orpheus_tts_english_indian_multispeaker\data\train-00000-of-00007.parquet,2,9,audio,Orpheus
Orpheus:train-00000-of-00007.parquet:rg2:r17,1,calibration,orpheus:recording:Orpheus:train-00000-of-00007.parquet:rg2:r17,,C:\Users\Mahesh\Desktop\Projects\sih-2026\data\syntheticvoice\orpheus_tts_english_indian_multispeaker\data\train-00000-of-00007.parquet,2,17,audio,Orpheus
Orpheus:train-00000-of-00007.parquet:rg2:r19,1,calibration,orpheus:recording:Orpheus:train-00000-of-00007.parquet:rg2:r19,,C:\Users\Mahesh\Desktop\Projects\sih-2026\data\syntheticvoice\orpheus_tts_english_indian_multispeaker\data\train-00000-of-00007.parquet,2,19,audio,Orpheus
Orpheus:train-00000-of-00007.parquet:rg2:r23,1,calibration,orpheus:recording:Orpheus:train-00000-of-00007.parquet:rg2:r23,,C:\Users\Mahesh\Desktop\Projects\sih-2026\data\syntheticvoice\orpheus_tts_english_indian_multispeaker\data\train-00000-of-00007.parquet,2,23,audio,Orpheus
Orpheus:train-00000-of-00007.parquet:rg2:r52,1,calibration,orpheus:recording:Orpheus:train-00000-of-00007.parquet:rg2:r52,,C:\Users\Mahesh\Desktop\Projects\sih-2026\data\syntheticvoice\orpheus_tts_english_indian_multispeaker\data\train-00000-of-00007.parquet,2,52,audio,Orpheus
Orpheus:train-00000-of-00007.parquet:rg2:r54,1,calibration,orpheus:recording:Orpheus:train-00000-of-00007.parquet:rg2:r54,,C:\Users\Mahesh\Desktop\Projects\sih-2026\data\syntheticvoice\orpheus_tts_english_indian_multispeaker\data\train-00000-of-00007.parquet,2,54,audio,Orpheus
Orpheus:train-00000-of-00007.parquet:rg2:r56,1,calibration,orpheus:recording:Orpheus:train-00000-of-00007.parquet:rg2:r56,,C:\Users\Mahesh\Desktop\Projects\sih-2026\data\syntheticvoice\orpheus_tts_english_indian_multispeaker\data\train-00000-of-00007.parquet,2,56,audio,Orpheus
Orpheus:train-00000-of-00007.parquet:rg2:r59,1,calibration,orpheus:recording:Orpheus:train-00000-of-00007.parquet:rg2:r59,,C:\Users\Mahesh\Desktop\Projects\sih-2026\data\syntheticvoice\orpheus_tts_english_indian_multispeaker\data\train-00000-of-00007.parquet,2,59,audio,Orpheus
Orpheus:train-00000-of-00007.parquet:rg2:r65,1,calibration,orpheus:recording:Orpheus:train-00000-of-00007.parquet:rg2:r65,,C:\Users\Mahesh\Desktop\Projects\sih-2026\data\syntheticvoice\orpheus_tts_english_indian_multispeaker\data\train-00000-of-00007.parquet,2,65,audio,Orpheus
Orpheus:train-00000-of-00007.parquet:rg2:r66,1,calibration,orpheus:recording:Orpheus:train-00000-of-00007.parquet:rg2:r66,,C:\Users\Mahesh\Desktop\Projects\sih-2026\data\syntheticvoice\orpheus_tts_english_indian_multispeaker\data\train-00000-of-00007.parquet,2,66,audio,Orpheus
Orpheus:train-00000-of-00007.parquet:rg3:r14,1,calibration,orpheus:recording:Orpheus:train-00000-of-00007.parquet:rg3:r14,,C:\Users\Mahesh\Desktop\Projects\sih-2026\data\syntheticvoice\orpheus_tts_english_indian_multispeaker\data\train-00000-of-00007.parquet,3,14,audio,Orpheus
Orpheus:train-00000-of-00007.parquet:rg3:r24,1,calibration,orpheus:recording:Orpheus:train-00000-of-00007.parquet:rg3:r24,,C:\Users\Mahesh\Desktop\Projects\sih-2026\data\syntheticvoice\orpheus_tts_english_indian_multispeaker\data\train-00000-of-00007.parquet,3,24,audio,Orpheus
Orpheus:train-00000-of-00007.parquet:rg3:r39,1,calibration,orpheus:recording:Orpheus:train-00000-of-00007.parquet:rg3:r39,,C:\Users\Mahesh\Desktop\Projects\sih-2026\data\syntheticvoice\orpheus_tts_english_indian_multispeaker\data\train-00000-of-00007.parquet,3,39,audio,Orpheus
Orpheus:train-00000-of-00007.parquet:rg3:r53,1,calibration,orpheus:recording:Orpheus:train-00000-of-00007.parquet:rg3:r53,,C:\Users\Mahesh\Desktop\Projects\sih-2026\data\syntheticvoice\orpheus_tts_english_indian_multispeaker\data\train-00000-of-00007.parquet,3,53,audio,Orpheus
Orpheus:train-00000-of-00007.parquet:rg3:r56,1,calibration,orpheus:recording:Orpheus:train-00000-of-00007.parquet:rg3:r56,,C:\Users\Mahesh\Desktop\Projects\sih-2026\data\syntheticvoice\orpheus_tts_english_indian_multispeaker\data\train-00000-of-00007.parquet,3,56,audio,Orpheus
Orpheus:train-00000-of-00007.parquet:rg3:r61,1,calibration,orpheus:recording:Orpheus:train-00000-of-00007.parquet:rg3:r61,,C:\Users\Mahesh\Desktop\Projects\sih-2026\data\syntheticvoice\orpheus_tts_english_indian_multispeaker\data\train-00000-of-00007.parquet,3,61,audio,Orpheus
Orpheus:train-00000-of-00007.parquet:rg3:r65,1,calibration,orpheus:recording:Orpheus:train-00000-of-00007.parquet:rg3:r65,,C:\Users\Mahesh\Desktop\Projects\sih-2026\data\syntheticvoice\orpheus_tts_english_indian_multispeaker\data\train-00000-of-00007.parquet,3,65,audio,Orpheus
Orpheus:train-00000-of-00007.parquet:rg3:r69,1,calibration,orpheus:recording:Orpheus:train-00000-of-00007.parquet:rg3:r69,,C:\Users\Mahesh\Desktop\Projects\sih-2026\data\syntheticvoice\orpheus_tts_english_indian_multispeaker\data\train-00000-of-00007.parquet,3,69,audio,Orpheus
Orpheus:train-00000-of-00007.parquet:rg3:r77,1,calibration,orpheus:recording:Orpheus:train-00000-of-00007.parquet:rg3:r77,,C:\Users\Mahesh\Desktop\Projects\sih-2026\data\syntheticvoice\orpheus_tts_english_indian_multispeaker\data\train-00000-of-00007.parquet,3,77,audio,Orpheus
Orpheus:train-00000-of-00007.parquet:rg3:r78,1,calibration,orpheus:recording:Orpheus:train-00000-of-00007.parquet:rg3:r78,,C:\Users\Mahesh\Desktop\Projects\sih-2026\data\syntheticvoice\orpheus_tts_english_indian_multispeaker\data\train-00000-of-00007.parquet,3,78,audio,Orpheus
Orpheus:train-00000-of-00007.parquet:rg3:r79,1,calibration,orpheus:recording:Orpheus:train-00000-of-00007.parquet:rg3:r79,,C:\Users\Mahesh\Desktop\Projects\sih-2026\data\syntheticvoice\orpheus_tts_english_indian_multispeaker\data\train-00000-of-00007.parquet,3,79,audio,Orpheus
Orpheus:train-00000-of-00007.parquet:rg3:r80,1,calibration,orpheus:recording:Orpheus:train-00000-of-00007.parquet:rg3:r80,,C:\Users\Mahesh\Desktop\Projects\sih-2026\data\syntheticvoice\orpheus_tts_english_indian_multispeaker\data\train-00000-of-00007.parquet,3,80,audio,Orpheus
Orpheus:train-00000-of-00007.parquet:rg3:r81,1,calibration,orpheus:recording:Orpheus:train-00000-of-00007.parquet:rg3:r81,,C:\Users\Mahesh\Desktop\Projects\sih-2026\data\syntheticvoice\orpheus_tts_english_indian_multispeaker\data\train-00000-of-00007.parquet,3,81,audio,Orpheus
Orpheus:train-00000-of-00007.parquet:rg3:r85,1,calibration,orpheus:recording:Orpheus:train-00000-of-00007.parquet:rg3:r85,,C:\Users\Mahesh\Desktop\Projects\sih-2026\data\syntheticvoice\orpheus_tts_english_indian_multispeaker\data\train-00000-of-00007.parquet,3,85,audio,Orpheus
Orpheus:train-00000-of-00007.parquet:rg3:r88,1,calibration,orpheus:recording:Orpheus:train-00000-of-00007.parquet:rg3:r88,,C:\Users\Mahesh\Desktop\Projects\sih-2026\data\syntheticvoice\orpheus_tts_english_indian_multispeaker\data\train-00000-of-00007.parquet,3,88,audio,Orpheus
Orpheus:train-00000-of-00007.parquet:rg4:r4,1,calibration,orpheus:recording:Orpheus:train-00000-of-00007.parquet:rg4:r4,,C:\Users\Mahesh\Desktop\Projects\sih-2026\data\syntheticvoice\orpheus_tts_english_indian_multispeaker\data\train-00000-of-00007.parquet,4,4,audio,Orpheus
Orpheus:train-00000-of-00007.parquet:rg4:r5,1,calibration,orpheus:recording:Orpheus:train-00000-of-00007.parquet:rg4:r5,,C:\Users\Mahesh\Desktop\Projects\sih-2026\data\syntheticvoice\orpheus_tts_english_indian_multispeaker\data\train-00000-of-00007.parquet,4,5,audio,Orpheus
Orpheus:train-00000-of-00007.parquet:rg4:r15,1,calibration,orpheus:recording:Orpheus:train-00000-of-00007.parquet:rg4:r15,,C:\Users\Mahesh\Desktop\Projects\sih-2026\data\syntheticvoice\orpheus_tts_english_indian_multispeaker\data\train-00000-of-00007.parquet,4,15,audio,Orpheus
Orpheus:train-00000-of-00007.parquet:rg4:r23,1,calibration,orpheus:recording:Orpheus:train-00000-of-00007.parquet:rg4:r23,,C:\Users\Mahesh\Desktop\Projects\sih-2026\data\syntheticvoice\orpheus_tts_english_indian_multispeaker\data\train-00000-of-00007.parquet,4,23,audio,Orpheus
Orpheus:train-00000-of-00007.parquet:rg4:r43,1,calibration,orpheus:recording:Orpheus:train-00000-of-00007.parquet:rg4:r43,,C:\Users\Mahesh\Desktop\Projects\sih-2026\data\syntheticvoice\orpheus_tts_english_indian_multispeaker\data\train-00000-of-00007.parquet,4,43,audio,Orpheus
Orpheus:train-00000-of-00007.parquet:rg4:r47,1,calibration,orpheus:recording:Orpheus:train-00000-of-00007.parquet:rg4:r47,,C:\Users\Mahesh\Desktop\Projects\sih-2026\data\syntheticvoice\orpheus_tts_english_indian_multispeaker\data\train-00000-of-00007.parquet,4,47,audio,Orpheus
Orpheus:train-00000-of-00007.parquet:rg4:r68,1,calibration,orpheus:recording:Orpheus:train-00000-of-00007.parquet:rg4:r68,,C:\Users\Mahesh\Desktop\Projects\sih-2026\data\syntheticvoice\orpheus_tts_english_indian_multispeaker\data\train-00000-of-00007.parquet,4,68,audio,Orpheus
Orpheus:train-00000-of-00007.parquet:rg4:r70,1,calibration,orpheus:recording:Orpheus:train-00000-of-00007.parquet:rg4:r70,,C:\Users\Mahesh\Desktop\Projects\sih-2026\data\syntheticvoice\orpheus_tts_english_indian_multispeaker\data\train-00000-of-00007.parquet,4,70,audio,Orpheus
Orpheus:train-00000-of-00007.parquet:rg4:r82,1,calibration,orpheus:recording:Orpheus:train-00000-of-00007.parquet:rg4:r82,,C:\Users\Mahesh\Desktop\Projects\sih-2026\data\syntheticvoice\orpheus_tts_english_indian_multispeaker\data\train-00000-of-00007.parquet,4,82,audio,Orpheus
Orpheus:train-00000-of-00007.parquet:rg4:r83,1,calibration,orpheus:recording:Orpheus:train-00000-of-00007.parquet:rg4:r83,,C:\Users\Mahesh\Desktop\Projects\sih-2026\data\syntheticvoice\orpheus_tts_english_indian_multispeaker\data\train-00000-of-00007.parquet,4,83,audio,Orpheus
Orpheus:train-00000-of-00007.parquet:rg4:r85,1,calibration,orpheus:recording:Orpheus:train-00000-of-00007.parquet:rg4:r85,,C:\Users\Mahesh\Desktop\Projects\sih-2026\data\syntheticvoice\orpheus_tts_english_indian_multispeaker\data\train-00000-of-00007.parquet,4,85,audio,Orpheus
Orpheus:train-00000-of-00007.parquet:rg4:r91,1,calibration,orpheus:recording:Orpheus:train-00000-of-00007.parquet:rg4:r91,,C:\Users\Mahesh\Desktop\Projects\sih-2026\data\syntheticvoice\orpheus_tts_english_indian_multispeaker\data\train-00000-of-00007.parquet,4,91,audio,Orpheus
Orpheus:train-00000-of-00007.parquet:rg4:r94,1,calibration,orpheus:recording:Orpheus:train-00000-of-00007.parquet:rg4:r94,,C:\Users\Mahesh\Desktop\Projects\sih-2026\data\syntheticvoice\orpheus_tts_english_indian_multispeaker\data\train-00000-of-00007.parquet,4,94,audio,Orpheus
Orpheus:train-00000-of-00007.parquet:rg4:r97,1,calibration,orpheus:recording:Orpheus:train-00000-of-00007.parquet:rg4:r97,,C:\Users\Mahesh\Desktop\Projects\sih-2026\data\syntheticvoice\orpheus_tts_english_indian_multispeaker\data\train-00000-of-00007.parquet,4,97,audio,Orpheus
Orpheus:train-00000-of-00007.parquet:rg4:r99,1,calibration,orpheus:recording:Orpheus:train-00000-of-00007.parquet:rg4:r99,,C:\Users\Mahesh\Desktop\Projects\sih-2026\data\syntheticvoice\orpheus_tts_english_indian_multispeaker\data\train-00000-of-00007.parquet,4,99,audio,Orpheus
Orpheus:train-00000-of-00007.parquet:rg5:r31,1,calibration,orpheus:recording:Orpheus:train-00000-of-00007.parquet:rg5:r31,,C:\Users\Mahesh\Desktop\Projects\sih-2026\data\syntheticvoice\orpheus_tts_english_indian_multispeaker\data\train-00000-of-00007.parquet,5,31,audio,Orpheus
Orpheus:train-00000-of-00007.parquet:rg5:r33,1,calibration,orpheus:recording:Orpheus:train-00000-of-00007.parquet:rg5:r33,,C:\Users\Mahesh\Desktop\Projects\sih-2026\data\syntheticvoice\orpheus_tts_english_indian_multispeaker\data\train-00000-of-00007.parquet,5,33,audio,Orpheus
Orpheus:train-00000-of-00007.parquet:rg5:r57,1,calibration,orpheus:recording:Orpheus:train-00000-of-00007.parquet:rg5:r57,,C:\Users\Mahesh\Desktop\Projects\sih-2026\data\syntheticvoice\orpheus_tts_english_indian_multispeaker\data\train-00000-of-00007.parquet,5,57,audio,Orpheus
Orpheus:train-00000-of-00007.parquet:rg5:r66,1,calibration,orpheus:recording:Orpheus:train-00000-of-00007.parquet:rg5:r66,,C:\Users\Mahesh\Desktop\Projects\sih-2026\data\syntheticvoice\orpheus_tts_english_indian_multispeaker\data\train-00000-of-00007.parquet,5,66,audio,Orpheus
Orpheus:train-00000-of-00007.parquet:rg5:r67,1,calibration,orpheus:recording:Orpheus:train-00000-of-00007.parquet:rg5:r67,,C:\Users\Mahesh\Desktop\Projects\sih-2026\data\syntheticvoice\orpheus_tts_english_indian_multispeaker\data\train-00000-of-00007.parquet,5,67,audio,Orpheus
Orpheus:train-00000-of-00007.parquet:rg5:r90,1,calibration,orpheus:recording:Orpheus:train-00000-of-00007.parquet:rg5:r90,,C:\Users\Mahesh\Desktop\Projects\sih-2026\data\syntheticvoice\orpheus_tts_english_indian_multispeaker\data\train-00000-of-00007.parquet,5,90,audio,Orpheus
Orpheus:train-00000-of-00007.parquet:rg6:r14,1,calibration,orpheus:recording:Orpheus:train-00000-of-00007.parquet:rg6:r14,,C:\Users\Mahesh\Desktop\Projects\sih-2026\data\syntheticvoice\orpheus_tts_english_indian_multispeaker\data\train-00000-of-00007.parquet,6,14,audio,Orpheus
Orpheus:train-00000-of-00007.parquet:rg6:r18,1,calibration,orpheus:recording:Orpheus:train-00000-of-00007.parquet:rg6:r18,,C:\Users\Mahesh\Desktop\Projects\sih-2026\data\syntheticvoice\orpheus_tts_english_indian_multispeaker\data\train-00000-of-00007.parquet,6,18,audio,Orpheus
Orpheus:train-00000-of-00007.parquet:rg6:r26,1,calibration,orpheus:recording:Orpheus:train-00000-of-00007.parquet:rg6:r26,,C:\Users\Mahesh\Desktop\Projects\sih-2026\data\syntheticvoice\orpheus_tts_english_indian_multispeaker\data\train-00000-of-00007.parquet,6,26,audio,Orpheus
Orpheus:train-00000-of-00007.parquet:rg6:r32,1,calibration,orpheus:recording:Orpheus:train-00000-of-00007.parquet:rg6:r32,,C:\Users\Mahesh\Desktop\Projects\sih-2026\data\syntheticvoice\orpheus_tts_english_indian_multispeaker\data\train-00000-of-00007.parquet,6,32,audio,Orpheus
Orpheus:train-00000-of-00007.parquet:rg6:r43,1,calibration,orpheus:recording:Orpheus:train-00000-of-00007.parquet:rg6:r43,,C:\Users\Mahesh\Desktop\Projects\sih-2026\data\syntheticvoice\orpheus_tts_english_indian_multispeaker\data\train-00000-of-00007.parquet,6,43,audio,Orpheus
Orpheus:train-00000-of-00007.parquet:rg6:r50,1,calibration,orpheus:recording:Orpheus:train-00000-of-00007.parquet:rg6:r50,,C:\Users\Mahesh\Desktop\Projects\sih-2026\data\syntheticvoice\orpheus_tts_english_indian_multispeaker\data\train-00000-of-00007.parquet,6,50,audio,Orpheus
Orpheus:train-00000-of-00007.parquet:rg6:r51,1,calibration,orpheus:recording:Orpheus:train-00000-of-00007.parquet:rg6:r51,,C:\Users\Mahesh\Desktop\Projects\sih-2026\data\syntheticvoice\orpheus_tts_english_indian_multispeaker\data\train-00000-of-00007.parquet,6,51,audio,Orpheus
Orpheus:train-00000-of-00007.parquet:rg6:r98,1,calibration,orpheus:recording:Orpheus:train-00000-of-00007.parquet:rg6:r98,,C:\Users\Mahesh\Desktop\Projects\sih-2026\data\syntheticvoice\orpheus_tts_english_indian_multispeaker\data\train-00000-of-00007.parquet,6,98,audio,Orpheus
Orpheus:train-00000-of-00007.parquet:rg7:r20,1,calibration,orpheus:recording:Orpheus:train-00000-of-00007.parquet:rg7:r20,,C:\Users\Mahesh\Desktop\Projects\sih-2026\data\syntheticvoice\orpheus_tts_english_indian_multispeaker\data\train-00000-of-00007.parquet,7,20,audio,Orpheus
Orpheus:train-00000-of-00007.parquet:rg7:r30,1,calibration,orpheus:recording:Orpheus:train-00000-of-00007.parquet:rg7:r30,,C:\Users\Mahesh\Desktop\Projects\sih-2026\data\syntheticvoice\orpheus_tts_english_indian_multispeaker\data\train-00000-of-00007.parquet,7,30,audio,Orpheus
Orpheus:train-00000-of-00007.parquet:rg7:r38,1,calibration,orpheus:recording:Orpheus:train-00000-of-00007.parquet:rg7:r38,,C:\Users\Mahesh\Desktop\Projects\sih-2026\data\syntheticvoice\orpheus_tts_english_indian_multispeaker\data\train-00000-of-00007.parquet,7,38,audio,Orpheus
Orpheus:train-00000-of-00007.parquet:rg7:r42,1,calibration,orpheus:recording:Orpheus:train-00000-of-00007.parquet:rg7:r42,,C:\Users\Mahesh\Desktop\Projects\sih-2026\data\syntheticvoice\orpheus_tts_english_indian_multispeaker\data\train-00000-of-00007.parquet,7,42,audio,Orpheus
Orpheus:train-00000-of-00007.parquet:rg7:r44,1,calibration,orpheus:recording:Orpheus:train-00000-of-00007.parquet:rg7:r44,,C:\Users\Mahesh\Desktop\Projects\sih-2026\data\syntheticvoice\orpheus_tts_english_indian_multispeaker\data\train-00000-of-00007.parquet,7,44,audio,Orpheus
Orpheus:train-00000-of-00007.parquet:rg7:r55,1,calibration,orpheus:recording:Orpheus:train-00000-of-00007.parquet:rg7:r55,,C:\Users\Mahesh\Desktop\Projects\sih-2026\data\syntheticvoice\orpheus_tts_english_indian_multispeaker\data\train-00000-of-00007.parquet,7,55,audio,Orpheus
Orpheus:train-00000-of-00007.parquet:rg7:r62,1,calibration,orpheus:recording:Orpheus:train-00000-of-00007.parquet:rg7:r62,,C:\Users\Mahesh\Desktop\Projects\sih-2026\data\syntheticvoice\orpheus_tts_english_indian_multispeaker\data\train-00000-of-00007.parquet,7,62,audio,Orpheus
Orpheus:train-00000-of-00007.parquet:rg7:r96,1,calibration,orpheus:recording:Orpheus:train-00000-of-00007.parquet:rg7:r96,,C:\Users\Mahesh\Desktop\Projects\sih-2026\data\syntheticvoice\orpheus_tts_english_indian_multispeaker\data\train-00000-of-00007.parquet,7,96,audio,Orpheus
Orpheus:train-00000-of-00007.parquet:rg8:r2,1,calibration,orpheus:recording:Orpheus:train-00000-of-00007.parquet:rg8:r2,,C:\Users\Mahesh\Desktop\Projects\sih-2026\data\syntheticvoice\orpheus_tts_english_indian_multispeaker\data\train-00000-of-00007.parquet,8,2,audio,Orpheus
Orpheus:train-00000-of-00007.parquet:rg8:r12,1,calibration,orpheus:recording:Orpheus:train-00000-of-00007.parquet:rg8:r12,,C:\Users\Mahesh\Desktop\Projects\sih-2026\data\syntheticvoice\orpheus_tts_english_indian_multispeaker\data\train-00000-of-00007.parquet,8,12,audio,Orpheus
Orpheus:train-00000-of-00007.parquet:rg8:r31,1,calibration,orpheus:recording:Orpheus:train-00000-of-00007.parquet:rg8:r31,,C:\Users\Mahesh\Desktop\Projects\sih-2026\data\syntheticvoice\orpheus_tts_english_indian_multispeaker\data\train-00000-of-00007.parquet,8,31,audio,Orpheus
Orpheus:train-00000-of-00007.parquet:rg8:r36,1,calibration,orpheus:recording:Orpheus:train-00000-of-00007.parquet:rg8:r36,,C:\Users\Mahesh\Desktop\Projects\sih-2026\data\syntheticvoice\orpheus_tts_english_indian_multispeaker\data\train-00000-of-00007.parquet,8,36,audio,Orpheus
Orpheus:train-00000-of-00007.parquet:rg8:r39,1,calibration,orpheus:recording:Orpheus:train-00000-of-00007.parquet:rg8:r39,,C:\Users\Mahesh\Desktop\Projects\sih-2026\data\syntheticvoice\orpheus_tts_english_indian_multispeaker\data\train-00000-of-00007.parquet,8,39,audio,Orpheus
Orpheus:train-00000-of-00007.parquet:rg8:r43,1,calibration,orpheus:recording:Orpheus:train-00000-of-00007.parquet:rg8:r43,,C:\Users\Mahesh\Desktop\Projects\sih-2026\data\syntheticvoice\orpheus_tts_english_indian_multispeaker\data\train-00000-of-00007.parquet,8,43,audio,Orpheus
Orpheus:train-00000-of-00007.parquet:rg8:r52,1,calibration,orpheus:recording:Orpheus:train-00000-of-00007.parquet:rg8:r52,,C:\Users\Mahesh\Desktop\Projects\sih-2026\data\syntheticvoice\orpheus_tts_english_indian_multispeaker\data\train-00000-of-00007.parquet,8,52,audio,Orpheus
Orpheus:train-00000-of-00007.parquet:rg8:r63,1,calibration,orpheus:recording:Orpheus:train-00000-of-00007.parquet:rg8:r63,,C:\Users\Mahesh\Desktop\Projects\sih-2026\data\syntheticvoice\orpheus_tts_english_indian_multispeaker\data\train-00000-of-00007.parquet,8,63,audio,Orpheus
Orpheus:train-00000-of-00007.parquet:rg8:r81,1,calibration,orpheus:recording:Orpheus:train-00000-of-00007.parquet:rg8:r81,,C:\Users\Mahesh\Desktop\Projects\sih-2026\data\syntheticvoice\orpheus_tts_english_indian_multispeaker\data\train-00000-of-00007.parquet,8,81,audio,Orpheus
Orpheus:train-00000-of-00007.parquet:rg8:r91,1,calibration,orpheus:recording:Orpheus:train-00000-of-00007.parquet:rg8:r91,,C:\Users\Mahesh\Desktop\Projects\sih-2026\data\syntheticvoice\orpheus_tts_english_indian_multispeaker\data\train-00000-of-00007.parquet,8,91,audio,Orpheus
Orpheus:train-00000-of-00007.parquet:rg8:r96,1,calibration,orpheus:recording:Orpheus:train-00000-of-00007.parquet:rg8:r96,,C:\Users\Mahesh\Desktop\Projects\sih-2026\data\syntheticvoice\orpheus_tts_english_indian_multispeaker\data\train-00000-of-00007.parquet,8,96,audio,Orpheus
Orpheus:train-00000-of-00007.parquet:rg9:r20,1,calibration,orpheus:recording:Orpheus:train-00000-of-00007.parquet:rg9:r20,,C:\Users\Mahesh\Desktop\Projects\sih-2026\data\syntheticvoice\orpheus_tts_english_indian_multispeaker\data\train-00000-of-00007.parquet,9,20,audio,Orpheus
Orpheus:train-00000-of-00007.parquet:rg9:r28,1,calibration,orpheus:recording:Orpheus:train-00000-of-00007.parquet:rg9:r28,,C:\Users\Mahesh\Desktop\Projects\sih-2026\data\syntheticvoice\orpheus_tts_english_indian_multispeaker\data\train-00000-of-00007.parquet,9,28,audio,Orpheus
Orpheus:train-00000-of-00007.parquet:rg9:r72,1,calibration,orpheus:recording:Orpheus:train-00000-of-00007.parquet:rg9:r72,,C:\Users\Mahesh\Desktop\Projects\sih-2026\data\syntheticvoice\orpheus_tts_english_indian_multispeaker\data\train-00000-of-00007.parquet,9,72,audio,Orpheus
Orpheus:train-00000-of-00007.parquet:rg9:r74,1,calibration,orpheus:recording:Orpheus:train-00000-of-00007.parquet:rg9:r74,,C:\Users\Mahesh\Desktop\Projects\sih-2026\data\syntheticvoice\orpheus_tts_english_indian_multispeaker\data\train-00000-of-00007.parquet,9,74,audio,Orpheus
Orpheus:train-00000-of-00007.parquet:rg9:r86,1,calibration,orpheus:recording:Orpheus:train-00000-of-00007.parquet:rg9:r86,,C:\Users\Mahesh\Desktop\Projects\sih-2026\data\syntheticvoice\orpheus_tts_english_indian_multispeaker\data\train-00000-of-00007.parquet,9,86,audio,Orpheus
Orpheus:train-00000-of-00007.parquet:rg9:r95,1,calibration,orpheus:recording:Orpheus:train-00000-of-00007.parquet:rg9:r95,,C:\Users\Mahesh\Desktop\Projects\sih-2026\data\syntheticvoice\orpheus_tts_english_indian_multispeaker\data\train-00000-of-00007.parquet,9,95,audio,Orpheus
Orpheus:train-00000-of-00007.parquet:rg10:r1,1,calibration,orpheus:recording:Orpheus:train-00000-of-00007.parquet:rg10:r1,,C:\Users\Mahesh\Desktop\Projects\sih-2026\data\syntheticvoice\orpheus_tts_english_indian_multispeaker\data\train-00000-of-00007.parquet,10,1,audio,Orpheus
Orpheus:train-00000-of-00007.parquet:rg10:r9,1,calibration,orpheus:recording:Orpheus:train-00000-of-00007.parquet:rg10:r9,,C:\Users\Mahesh\Desktop\Projects\sih-2026\data\syntheticvoice\orpheus_tts_english_indian_multispeaker\data\train-00000-of-00007.parquet,10,9,audio,Orpheus
Orpheus:train-00000-of-00007.parquet:rg10:r11,1,calibration,orpheus:recording:Orpheus:train-00000-of-00007.parquet:rg10:r11,,C:\Users\Mahesh\Desktop\Projects\sih-2026\data\syntheticvoice\orpheus_tts_english_indian_multispeaker\data\train-00000-of-00007.parquet,10,11,audio,Orpheus
Orpheus:train-00000-of-00007.parquet:rg10:r54,1,calibration,orpheus:recording:Orpheus:train-00000-of-00007.parquet:rg10:r54,,C:\Users\Mahesh\Desktop\Projects\sih-2026\data\syntheticvoice\orpheus_tts_english_indian_multispeaker\data\train-00000-of-00007.parquet,10,54,audio,Orpheus
Orpheus:train-00000-of-00007.parquet:rg10:r61,1,calibration,orpheus:recording:Orpheus:train-00000-of-00007.parquet:rg10:r61,,C:\Users\Mahesh\Desktop\Projects\sih-2026\data\syntheticvoice\orpheus_tts_english_indian_multispeaker\data\train-00000-of-00007.parquet,10,61,audio,Orpheus
Orpheus:train-00000-of-00007.parquet:rg10:r69,1,calibration,orpheus:recording:Orpheus:train-00000-of-00007.parquet:rg10:r69,,C:\Users\Mahesh\Desktop\Projects\sih-2026\data\syntheticvoice\orpheus_tts_english_indian_multispeaker\data\train-00000-of-00007.parquet,10,69,audio,Orpheus
Orpheus:train-00000-of-00007.parquet:rg10:r74,1,calibration,orpheus:recording:Orpheus:train-00000-of-00007.parquet:rg10:r74,,C:\Users\Mahesh\Desktop\Projects\sih-2026\data\syntheticvoice\orpheus_tts_english_indian_multispeaker\data\train-00000-of-00007.parquet,10,74,audio,Orpheus
Orpheus:train-00000-of-00007.parquet:rg10:r77,1,calibration,orpheus:recording:Orpheus:train-00000-of-00007.parquet:rg10:r77,,C:\Users\Mahesh\Desktop\Projects\sih-2026\data\syntheticvoice\orpheus_tts_english_indian_multispeaker\data\train-00000-of-00007.parquet,10,77,audio,Orpheus
Orpheus:train-00000-of-00007.parquet:rg10:r83,1,calibration,orpheus:recording:Orpheus:train-00000-of-00007.parquet:rg10:r83,,C:\Users\Mahesh\Desktop\Projects\sih-2026\data\syntheticvoice\orpheus_tts_english_indian_multispeaker\data\train-00000-of-00007.parquet,10,83,audio,Orpheus
Orpheus:train-00000-of-00007.parquet:rg10:r89,1,calibration,orpheus:recording:Orpheus:train-00000-of-00007.parquet:rg10:r89,,C:\Users\Mahesh\Desktop\Projects\sih-2026\data\syntheticvoice\orpheus_tts_english_indian_multispeaker\data\train-00000-of-00007.parquet,10,89,audio,Orpheus
Orpheus:train-00000-of-00007.parquet:rg10:r95,1,calibration,orpheus:recording:Orpheus:train-00000-of-00007.parquet:rg10:r95,,C:\Users\Mahesh\Desktop\Projects\sih-2026\data\syntheticvoice\orpheus_tts_english_indian_multispeaker\data\train-00000-of-00007.parquet,10,95,audio,Orpheus
Orpheus:train-00000-of-00007.parquet:rg11:r6,1,calibration,orpheus:recording:Orpheus:train-00000-of-00007.parquet:rg11:r6,,C:\Users\Mahesh\Desktop\Projects\sih-2026\data\syntheticvoice\orpheus_tts_english_indian_multispeaker\data\train-00000-of-00007.parquet,11,6,audio,Orpheus
Orpheus:train-00000-of-00007.parquet:rg11:r8,1,calibration,orpheus:recording:Orpheus:train-00000-of-00007.parquet:rg11:r8,,C:\Users\Mahesh\Desktop\Projects\sih-2026\data\syntheticvoice\orpheus_tts_english_indian_multispeaker\data\train-00000-of-00007.parquet,11,8,audio,Orpheus
Orpheus:train-00000-of-00007.parquet:rg11:r13,1,calibration,orpheus:recording:Orpheus:train-00000-of-00007.parquet:rg11:r13,,C:\Users\Mahesh\Desktop\Projects\sih-2026\data\syntheticvoice\orpheus_tts_english_indian_multispeaker\data\train-00000-of-00007.parquet,11,13,audio,Orpheus
Orpheus:train-00000-of-00007.parquet:rg11:r18,1,calibration,orpheus:recording:Orpheus:train-00000-of-00007.parquet:rg11:r18,,C:\Users\Mahesh\Desktop\Projects\sih-2026\data\syntheticvoice\orpheus_tts_english_indian_multispeaker\data\train-00000-of-00007.parquet,11,18,audio,Orpheus
Orpheus:train-00000-of-00007.parquet:rg11:r34,1,calibration,orpheus:recording:Orpheus:train-00000-of-00007.parquet:rg11:r34,,C:\Users\Mahesh\Desktop\Projects\sih-2026\data\syntheticvoice\orpheus_tts_english_indian_multispeaker\data\train-00000-of-00007.parquet,11,34,audio,Orpheus
Orpheus:train-00000-of-00007.parquet:rg11:r40,1,calibration,orpheus:recording:Orpheus:train-00000-of-00007.parquet:rg11:r40,,C:\Users\Mahesh\Desktop\Projects\sih-2026\data\syntheticvoice\orpheus_tts_english_indian_multispeaker\data\train-00000-of-00007.parquet,11,40,audio,Orpheus
Orpheus:train-00000-of-00007.parquet:rg11:r50,1,calibration,orpheus:recording:Orpheus:train-00000-of-00007.parquet:rg11:r50,,C:\Users\Mahesh\Desktop\Projects\sih-2026\data\syntheticvoice\orpheus_tts_english_indian_multispeaker\data\train-00000-of-00007.parquet,11,50,audio,Orpheus
Orpheus:train-00000-of-00007.parquet:rg11:r62,1,calibration,orpheus:recording:Orpheus:train-00000-of-00007.parquet:rg11:r62,,C:\Users\Mahesh\Desktop\Projects\sih-2026\data\syntheticvoice\orpheus_tts_english_indian_multispeaker\data\train-00000-of-00007.parquet,11,62,audio,Orpheus
Orpheus:train-00000-of-00007.parquet:rg11:r95,1,calibration,orpheus:recording:Orpheus:train-00000-of-00007.parquet:rg11:r95,,C:\Users\Mahesh\Desktop\Projects\sih-2026\data\syntheticvoice\orpheus_tts_english_indian_multispeaker\data\train-00000-of-00007.parquet,11,95,audio,Orpheus
Orpheus:train-00000-of-00007.parquet:rg12:r1,1,calibration,orpheus:recording:Orpheus:train-00000-of-00007.parquet:rg12:r1,,C:\Users\Mahesh\Desktop\Projects\sih-2026\data\syntheticvoice\orpheus_tts_english_indian_multispeaker\data\train-00000-of-00007.parquet,12,1,audio,Orpheus
Orpheus:train-00000-of-00007.parquet:rg12:r12,1,calibration,orpheus:recording:Orpheus:train-00000-of-00007.parquet:rg12:r12,,C:\Users\Mahesh\Desktop\Projects\sih-2026\data\syntheticvoice\orpheus_tts_english_indian_multispeaker\data\train-00000-of-00007.parquet,12,12,audio,Orpheus
Orpheus:train-00000-of-00007.parquet:rg12:r26,1,calibration,orpheus:recording:Orpheus:train-00000-of-00007.parquet:rg12:r26,,C:\Users\Mahesh\Desktop\Projects\sih-2026\data\syntheticvoice\orpheus_tts_english_indian_multispeaker\data\train-00000-of-00007.parquet,12,26,audio,Orpheus
Orpheus:train-00000-of-00007.parquet:rg12:r32,1,calibration,orpheus:recording:Orpheus:train-00000-of-00007.parquet:rg12:r32,,C:\Users\Mahesh\Desktop\Projects\sih-2026\data\syntheticvoice\orpheus_tts_english_indian_multispeaker\data\train-00000-of-00007.parquet,12,32,audio,Orpheus
Orpheus:train-00000-of-00007.parquet:rg12:r38,1,calibration,orpheus:recording:Orpheus:train-00000-of-00007.parquet:rg12:r38,,C:\Users\Mahesh\Desktop\Projects\sih-2026\data\syntheticvoice\orpheus_tts_english_indian_multispeaker\data\train-00000-of-00007.parquet,12,38,audio,Orpheus
Orpheus:train-00000-of-00007.parquet:rg12:r41,1,calibration,orpheus:recording:Orpheus:train-00000-of-00007.parquet:rg12:r41,,C:\Users\Mahesh\Desktop\Projects\sih-2026\data\syntheticvoice\orpheus_tts_english_indian_multispeaker\data\train-00000-of-00007.parquet,12,41,audio,Orpheus
Orpheus:train-00000-of-00007.parquet:rg12:r43,1,calibration,orpheus:recording:Orpheus:train-00000-of-00007.parquet:rg12:r43,,C:\Users\Mahesh\Desktop\Projects\sih-2026\data\syntheticvoice\orpheus_tts_english_indian_multispeaker\data\train-00000-of-00007.parquet,12,43,audio,Orpheus
Orpheus:train-00000-of-00007.parquet:rg12:r60,1,calibration,orpheus:recording:Orpheus:train-00000-of-00007.parquet:rg12:r60,,C:\Users\Mahesh\Desktop\Projects\sih-2026\data\syntheticvoice\orpheus_tts_english_indian_multispeaker\data\train-00000-of-00007.parquet,12,60,audio,Orpheus
Orpheus:train-00000-of-00007.parquet:rg12:r80,1,calibration,orpheus:recording:Orpheus:train-00000-of-00007.parquet:rg12:r80,,C:\Users\Mahesh\Desktop\Projects\sih-2026\data\syntheticvoice\orpheus_tts_english_indian_multispeaker\data\train-00000-of-00007.parquet,12,80,audio,Orpheus
Orpheus:train-00000-of-00007.parquet:rg12:r82,1,calibration,orpheus:recording:Orpheus:train-00000-of-00007.parquet:rg12:r82,,C:\Users\Mahesh\Desktop\Projects\sih-2026\data\syntheticvoice\orpheus_tts_english_indian_multispeaker\data\train-00000-of-00007.parquet,12,82,audio,Orpheus
Orpheus:train-00000-of-00007.parquet:rg12:r86,1,calibration,orpheus:recording:Orpheus:train-00000-of-00007.parquet:rg12:r86,,C:\Users\Mahesh\Desktop\Projects\sih-2026\data\syntheticvoice\orpheus_tts_english_indian_multispeaker\data\train-00000-of-00007.parquet,12,86,audio,Orpheus
Orpheus:train-00000-of-00007.parquet:rg12:r88,1,calibration,orpheus:recording:Orpheus:train-00000-of-00007.parquet:rg12:r88,,C:\Users\Mahesh\Desktop\Projects\sih-2026\data\syntheticvoice\orpheus_tts_english_indian_multispeaker\data\train-00000-of-00007.parquet,12,88,audio,Orpheus
Orpheus:train-00000-of-00007.parquet:rg12:r98,1,calibration,orpheus:recording:Orpheus:train-00000-of-00007.parquet:rg12:r98,,C:\Users\Mahesh\Desktop\Projects\sih-2026\data\syntheticvoice\orpheus_tts_english_indian_multispeaker\data\train-00000-of-00007.parquet,12,98,audio,Orpheus
Orpheus:train-00000-of-00007.parquet:rg13:r16,1,calibration,orpheus:recording:Orpheus:train-00000-of-00007.parquet:rg13:r16,,C:\Users\Mahesh\Desktop\Projects\sih-2026\data\syntheticvoice\orpheus_tts_english_indian_multispeaker\data\train-00000-of-00007.parquet,13,16,audio,Orpheus
Orpheus:train-00000-of-00007.parquet:rg13:r21,1,calibration,orpheus:recording:Orpheus:train-00000-of-00007.parquet:rg13:r21,,C:\Users\Mahesh\Desktop\Projects\sih-2026\data\syntheticvoice\orpheus_tts_english_indian_multispeaker\data\train-00000-of-00007.parquet,13,21,audio,Orpheus
Orpheus:train-00000-of-00007.parquet:rg13:r26,1,calibration,orpheus:recording:Orpheus:train-00000-of-00007.parquet:rg13:r26,,C:\Users\Mahesh\Desktop\Projects\sih-2026\data\syntheticvoice\orpheus_tts_english_indian_multispeaker\data\train-00000-of-00007.parquet,13,26,audio,Orpheus
Orpheus:train-00000-of-00007.parquet:rg13:r35,1,calibration,orpheus:recording:Orpheus:train-00000-of-00007.parquet:rg13:r35,,C:\Users\Mahesh\Desktop\Projects\sih-2026\data\syntheticvoice\orpheus_tts_english_indian_multispeaker\data\train-00000-of-00007.parquet,13,35,audio,Orpheus
Orpheus:train-00000-of-00007.parquet:rg13:r44,1,calibration,orpheus:recording:Orpheus:train-00000-of-00007.parquet:rg13:r44,,C:\Users\Mahesh\Desktop\Projects\sih-2026\data\syntheticvoice\orpheus_tts_english_indian_multispeaker\data\train-00000-of-00007.parquet,13,44,audio,Orpheus
Orpheus:train-00000-of-00007.parquet:rg13:r47,1,calibration,orpheus:recording:Orpheus:train-00000-of-00007.parquet:rg13:r47,,C:\Users\Mahesh\Desktop\Projects\sih-2026\data\syntheticvoice\orpheus_tts_english_indian_multispeaker\data\train-00000-of-00007.parquet,13,47,audio,Orpheus
Orpheus:train-00000-of-00007.parquet:rg13:r54,1,calibration,orpheus:recording:Orpheus:train-00000-of-00007.parquet:rg13:r54,,C:\Users\Mahesh\Desktop\Projects\sih-2026\data\syntheticvoice\orpheus_tts_english_indian_multispeaker\data\train-00000-of-00007.parquet,13,54,audio,Orpheus
Orpheus:train-00000-of-00007.parquet:rg13:r66,1,calibration,orpheus:recording:Orpheus:train-00000-of-00007.parquet:rg13:r66,,C:\Users\Mahesh\Desktop\Projects\sih-2026\data\syntheticvoice\orpheus_tts_english_indian_multispeaker\data\train-00000-of-00007.parquet,13,66,audio,Orpheus
Orpheus:train-00000-of-00007.parquet:rg13:r68,1,calibration,orpheus:recording:Orpheus:train-00000-of-00007.parquet:rg13:r68,,C:\Users\Mahesh\Desktop\Projects\sih-2026\data\syntheticvoice\orpheus_tts_english_indian_multispeaker\data\train-00000-of-00007.parquet,13,68,audio,Orpheus
Orpheus:train-00000-of-00007.parquet:rg13:r76,1,calibration,orpheus:recording:Orpheus:train-00000-of-00007.parquet:rg13:r76,,C:\Users\Mahesh\Desktop\Projects\sih-2026\data\syntheticvoice\orpheus_tts_english_indian_multispeaker\data\train-00000-of-00007.parquet,13,76,audio,Orpheus
Orpheus:train-00000-of-00007.parquet:rg13:r95,1,calibration,orpheus:recording:Orpheus:train-00000-of-00007.parquet:rg13:r95,,C:\Users\Mahesh\Desktop\Projects\sih-2026\data\syntheticvoice\orpheus_tts_english_indian_multispeaker\data\train-00000-of-00007.parquet,13,95,audio,Orpheus
Orpheus:train-00000-of-00007.parquet:rg14:r6,1,calibration,orpheus:recording:Orpheus:train-00000-of-00007.parquet:rg14:r6,,C:\Users\Mahesh\Desktop\Projects\sih-2026\data\syntheticvoice\orpheus_tts_english_indian_multispeaker\data\train-00000-of-00007.parquet,14,6,audio,Orpheus
Orpheus:train-00000-of-00007.parquet:rg14:r23,1,calibration,orpheus:recording:Orpheus:train-00000-of-00007.parquet:rg14:r23,,C:\Users\Mahesh\Desktop\Projects\sih-2026\data\syntheticvoice\orpheus_tts_english_indian_multispeaker\data\train-00000-of-00007.parquet,14,23,audio,Orpheus
Orpheus:train-00000-of-00007.parquet:rg14:r26,1,calibration,orpheus:recording:Orpheus:train-00000-of-00007.parquet:rg14:r26,,C:\Users\Mahesh\Desktop\Projects\sih-2026\data\syntheticvoice\orpheus_tts_english_indian_multispeaker\data\train-00000-of-00007.parquet,14,26,audio,Orpheus
Orpheus:train-00000-of-00007.parquet:rg14:r35,1,calibration,orpheus:recording:Orpheus:train-00000-of-00007.parquet:rg14:r35,,C:\Users\Mahesh\Desktop\Projects\sih-2026\data\syntheticvoice\orpheus_tts_english_indian_multispeaker\data\train-00000-of-00007.parquet,14,35,audio,Orpheus
Orpheus:train-00000-of-00007.parquet:rg14:r43,1,calibration,orpheus:recording:Orpheus:train-00000-of-00007.parquet:rg14:r43,,C:\Users\Mahesh\Desktop\Projects\sih-2026\data\syntheticvoice\orpheus_tts_english_indian_multispeaker\data\train-00000-of-00007.parquet,14,43,audio,Orpheus
Orpheus:train-00000-of-00007.parquet:rg14:r45,1,calibration,orpheus:recording:Orpheus:train-00000-of-00007.parquet:rg14:r45,,C:\Users\Mahesh\Desktop\Projects\sih-2026\data\syntheticvoice\orpheus_tts_english_indian_multispeaker\data\train-00000-of-00007.parquet,14,45,audio,Orpheus
Orpheus:train-00000-of-00007.parquet:rg14:r46,1,calibration,orpheus:recording:Orpheus:train-00000-of-00007.parquet:rg14:r46,,C:\Users\Mahesh\Desktop\Projects\sih-2026\data\syntheticvoice\orpheus_tts_english_indian_multispeaker\data\train-00000-of-00007.parquet,14,46,audio,Orpheus
Orpheus:train-00000-of-00007.parquet:rg14:r48,1,calibration,orpheus:recording:Orpheus:train-00000-of-00007.parquet:rg14:r48,,C:\Users\Mahesh\Desktop\Projects\sih-2026\data\syntheticvoice\orpheus_tts_english_indian_multispeaker\data\train-00000-of-00007.parquet,14,48,audio,Orpheus
Orpheus:train-00000-of-00007.parquet:rg14:r70,1,calibration,orpheus:recording:Orpheus:train-00000-of-00007.parquet:rg14:r70,,C:\Users\Mahesh\Desktop\Projects\sih-2026\data\syntheticvoice\orpheus_tts_english_indian_multispeaker\data\train-00000-of-00007.parquet,14,70,audio,Orpheus
Orpheus:train-00000-of-00007.parquet:rg14:r75,1,calibration,orpheus:recording:Orpheus:train-00000-of-00007.parquet:rg14:r75,,C:\Users\Mahesh\Desktop\Projects\sih-2026\data\syntheticvoice\orpheus_tts_english_indian_multispeaker\data\train-00000-of-00007.parquet,14,75,audio,Orpheus
Orpheus:train-00000-of-00007.parquet:rg14:r80,1,calibration,orpheus:recording:Orpheus:train-00000-of-00007.parquet:rg14:r80,,C:\Users\Mahesh\Desktop\Projects\sih-2026\data\syntheticvoice\orpheus_tts_english_indian_multispeaker\data\train-00000-of-00007.parquet,14,80,audio,Orpheus
Orpheus:train-00000-of-00007.parquet:rg14:r82,1,calibration,orpheus:recording:Orpheus:train-00000-of-00007.parquet:rg14:r82,,C:\Users\Mahesh\Desktop\Projects\sih-2026\data\syntheticvoice\orpheus_tts_english_indian_multispeaker\data\train-00000-of-00007.parquet,14,82,audio,Orpheus
Orpheus:train-00000-of-00007.parquet:rg14:r99,1,calibration,orpheus:recording:Orpheus:train-00000-of-00007.parquet:rg14:r99,,C:\Users\Mahesh\Desktop\Projects\sih-2026\data\syntheticvoice\orpheus_tts_english_indian_multispeaker\data\train-00000-of-00007.parquet,14,99,audio,Orpheus
Orpheus:train-00000-of-00007.parquet:rg15:r1,1,calibration,orpheus:recording:Orpheus:train-00000-of-00007.parquet:rg15:r1,,C:\Users\Mahesh\Desktop\Projects\sih-2026\data\syntheticvoice\orpheus_tts_english_indian_multispeaker\data\train-00000-of-00007.parquet,15,1,audio,Orpheus
Orpheus:train-00000-of-00007.parquet:rg15:r5,1,calibration,orpheus:recording:Orpheus:train-00000-of-00007.parquet:rg15:r5,,C:\Users\Mahesh\Desktop\Projects\sih-2026\data\syntheticvoice\orpheus_tts_english_indian_multispeaker\data\train-00000-of-00007.parquet,15,5,audio,Orpheus
Orpheus:train-00000-of-00007.parquet:rg15:r23,1,calibration,orpheus:recording:Orpheus:train-00000-of-00007.parquet:rg15:r23,,C:\Users\Mahesh\Desktop\Projects\sih-2026\data\syntheticvoice\orpheus_tts_english_indian_multispeaker\data\train-00000-of-00007.parquet,15,23,audio,Orpheus
Orpheus:train-00000-of-00007.parquet:rg15:r33,1,calibration,orpheus:recording:Orpheus:train-00000-of-00007.parquet:rg15:r33,,C:\Users\Mahesh\Desktop\Projects\sih-2026\data\syntheticvoice\orpheus_tts_english_indian_multispeaker\data\train-00000-of-00007.parquet,15,33,audio,Orpheus
Orpheus:train-00000-of-00007.parquet:rg15:r53,1,calibration,orpheus:recording:Orpheus:train-00000-of-00007.parquet:rg15:r53,,C:\Users\Mahesh\Desktop\Projects\sih-2026\data\syntheticvoice\orpheus_tts_english_indian_multispeaker\data\train-00000-of-00007.parquet,15,53,audio,Orpheus
Orpheus:train-00000-of-00007.parquet:rg15:r62,1,calibration,orpheus:recording:Orpheus:train-00000-of-00007.parquet:rg15:r62,,C:\Users\Mahesh\Desktop\Projects\sih-2026\data\syntheticvoice\orpheus_tts_english_indian_multispeaker\data\train-00000-of-00007.parquet,15,62,audio,Orpheus
Orpheus:train-00000-of-00007.parquet:rg15:r63,1,calibration,orpheus:recording:Orpheus:train-00000-of-00007.parquet:rg15:r63,,C:\Users\Mahesh\Desktop\Projects\sih-2026\data\syntheticvoice\orpheus_tts_english_indian_multispeaker\data\train-00000-of-00007.parquet,15,63,audio,Orpheus
Orpheus:train-00000-of-00007.parquet:rg15:r65,1,calibration,orpheus:recording:Orpheus:train-00000-of-00007.parquet:rg15:r65,,C:\Users\Mahesh\Desktop\Projects\sih-2026\data\syntheticvoice\orpheus_tts_english_indian_multispeaker\data\train-00000-of-00007.parquet,15,65,audio,Orpheus
Orpheus:train-00000-of-00007.parquet:rg15:r66,1,calibration,orpheus:recording:Orpheus:train-00000-of-00007.parquet:rg15:r66,,C:\Users\Mahesh\Desktop\Projects\sih-2026\data\syntheticvoice\orpheus_tts_english_indian_multispeaker\data\train-00000-of-00007.parquet,15,66,audio,Orpheus
Orpheus:train-00000-of-00007.parquet:rg15:r92,1,calibration,orpheus:recording:Orpheus:train-00000-of-00007.parquet:rg15:r92,,C:\Users\Mahesh\Desktop\Projects\sih-2026\data\syntheticvoice\orpheus_tts_english_indian_multispeaker\data\train-00000-of-00007.parquet,15,92,audio,Orpheus
Orpheus:train-00000-of-00007.parquet:rg15:r93,1,calibration,orpheus:recording:Orpheus:train-00000-of-00007.parquet:rg15:r93,,C:\Users\Mahesh\Desktop\Projects\sih-2026\data\syntheticvoice\orpheus_tts_english_indian_multispeaker\data\train-00000-of-00007.parquet,15,93,audio,Orpheus
Orpheus:train-00000-of-00007.parquet:rg15:r95,1,calibration,orpheus:recording:Orpheus:train-00000-of-00007.parquet:rg15:r95,,C:\Users\Mahesh\Desktop\Projects\sih-2026\data\syntheticvoice\orpheus_tts_english_indian_multispeaker\data\train-00000-of-00007.parquet,15,95,audio,Orpheus
Orpheus:train-00000-of-00007.parquet:rg16:r0,1,calibration,orpheus:recording:Orpheus:train-00000-of-00007.parquet:rg16:r0,,C:\Users\Mahesh\Desktop\Projects\sih-2026\data\syntheticvoice\orpheus_tts_english_indian_multispeaker\data\train-00000-of-00007.parquet,16,0,audio,Orpheus
Orpheus:train-00000-of-00007.parquet:rg16:r5,1,calibration,orpheus:recording:Orpheus:train-00000-of-00007.parquet:rg16:r5,,C:\Users\Mahesh\Desktop\Projects\sih-2026\data\syntheticvoice\orpheus_tts_english_indian_multispeaker\data\train-00000-of-00007.parquet,16,5,audio,Orpheus
Orpheus:train-00000-of-00007.parquet:rg16:r46,1,calibration,orpheus:recording:Orpheus:train-00000-of-00007.parquet:rg16:r46,,C:\Users\Mahesh\Desktop\Projects\sih-2026\data\syntheticvoice\orpheus_tts_english_indian_multispeaker\data\train-00000-of-00007.parquet,16,46,audio,Orpheus
Orpheus:train-00000-of-00007.parquet:rg16:r48,1,calibration,orpheus:recording:Orpheus:train-00000-of-00007.parquet:rg16:r48,,C:\Users\Mahesh\Desktop\Projects\sih-2026\data\syntheticvoice\orpheus_tts_english_indian_multispeaker\data\train-00000-of-00007.parquet,16,48,audio,Orpheus
Orpheus:train-00000-of-00007.parquet:rg16:r64,1,calibration,orpheus:recording:Orpheus:train-00000-of-00007.parquet:rg16:r64,,C:\Users\Mahesh\Desktop\Projects\sih-2026\data\syntheticvoice\orpheus_tts_english_indian_multispeaker\data\train-00000-of-00007.parquet,16,64,audio,Orpheus
Orpheus:train-00000-of-00007.parquet:rg16:r68,1,calibration,orpheus:recording:Orpheus:train-00000-of-00007.parquet:rg16:r68,,C:\Users\Mahesh\Desktop\Projects\sih-2026\data\syntheticvoice\orpheus_tts_english_indian_multispeaker\data\train-00000-of-00007.parquet,16,68,audio,Orpheus
Orpheus:train-00000-of-00007.parquet:rg17:r3,1,calibration,orpheus:recording:Orpheus:train-00000-of-00007.parquet:rg17:r3,,C:\Users\Mahesh\Desktop\Projects\sih-2026\data\syntheticvoice\orpheus_tts_english_indian_multispeaker\data\train-00000-of-00007.parquet,17,3,audio,Orpheus
Orpheus:train-00000-of-00007.parquet:rg17:r7,1,calibration,orpheus:recording:Orpheus:train-00000-of-00007.parquet:rg17:r7,,C:\Users\Mahesh\Desktop\Projects\sih-2026\data\syntheticvoice\orpheus_tts_english_indian_multispeaker\data\train-00000-of-00007.parquet,17,7,audio,Orpheus
Orpheus:train-00000-of-00007.parquet:rg17:r8,1,calibration,orpheus:recording:Orpheus:train-00000-of-00007.parquet:rg17:r8,,C:\Users\Mahesh\Desktop\Projects\sih-2026\data\syntheticvoice\orpheus_tts_english_indian_multispeaker\data\train-00000-of-00007.parquet,17,8,audio,Orpheus
Orpheus:train-00000-of-00007.parquet:rg17:r23,1,calibration,orpheus:recording:Orpheus:train-00000-of-00007.parquet:rg17:r23,,C:\Users\Mahesh\Desktop\Projects\sih-2026\data\syntheticvoice\orpheus_tts_english_indian_multispeaker\data\train-00000-of-00007.parquet,17,23,audio,Orpheus
Orpheus:train-00000-of-00007.parquet:rg17:r30,1,calibration,orpheus:recording:Orpheus:train-00000-of-00007.parquet:rg17:r30,,C:\Users\Mahesh\Desktop\Projects\sih-2026\data\syntheticvoice\orpheus_tts_english_indian_multispeaker\data\train-00000-of-00007.parquet,17,30,audio,Orpheus
Orpheus:train-00000-of-00007.parquet:rg17:r40,1,calibration,orpheus:recording:Orpheus:train-00000-of-00007.parquet:rg17:r40,,C:\Users\Mahesh\Desktop\Projects\sih-2026\data\syntheticvoice\orpheus_tts_english_indian_multispeaker\data\train-00000-of-00007.parquet,17,40,audio,Orpheus
Orpheus:train-00000-of-00007.parquet:rg17:r51,1,calibration,orpheus:recording:Orpheus:train-00000-of-00007.parquet:rg17:r51,,C:\Users\Mahesh\Desktop\Projects\sih-2026\data\syntheticvoice\orpheus_tts_english_indian_multispeaker\data\train-00000-of-00007.parquet,17,51,audio,Orpheus
Orpheus:train-00000-of-00007.parquet:rg17:r66,1,calibration,orpheus:recording:Orpheus:train-00000-of-00007.parquet:rg17:r66,,C:\Users\Mahesh\Desktop\Projects\sih-2026\data\syntheticvoice\orpheus_tts_english_indian_multispeaker\data\train-00000-of-00007.parquet,17,66,audio,Orpheus
Orpheus:train-00000-of-00007.parquet:rg17:r67,1,calibration,orpheus:recording:Orpheus:train-00000-of-00007.parquet:rg17:r67,,C:\Users\Mahesh\Desktop\Projects\sih-2026\data\syntheticvoice\orpheus_tts_english_indian_multispeaker\data\train-00000-of-00007.parquet,17,67,audio,Orpheus
Orpheus:train-00000-of-00007.parquet:rg17:r69,1,calibration,orpheus:recording:Orpheus:train-00000-of-00007.parquet:rg17:r69,,C:\Users\Mahesh\Desktop\Projects\sih-2026\data\syntheticvoice\orpheus_tts_english_indian_multispeaker\data\train-00000-of-00007.parquet,17,69,audio,Orpheus
Orpheus:train-00000-of-00007.parquet:rg17:r76,1,calibration,orpheus:recording:Orpheus:train-00000-of-00007.parquet:rg17:r76,,C:\Users\Mahesh\Desktop\Projects\sih-2026\data\syntheticvoice\orpheus_tts_english_indian_multispeaker\data\train-00000-of-00007.parquet,17,76,audio,Orpheus
Orpheus:train-00000-of-00007.parquet:rg17:r86,1,calibration,orpheus:recording:Orpheus:train-00000-of-00007.parquet:rg17:r86,,C:\Users\Mahesh\Desktop\Projects\sih-2026\data\syntheticvoice\orpheus_tts_english_indian_multispeaker\data\train-00000-of-00007.parquet,17,86,audio,Orpheus
Orpheus:train-00000-of-00007.parquet:rg17:r89,1,calibration,orpheus:recording:Orpheus:train-00000-of-00007.parquet:rg17:r89,,C:\Users\Mahesh\Desktop\Projects\sih-2026\data\syntheticvoice\orpheus_tts_english_indian_multispeaker\data\train-00000-of-00007.parquet,17,89,audio,Orpheus
Orpheus:train-00000-of-00007.parquet:rg17:r91,1,calibration,orpheus:recording:Orpheus:train-00000-of-00007.parquet:rg17:r91,,C:\Users\Mahesh\Desktop\Projects\sih-2026\data\syntheticvoice\orpheus_tts_english_indian_multispeaker\data\train-00000-of-00007.parquet,17,91,audio,Orpheus
Orpheus:train-00000-of-00007.parquet:rg17:r97,1,calibration,orpheus:recording:Orpheus:train-00000-of-00007.parquet:rg17:r97,,C:\Users\Mahesh\Desktop\Projects\sih-2026\data\syntheticvoice\orpheus_tts_english_indian_multispeaker\data\train-00000-of-00007.parquet,17,97,audio,Orpheus
Orpheus:train-00000-of-00007.parquet:rg18:r5,1,calibration,orpheus:recording:Orpheus:train-00000-of-00007.parquet:rg18:r5,,C:\Users\Mahesh\Desktop\Projects\sih-2026\data\syntheticvoice\orpheus_tts_english_indian_multispeaker\data\train-00000-of-00007.parquet,18,5,audio,Orpheus
Orpheus:train-00000-of-00007.parquet:rg18:r19,1,calibration,orpheus:recording:Orpheus:train-00000-of-00007.parquet:rg18:r19,,C:\Users\Mahesh\Desktop\Projects\sih-2026\data\syntheticvoice\orpheus_tts_english_indian_multispeaker\data\train-00000-of-00007.parquet,18,19,audio,Orpheus
Orpheus:train-00000-of-00007.parquet:rg18:r31,1,calibration,orpheus:recording:Orpheus:train-00000-of-00007.parquet:rg18:r31,,C:\Users\Mahesh\Desktop\Projects\sih-2026\data\syntheticvoice\orpheus_tts_english_indian_multispeaker\data\train-00000-of-00007.parquet,18,31,audio,Orpheus
Orpheus:train-00000-of-00007.parquet:rg18:r32,1,calibration,orpheus:recording:Orpheus:train-00000-of-00007.parquet:rg18:r32,,C:\Users\Mahesh\Desktop\Projects\sih-2026\data\syntheticvoice\orpheus_tts_english_indian_multispeaker\data\train-00000-of-00007.parquet,18,32,audio,Orpheus
Orpheus:train-00000-of-00007.parquet:rg18:r39,1,calibration,orpheus:recording:Orpheus:train-00000-of-00007.parquet:rg18:r39,,C:\Users\Mahesh\Desktop\Projects\sih-2026\data\syntheticvoice\orpheus_tts_english_indian_multispeaker\data\train-00000-of-00007.parquet,18,39,audio,Orpheus
Orpheus:train-00000-of-00007.parquet:rg18:r52,1,calibration,orpheus:recording:Orpheus:train-00000-of-00007.parquet:rg18:r52,,C:\Users\Mahesh\Desktop\Projects\sih-2026\data\syntheticvoice\orpheus_tts_english_indian_multispeaker\data\train-00000-of-00007.parquet,18,52,audio,Orpheus
Orpheus:train-00000-of-00007.parquet:rg18:r67,1,calibration,orpheus:recording:Orpheus:train-00000-of-00007.parquet:rg18:r67,,C:\Users\Mahesh\Desktop\Projects\sih-2026\data\syntheticvoice\orpheus_tts_english_indian_multispeaker\data\train-00000-of-00007.parquet,18,67,audio,Orpheus
Orpheus:train-00000-of-00007.parquet:rg18:r85,1,calibration,orpheus:recording:Orpheus:train-00000-of-00007.parquet:rg18:r85,,C:\Users\Mahesh\Desktop\Projects\sih-2026\data\syntheticvoice\orpheus_tts_english_indian_multispeaker\data\train-00000-of-00007.parquet,18,85,audio,Orpheus
Orpheus:train-00001-of-00007.parquet:rg0:r4,1,calibration,orpheus:recording:Orpheus:train-00001-of-00007.parquet:rg0:r4,,C:\Users\Mahesh\Desktop\Projects\sih-2026\data\syntheticvoice\orpheus_tts_english_indian_multispeaker\data\train-00001-of-00007.parquet,0,4,audio,Orpheus
Orpheus:train-00001-of-00007.parquet:rg0:r23,1,calibration,orpheus:recording:Orpheus:train-00001-of-00007.parquet:rg0:r23,,C:\Users\Mahesh\Desktop\Projects\sih-2026\data\syntheticvoice\orpheus_tts_english_indian_multispeaker\data\train-00001-of-00007.parquet,0,23,audio,Orpheus
Orpheus:train-00001-of-00007.parquet:rg0:r34,1,calibration,orpheus:recording:Orpheus:train-00001-of-00007.parquet:rg0:r34,,C:\Users\Mahesh\Desktop\Projects\sih-2026\data\syntheticvoice\orpheus_tts_english_indian_multispeaker\data\train-00001-of-00007.parquet,0,34,audio,Orpheus
Orpheus:train-00001-of-00007.parquet:rg0:r41,1,calibration,orpheus:recording:Orpheus:train-00001-of-00007.parquet:rg0:r41,,C:\Users\Mahesh\Desktop\Projects\sih-2026\data\syntheticvoice\orpheus_tts_english_indian_multispeaker\data\train-00001-of-00007.parquet,0,41,audio,Orpheus
Orpheus:train-00001-of-00007.parquet:rg0:r66,1,calibration,orpheus:recording:Orpheus:train-00001-of-00007.parquet:rg0:r66,,C:\Users\Mahesh\Desktop\Projects\sih-2026\data\syntheticvoice\orpheus_tts_english_indian_multispeaker\data\train-00001-of-00007.parquet,0,66,audio,Orpheus
Orpheus:train-00001-of-00007.parquet:rg0:r71,1,calibration,orpheus:recording:Orpheus:train-00001-of-00007.parquet:rg0:r71,,C:\Users\Mahesh\Desktop\Projects\sih-2026\data\syntheticvoice\orpheus_tts_english_indian_multispeaker\data\train-00001-of-00007.parquet,0,71,audio,Orpheus
Orpheus:train-00001-of-00007.parquet:rg0:r72,1,calibration,orpheus:recording:Orpheus:train-00001-of-00007.parquet:rg0:r72,,C:\Users\Mahesh\Desktop\Projects\sih-2026\data\syntheticvoice\orpheus_tts_english_indian_multispeaker\data\train-00001-of-00007.parquet,0,72,audio,Orpheus
Orpheus:train-00001-of-00007.parquet:rg0:r73,1,calibration,orpheus:recording:Orpheus:train-00001-of-00007.parquet:rg0:r73,,C:\Users\Mahesh\Desktop\Projects\sih-2026\data\syntheticvoice\orpheus_tts_english_indian_multispeaker\data\train-00001-of-00007.parquet,0,73,audio,Orpheus
Orpheus:train-00001-of-00007.parquet:rg0:r97,1,calibration,orpheus:recording:Orpheus:train-00001-of-00007.parquet:rg0:r97,,C:\Users\Mahesh\Desktop\Projects\sih-2026\data\syntheticvoice\orpheus_tts_english_indian_multispeaker\data\train-00001-of-00007.parquet,0,97,audio,Orpheus
Orpheus:train-00001-of-00007.parquet:rg1:r5,1,calibration,orpheus:recording:Orpheus:train-00001-of-00007.parquet:rg1:r5,,C:\Users\Mahesh\Desktop\Projects\sih-2026\data\syntheticvoice\orpheus_tts_english_indian_multispeaker\data\train-00001-of-00007.parquet,1,5,audio,Orpheus
Orpheus:train-00001-of-00007.parquet:rg1:r28,1,calibration,orpheus:recording:Orpheus:train-00001-of-00007.parquet:rg1:r28,,C:\Users\Mahesh\Desktop\Projects\sih-2026\data\syntheticvoice\orpheus_tts_english_indian_multispeaker\data\train-00001-of-00007.parquet,1,28,audio,Orpheus
Orpheus:train-00001-of-00007.parquet:rg1:r37,1,calibration,orpheus:recording:Orpheus:train-00001-of-00007.parquet:rg1:r37,,C:\Users\Mahesh\Desktop\Projects\sih-2026\data\syntheticvoice\orpheus_tts_english_indian_multispeaker\data\train-00001-of-00007.parquet,1,37,audio,Orpheus
Orpheus:train-00001-of-00007.parquet:rg1:r47,1,calibration,orpheus:recording:Orpheus:train-00001-of-00007.parquet:rg1:r47,,C:\Users\Mahesh\Desktop\Projects\sih-2026\data\syntheticvoice\orpheus_tts_english_indian_multispeaker\data\train-00001-of-00007.parquet,1,47,audio,Orpheus
Orpheus:train-00001-of-00007.parquet:rg1:r55,1,calibration,orpheus:recording:Orpheus:train-00001-of-00007.parquet:rg1:r55,,C:\Users\Mahesh\Desktop\Projects\sih-2026\data\syntheticvoice\orpheus_tts_english_indian_multispeaker\data\train-00001-of-00007.parquet,1,55,audio,Orpheus
Orpheus:train-00001-of-00007.parquet:rg1:r79,1,calibration,orpheus:recording:Orpheus:train-00001-of-00007.parquet:rg1:r79,,C:\Users\Mahesh\Desktop\Projects\sih-2026\data\syntheticvoice\orpheus_tts_english_indian_multispeaker\data\train-00001-of-00007.parquet,1,79,audio,Orpheus
Orpheus:train-00001-of-00007.parquet:rg1:r80,1,calibration,orpheus:recording:Orpheus:train-00001-of-00007.parquet:rg1:r80,,C:\Users\Mahesh\Desktop\Projects\sih-2026\data\syntheticvoice\orpheus_tts_english_indian_multispeaker\data\train-00001-of-00007.parquet,1,80,audio,Orpheus
Orpheus:train-00001-of-00007.parquet:rg1:r86,1,calibration,orpheus:recording:Orpheus:train-00001-of-00007.parquet:rg1:r86,,C:\Users\Mahesh\Desktop\Projects\sih-2026\data\syntheticvoice\orpheus_tts_english_indian_multispeaker\data\train-00001-of-00007.parquet,1,86,audio,Orpheus
Orpheus:train-00001-of-00007.parquet:rg1:r89,1,calibration,orpheus:recording:Orpheus:train-00001-of-00007.parquet:rg1:r89,,C:\Users\Mahesh\Desktop\Projects\sih-2026\data\syntheticvoice\orpheus_tts_english_indian_multispeaker\data\train-00001-of-00007.parquet,1,89,audio,Orpheus
Orpheus:train-00001-of-00007.parquet:rg1:r91,1,calibration,orpheus:recording:Orpheus:train-00001-of-00007.parquet:rg1:r91,,C:\Users\Mahesh\Desktop\Projects\sih-2026\data\syntheticvoice\orpheus_tts_english_indian_multispeaker\data\train-00001-of-00007.parquet,1,91,audio,Orpheus
Orpheus:train-00001-of-00007.parquet:rg2:r36,1,calibration,orpheus:recording:Orpheus:train-00001-of-00007.parquet:rg2:r36,,C:\Users\Mahesh\Desktop\Projects\sih-2026\data\syntheticvoice\orpheus_tts_english_indian_multispeaker\data\train-00001-of-00007.parquet,2,36,audio,Orpheus
Orpheus:train-00001-of-00007.parquet:rg2:r42,1,calibration,orpheus:recording:Orpheus:train-00001-of-00007.parquet:rg2:r42,,C:\Users\Mahesh\Desktop\Projects\sih-2026\data\syntheticvoice\orpheus_tts_english_indian_multispeaker\data\train-00001-of-00007.parquet,2,42,audio,Orpheus
Orpheus:train-00001-of-00007.parquet:rg2:r54,1,calibration,orpheus:recording:Orpheus:train-00001-of-00007.parquet:rg2:r54,,C:\Users\Mahesh\Desktop\Projects\sih-2026\data\syntheticvoice\orpheus_tts_english_indian_multispeaker\data\train-00001-of-00007.parquet,2,54,audio,Orpheus
Orpheus:train-00001-of-00007.parquet:rg2:r60,1,calibration,orpheus:recording:Orpheus:train-00001-of-00007.parquet:rg2:r60,,C:\Users\Mahesh\Desktop\Projects\sih-2026\data\syntheticvoice\orpheus_tts_english_indian_multispeaker\data\train-00001-of-00007.parquet,2,60,audio,Orpheus
Orpheus:train-00001-of-00007.parquet:rg2:r67,1,calibration,orpheus:recording:Orpheus:train-00001-of-00007.parquet:rg2:r67,,C:\Users\Mahesh\Desktop\Projects\sih-2026\data\syntheticvoice\orpheus_tts_english_indian_multispeaker\data\train-00001-of-00007.parquet,2,67,audio,Orpheus
Orpheus:train-00001-of-00007.parquet:rg2:r73,1,calibration,orpheus:recording:Orpheus:train-00001-of-00007.parquet:rg2:r73,,C:\Users\Mahesh\Desktop\Projects\sih-2026\data\syntheticvoice\orpheus_tts_english_indian_multispeaker\data\train-00001-of-00007.parquet,2,73,audio,Orpheus
Orpheus:train-00001-of-00007.parquet:rg2:r75,1,calibration,orpheus:recording:Orpheus:train-00001-of-00007.parquet:rg2:r75,,C:\Users\Mahesh\Desktop\Projects\sih-2026\data\syntheticvoice\orpheus_tts_english_indian_multispeaker\data\train-00001-of-00007.parquet,2,75,audio,Orpheus
Orpheus:train-00001-of-00007.parquet:rg2:r90,1,calibration,orpheus:recording:Orpheus:train-00001-of-00007.parquet:rg2:r90,,C:\Users\Mahesh\Desktop\Projects\sih-2026\data\syntheticvoice\orpheus_tts_english_indian_multispeaker\data\train-00001-of-00007.parquet,2,90,audio,Orpheus
Orpheus:train-00001-of-00007.parquet:rg3:r14,1,calibration,orpheus:recording:Orpheus:train-00001-of-00007.parquet:rg3:r14,,C:\Users\Mahesh\Desktop\Projects\sih-2026\data\syntheticvoice\orpheus_tts_english_indian_multispeaker\data\train-00001-of-00007.parquet,3,14,audio,Orpheus
Orpheus:train-00001-of-00007.parquet:rg3:r25,1,calibration,orpheus:recording:Orpheus:train-00001-of-00007.parquet:rg3:r25,,C:\Users\Mahesh\Desktop\Projects\sih-2026\data\syntheticvoice\orpheus_tts_english_indian_multispeaker\data\train-00001-of-00007.parquet,3,25,audio,Orpheus
Orpheus:train-00001-of-00007.parquet:rg3:r28,1,calibration,orpheus:recording:Orpheus:train-00001-of-00007.parquet:rg3:r28,,C:\Users\Mahesh\Desktop\Projects\sih-2026\data\syntheticvoice\orpheus_tts_english_indian_multispeaker\data\train-00001-of-00007.parquet,3,28,audio,Orpheus
Orpheus:train-00001-of-00007.parquet:rg3:r48,1,calibration,orpheus:recording:Orpheus:train-00001-of-00007.parquet:rg3:r48,,C:\Users\Mahesh\Desktop\Projects\sih-2026\data\syntheticvoice\orpheus_tts_english_indian_multispeaker\data\train-00001-of-00007.parquet,3,48,audio,Orpheus
Orpheus:train-00001-of-00007.parquet:rg3:r62,1,calibration,orpheus:recording:Orpheus:train-00001-of-00007.parquet:rg3:r62,,C:\Users\Mahesh\Desktop\Projects\sih-2026\data\syntheticvoice\orpheus_tts_english_indian_multispeaker\data\train-00001-of-00007.parquet,3,62,audio,Orpheus
Orpheus:train-00001-of-00007.parquet:rg3:r88,1,calibration,orpheus:recording:Orpheus:train-00001-of-00007.parquet:rg3:r88,,C:\Users\Mahesh\Desktop\Projects\sih-2026\data\syntheticvoice\orpheus_tts_english_indian_multispeaker\data\train-00001-of-00007.parquet,3,88,audio,Orpheus
Orpheus:train-00001-of-00007.parquet:rg3:r95,1,calibration,orpheus:recording:Orpheus:train-00001-of-00007.parquet:rg3:r95,,C:\Users\Mahesh\Desktop\Projects\sih-2026\data\syntheticvoice\orpheus_tts_english_indian_multispeaker\data\train-00001-of-00007.parquet,3,95,audio,Orpheus
Orpheus:train-00001-of-00007.parquet:rg4:r3,1,calibration,orpheus:recording:Orpheus:train-00001-of-00007.parquet:rg4:r3,,C:\Users\Mahesh\Desktop\Projects\sih-2026\data\syntheticvoice\orpheus_tts_english_indian_multispeaker\data\train-00001-of-00007.parquet,4,3,audio,Orpheus
Orpheus:train-00001-of-00007.parquet:rg4:r4,1,calibration,orpheus:recording:Orpheus:train-00001-of-00007.parquet:rg4:r4,,C:\Users\Mahesh\Desktop\Projects\sih-2026\data\syntheticvoice\orpheus_tts_english_indian_multispeaker\data\train-00001-of-00007.parquet,4,4,audio,Orpheus
Orpheus:train-00001-of-00007.parquet:rg4:r23,1,calibration,orpheus:recording:Orpheus:train-00001-of-00007.parquet:rg4:r23,,C:\Users\Mahesh\Desktop\Projects\sih-2026\data\syntheticvoice\orpheus_tts_english_indian_multispeaker\data\train-00001-of-00007.parquet,4,23,audio,Orpheus
Orpheus:train-00001-of-00007.parquet:rg4:r42,1,calibration,orpheus:recording:Orpheus:train-00001-of-00007.parquet:rg4:r42,,C:\Users\Mahesh\Desktop\Projects\sih-2026\data\syntheticvoice\orpheus_tts_english_indian_multispeaker\data\train-00001-of-00007.parquet,4,42,audio,Orpheus
Orpheus:train-00001-of-00007.parquet:rg4:r61,1,calibration,orpheus:recording:Orpheus:train-00001-of-00007.parquet:rg4:r61,,C:\Users\Mahesh\Desktop\Projects\sih-2026\data\syntheticvoice\orpheus_tts_english_indian_multispeaker\data\train-00001-of-00007.parquet,4,61,audio,Orpheus
Orpheus:train-00001-of-00007.parquet:rg4:r68,1,calibration,orpheus:recording:Orpheus:train-00001-of-00007.parquet:rg4:r68,,C:\Users\Mahesh\Desktop\Projects\sih-2026\data\syntheticvoice\orpheus_tts_english_indian_multispeaker\data\train-00001-of-00007.parquet,4,68,audio,Orpheus
Orpheus:train-00001-of-00007.parquet:rg4:r77,1,calibration,orpheus:recording:Orpheus:train-00001-of-00007.parquet:rg4:r77,,C:\Users\Mahesh\Desktop\Projects\sih-2026\data\syntheticvoice\orpheus_tts_english_indian_multispeaker\data\train-00001-of-00007.parquet,4,77,audio,Orpheus
Orpheus:train-00001-of-00007.parquet:rg5:r9,1,calibration,orpheus:recording:Orpheus:train-00001-of-00007.parquet:rg5:r9,,C:\Users\Mahesh\Desktop\Projects\sih-2026\data\syntheticvoice\orpheus_tts_english_indian_multispeaker\data\train-00001-of-00007.parquet,5,9,audio,Orpheus
Orpheus:train-00001-of-00007.parquet:rg5:r12,1,calibration,orpheus:recording:Orpheus:train-00001-of-00007.parquet:rg5:r12,,C:\Users\Mahesh\Desktop\Projects\sih-2026\data\syntheticvoice\orpheus_tts_english_indian_multispeaker\data\train-00001-of-00007.parquet,5,12,audio,Orpheus
Orpheus:train-00001-of-00007.parquet:rg5:r22,1,calibration,orpheus:recording:Orpheus:train-00001-of-00007.parquet:rg5:r22,,C:\Users\Mahesh\Desktop\Projects\sih-2026\data\syntheticvoice\orpheus_tts_english_indian_multispeaker\data\train-00001-of-00007.parquet,5,22,audio,Orpheus
Orpheus:train-00001-of-00007.parquet:rg5:r29,1,calibration,orpheus:recording:Orpheus:train-00001-of-00007.parquet:rg5:r29,,C:\Users\Mahesh\Desktop\Projects\sih-2026\data\syntheticvoice\orpheus_tts_english_indian_multispeaker\data\train-00001-of-00007.parquet,5,29,audio,Orpheus
Orpheus:train-00001-of-00007.parquet:rg5:r32,1,calibration,orpheus:recording:Orpheus:train-00001-of-00007.parquet:rg5:r32,,C:\Users\Mahesh\Desktop\Projects\sih-2026\data\syntheticvoice\orpheus_tts_english_indian_multispeaker\data\train-00001-of-00007.parquet,5,32,audio,Orpheus
Orpheus:train-00001-of-00007.parquet:rg5:r50,1,calibration,orpheus:recording:Orpheus:train-00001-of-00007.parquet:rg5:r50,,C:\Users\Mahesh\Desktop\Projects\sih-2026\data\syntheticvoice\orpheus_tts_english_indian_multispeaker\data\train-00001-of-00007.parquet,5,50,audio,Orpheus
Orpheus:train-00001-of-00007.parquet:rg5:r62,1,calibration,orpheus:recording:Orpheus:train-00001-of-00007.parquet:rg5:r62,,C:\Users\Mahesh\Desktop\Projects\sih-2026\data\syntheticvoice\orpheus_tts_english_indian_multispeaker\data\train-00001-of-00007.parquet,5,62,audio,Orpheus
Orpheus:train-00001-of-00007.parquet:rg5:r64,1,calibration,orpheus:recording:Orpheus:train-00001-of-00007.parquet:rg5:r64,,C:\Users\Mahesh\Desktop\Projects\sih-2026\data\syntheticvoice\orpheus_tts_english_indian_multispeaker\data\train-00001-of-00007.parquet,5,64,audio,Orpheus
Orpheus:train-00001-of-00007.parquet:rg5:r91,1,calibration,orpheus:recording:Orpheus:train-00001-of-00007.parquet:rg5:r91,,C:\Users\Mahesh\Desktop\Projects\sih-2026\data\syntheticvoice\orpheus_tts_english_indian_multispeaker\data\train-00001-of-00007.parquet,5,91,audio,Orpheus
Orpheus:train-00001-of-00007.parquet:rg6:r3,1,calibration,orpheus:recording:Orpheus:train-00001-of-00007.parquet:rg6:r3,,C:\Users\Mahesh\Desktop\Projects\sih-2026\data\syntheticvoice\orpheus_tts_english_indian_multispeaker\data\train-00001-of-00007.parquet,6,3,audio,Orpheus
Orpheus:train-00001-of-00007.parquet:rg6:r4,1,calibration,orpheus:recording:Orpheus:train-00001-of-00007.parquet:rg6:r4,,C:\Users\Mahesh\Desktop\Projects\sih-2026\data\syntheticvoice\orpheus_tts_english_indian_multispeaker\data\train-00001-of-00007.parquet,6,4,audio,Orpheus
Orpheus:train-00001-of-00007.parquet:rg6:r8,1,calibration,orpheus:recording:Orpheus:train-00001-of-00007.parquet:rg6:r8,,C:\Users\Mahesh\Desktop\Projects\sih-2026\data\syntheticvoice\orpheus_tts_english_indian_multispeaker\data\train-00001-of-00007.parquet,6,8,audio,Orpheus
Orpheus:train-00001-of-00007.parquet:rg6:r9,1,calibration,orpheus:recording:Orpheus:train-00001-of-00007.parquet:rg6:r9,,C:\Users\Mahesh\Desktop\Projects\sih-2026\data\syntheticvoice\orpheus_tts_english_indian_multispeaker\data\train-00001-of-00007.parquet,6,9,audio,Orpheus
Orpheus:train-00001-of-00007.parquet:rg6:r15,1,calibration,orpheus:recording:Orpheus:train-00001-of-00007.parquet:rg6:r15,,C:\Users\Mahesh\Desktop\Projects\sih-2026\data\syntheticvoice\orpheus_tts_english_indian_multispeaker\data\train-00001-of-00007.parquet,6,15,audio,Orpheus
Orpheus:train-00001-of-00007.parquet:rg6:r19,1,calibration,orpheus:recording:Orpheus:train-00001-of-00007.parquet:rg6:r19,,C:\Users\Mahesh\Desktop\Projects\sih-2026\data\syntheticvoice\orpheus_tts_english_indian_multispeaker\data\train-00001-of-00007.parquet,6,19,audio,Orpheus
Orpheus:train-00001-of-00007.parquet:rg6:r20,1,calibration,orpheus:recording:Orpheus:train-00001-of-00007.parquet:rg6:r20,,C:\Users\Mahesh\Desktop\Projects\sih-2026\data\syntheticvoice\orpheus_tts_english_indian_multispeaker\data\train-00001-of-00007.parquet,6,20,audio,Orpheus
Orpheus:train-00001-of-00007.parquet:rg6:r32,1,calibration,orpheus:recording:Orpheus:train-00001-of-00007.parquet:rg6:r32,,C:\Users\Mahesh\Desktop\Projects\sih-2026\data\syntheticvoice\orpheus_tts_english_indian_multispeaker\data\train-00001-of-00007.parquet,6,32,audio,Orpheus
Orpheus:train-00001-of-00007.parquet:rg6:r42,1,calibration,orpheus:recording:Orpheus:train-00001-of-00007.parquet:rg6:r42,,C:\Users\Mahesh\Desktop\Projects\sih-2026\data\syntheticvoice\orpheus_tts_english_indian_multispeaker\data\train-00001-of-00007.parquet,6,42,audio,Orpheus
Orpheus:train-00001-of-00007.parquet:rg6:r53,1,calibration,orpheus:recording:Orpheus:train-00001-of-00007.parquet:rg6:r53,,C:\Users\Mahesh\Desktop\Projects\sih-2026\data\syntheticvoice\orpheus_tts_english_indian_multispeaker\data\train-00001-of-00007.parquet,6,53,audio,Orpheus
Orpheus:train-00001-of-00007.parquet:rg6:r54,1,calibration,orpheus:recording:Orpheus:train-00001-of-00007.parquet:rg6:r54,,C:\Users\Mahesh\Desktop\Projects\sih-2026\data\syntheticvoice\orpheus_tts_english_indian_multispeaker\data\train-00001-of-00007.parquet,6,54,audio,Orpheus
Orpheus:train-00001-of-00007.parquet:rg6:r68,1,calibration,orpheus:recording:Orpheus:train-00001-of-00007.parquet:rg6:r68,,C:\Users\Mahesh\Desktop\Projects\sih-2026\data\syntheticvoice\orpheus_tts_english_indian_multispeaker\data\train-00001-of-00007.parquet,6,68,audio,Orpheus
Orpheus:train-00001-of-00007.parquet:rg6:r81,1,calibration,orpheus:recording:Orpheus:train-00001-of-00007.parquet:rg6:r81,,C:\Users\Mahesh\Desktop\Projects\sih-2026\data\syntheticvoice\orpheus_tts_english_indian_multispeaker\data\train-00001-of-00007.parquet,6,81,audio,Orpheus
Orpheus:train-00001-of-00007.parquet:rg6:r89,1,calibration,orpheus:recording:Orpheus:train-00001-of-00007.parquet:rg6:r89,,C:\Users\Mahesh\Desktop\Projects\sih-2026\data\syntheticvoice\orpheus_tts_english_indian_multispeaker\data\train-00001-of-00007.parquet,6,89,audio,Orpheus
Orpheus:train-00001-of-00007.parquet:rg6:r96,1,calibration,orpheus:recording:Orpheus:train-00001-of-00007.parquet:rg6:r96,,C:\Users\Mahesh\Desktop\Projects\sih-2026\data\syntheticvoice\orpheus_tts_english_indian_multispeaker\data\train-00001-of-00007.parquet,6,96,audio,Orpheus
Orpheus:train-00001-of-00007.parquet:rg7:r13,1,calibration,orpheus:recording:Orpheus:train-00001-of-00007.parquet:rg7:r13,,C:\Users\Mahesh\Desktop\Projects\sih-2026\data\syntheticvoice\orpheus_tts_english_indian_multispeaker\data\train-00001-of-00007.parquet,7,13,audio,Orpheus
Orpheus:train-00001-of-00007.parquet:rg7:r24,1,calibration,orpheus:recording:Orpheus:train-00001-of-00007.parquet:rg7:r24,,C:\Users\Mahesh\Desktop\Projects\sih-2026\data\syntheticvoice\orpheus_tts_english_indian_multispeaker\data\train-00001-of-00007.parquet,7,24,audio,Orpheus
Orpheus:train-00001-of-00007.parquet:rg7:r34,1,calibration,orpheus:recording:Orpheus:train-00001-of-00007.parquet:rg7:r34,,C:\Users\Mahesh\Desktop\Projects\sih-2026\data\syntheticvoice\orpheus_tts_english_indian_multispeaker\data\train-00001-of-00007.parquet,7,34,audio,Orpheus
Orpheus:train-00001-of-00007.parquet:rg7:r52,1,calibration,orpheus:recording:Orpheus:train-00001-of-00007.parquet:rg7:r52,,C:\Users\Mahesh\Desktop\Projects\sih-2026\data\syntheticvoice\orpheus_tts_english_indian_multispeaker\data\train-00001-of-00007.parquet,7,52,audio,Orpheus
Orpheus:train-00001-of-00007.parquet:rg7:r55,1,calibration,orpheus:recording:Orpheus:train-00001-of-00007.parquet:rg7:r55,,C:\Users\Mahesh\Desktop\Projects\sih-2026\data\syntheticvoice\orpheus_tts_english_indian_multispeaker\data\train-00001-of-00007.parquet,7,55,audio,Orpheus
Orpheus:train-00001-of-00007.parquet:rg7:r56,1,calibration,orpheus:recording:Orpheus:train-00001-of-00007.parquet:rg7:r56,,C:\Users\Mahesh\Desktop\Projects\sih-2026\data\syntheticvoice\orpheus_tts_english_indian_multispeaker\data\train-00001-of-00007.parquet,7,56,audio,Orpheus
Orpheus:train-00001-of-00007.parquet:rg7:r58,1,calibration,orpheus:recording:Orpheus:train-00001-of-00007.parquet:rg7:r58,,C:\Users\Mahesh\Desktop\Projects\sih-2026\data\syntheticvoice\orpheus_tts_english_indian_multispeaker\data\train-00001-of-00007.parquet,7,58,audio,Orpheus
Orpheus:train-00001-of-00007.parquet:rg7:r76,1,calibration,orpheus:recording:Orpheus:train-00001-of-00007.parquet:rg7:r76,,C:\Users\Mahesh\Desktop\Projects\sih-2026\data\syntheticvoice\orpheus_tts_english_indian_multispeaker\data\train-00001-of-00007.parquet,7,76,audio,Orpheus
Orpheus:train-00001-of-00007.parquet:rg7:r79,1,calibration,orpheus:recording:Orpheus:train-00001-of-00007.parquet:rg7:r79,,C:\Users\Mahesh\Desktop\Projects\sih-2026\data\syntheticvoice\orpheus_tts_english_indian_multispeaker\data\train-00001-of-00007.parquet,7,79,audio,Orpheus
Orpheus:train-00001-of-00007.parquet:rg7:r98,1,calibration,orpheus:recording:Orpheus:train-00001-of-00007.parquet:rg7:r98,,C:\Users\Mahesh\Desktop\Projects\sih-2026\data\syntheticvoice\orpheus_tts_english_indian_multispeaker\data\train-00001-of-00007.parquet,7,98,audio,Orpheus
Orpheus:train-00001-of-00007.parquet:rg8:r9,1,calibration,orpheus:recording:Orpheus:train-00001-of-00007.parquet:rg8:r9,,C:\Users\Mahesh\Desktop\Projects\sih-2026\data\syntheticvoice\orpheus_tts_english_indian_multispeaker\data\train-00001-of-00007.parquet,8,9,audio,Orpheus
Orpheus:train-00001-of-00007.parquet:rg8:r16,1,calibration,orpheus:recording:Orpheus:train-00001-of-00007.parquet:rg8:r16,,C:\Users\Mahesh\Desktop\Projects\sih-2026\data\syntheticvoice\orpheus_tts_english_indian_multispeaker\data\train-00001-of-00007.parquet,8,16,audio,Orpheus
Orpheus:train-00001-of-00007.parquet:rg8:r26,1,calibration,orpheus:recording:Orpheus:train-00001-of-00007.parquet:rg8:r26,,C:\Users\Mahesh\Desktop\Projects\sih-2026\data\syntheticvoice\orpheus_tts_english_indian_multispeaker\data\train-00001-of-00007.parquet,8,26,audio,Orpheus
Orpheus:train-00001-of-00007.parquet:rg8:r28,1,calibration,orpheus:recording:Orpheus:train-00001-of-00007.parquet:rg8:r28,,C:\Users\Mahesh\Desktop\Projects\sih-2026\data\syntheticvoice\orpheus_tts_english_indian_multispeaker\data\train-00001-of-00007.parquet,8,28,audio,Orpheus
Orpheus:train-00001-of-00007.parquet:rg8:r35,1,calibration,orpheus:recording:Orpheus:train-00001-of-00007.parquet:rg8:r35,,C:\Users\Mahesh\Desktop\Projects\sih-2026\data\syntheticvoice\orpheus_tts_english_indian_multispeaker\data\train-00001-of-00007.parquet,8,35,audio,Orpheus
Orpheus:train-00001-of-00007.parquet:rg8:r40,1,calibration,orpheus:recording:Orpheus:train-00001-of-00007.parquet:rg8:r40,,C:\Users\Mahesh\Desktop\Projects\sih-2026\data\syntheticvoice\orpheus_tts_english_indian_multispeaker\data\train-00001-of-00007.parquet,8,40,audio,Orpheus
Orpheus:train-00001-of-00007.parquet:rg8:r42,1,calibration,orpheus:recording:Orpheus:train-00001-of-00007.parquet:rg8:r42,,C:\Users\Mahesh\Desktop\Projects\sih-2026\data\syntheticvoice\orpheus_tts_english_indian_multispeaker\data\train-00001-of-00007.parquet,8,42,audio,Orpheus
Orpheus:train-00001-of-00007.parquet:rg8:r43,1,calibration,orpheus:recording:Orpheus:train-00001-of-00007.parquet:rg8:r43,,C:\Users\Mahesh\Desktop\Projects\sih-2026\data\syntheticvoice\orpheus_tts_english_indian_multispeaker\data\train-00001-of-00007.parquet,8,43,audio,Orpheus
Orpheus:train-00001-of-00007.parquet:rg8:r46,1,calibration,orpheus:recording:Orpheus:train-00001-of-00007.parquet:rg8:r46,,C:\Users\Mahesh\Desktop\Projects\sih-2026\data\syntheticvoice\orpheus_tts_english_indian_multispeaker\data\train-00001-of-00007.parquet,8,46,audio,Orpheus
Orpheus:train-00001-of-00007.parquet:rg8:r55,1,calibration,orpheus:recording:Orpheus:train-00001-of-00007.parquet:rg8:r55,,C:\Users\Mahesh\Desktop\Projects\sih-2026\data\syntheticvoice\orpheus_tts_english_indian_multispeaker\data\train-00001-of-00007.parquet,8,55,audio,Orpheus
Orpheus:train-00001-of-00007.parquet:rg8:r87,1,calibration,orpheus:recording:Orpheus:train-00001-of-00007.parquet:rg8:r87,,C:\Users\Mahesh\Desktop\Projects\sih-2026\data\syntheticvoice\orpheus_tts_english_indian_multispeaker\data\train-00001-of-00007.parquet,8,87,audio,Orpheus
Orpheus:train-00001-of-00007.parquet:rg8:r94,1,calibration,orpheus:recording:Orpheus:train-00001-of-00007.parquet:rg8:r94,,C:\Users\Mahesh\Desktop\Projects\sih-2026\data\syntheticvoice\orpheus_tts_english_indian_multispeaker\data\train-00001-of-00007.parquet,8,94,audio,Orpheus
Orpheus:train-00001-of-00007.parquet:rg9:r17,1,calibration,orpheus:recording:Orpheus:train-00001-of-00007.parquet:rg9:r17,,C:\Users\Mahesh\Desktop\Projects\sih-2026\data\syntheticvoice\orpheus_tts_english_indian_multispeaker\data\train-00001-of-00007.parquet,9,17,audio,Orpheus
Orpheus:train-00001-of-00007.parquet:rg9:r27,1,calibration,orpheus:recording:Orpheus:train-00001-of-00007.parquet:rg9:r27,,C:\Users\Mahesh\Desktop\Projects\sih-2026\data\syntheticvoice\orpheus_tts_english_indian_multispeaker\data\train-00001-of-00007.parquet,9,27,audio,Orpheus
Orpheus:train-00001-of-00007.parquet:rg9:r68,1,calibration,orpheus:recording:Orpheus:train-00001-of-00007.parquet:rg9:r68,,C:\Users\Mahesh\Desktop\Projects\sih-2026\data\syntheticvoice\orpheus_tts_english_indian_multispeaker\data\train-00001-of-00007.parquet,9,68,audio,Orpheus
Orpheus:train-00001-of-00007.parquet:rg9:r78,1,calibration,orpheus:recording:Orpheus:train-00001-of-00007.parquet:rg9:r78,,C:\Users\Mahesh\Desktop\Projects\sih-2026\data\syntheticvoice\orpheus_tts_english_indian_multispeaker\data\train-00001-of-00007.parquet,9,78,audio,Orpheus
Orpheus:train-00001-of-00007.parquet:rg9:r81,1,calibration,orpheus:recording:Orpheus:train-00001-of-00007.parquet:rg9:r81,,C:\Users\Mahesh\Desktop\Projects\sih-2026\data\syntheticvoice\orpheus_tts_english_indian_multispeaker\data\train-00001-of-00007.parquet,9,81,audio,Orpheus
Orpheus:train-00001-of-00007.parquet:rg10:r0,1,calibration,orpheus:recording:Orpheus:train-00001-of-00007.parquet:rg10:r0,,C:\Users\Mahesh\Desktop\Projects\sih-2026\data\syntheticvoice\orpheus_tts_english_indian_multispeaker\data\train-00001-of-00007.parquet,10,0,audio,Orpheus
Orpheus:train-00001-of-00007.parquet:rg10:r12,1,calibration,orpheus:recording:Orpheus:train-00001-of-00007.parquet:rg10:r12,,C:\Users\Mahesh\Desktop\Projects\sih-2026\data\syntheticvoice\orpheus_tts_english_indian_multispeaker\data\train-00001-of-00007.parquet,10,12,audio,Orpheus
Orpheus:train-00001-of-00007.parquet:rg10:r13,1,calibration,orpheus:recording:Orpheus:train-00001-of-00007.parquet:rg10:r13,,C:\Users\Mahesh\Desktop\Projects\sih-2026\data\syntheticvoice\orpheus_tts_english_indian_multispeaker\data\train-00001-of-00007.parquet,10,13,audio,Orpheus
Orpheus:train-00001-of-00007.parquet:rg10:r32,1,calibration,orpheus:recording:Orpheus:train-00001-of-00007.parquet:rg10:r32,,C:\Users\Mahesh\Desktop\Projects\sih-2026\data\syntheticvoice\orpheus_tts_english_indian_multispeaker\data\train-00001-of-00007.parquet,10,32,audio,Orpheus
Orpheus:train-00001-of-00007.parquet:rg10:r34,1,calibration,orpheus:recording:Orpheus:train-00001-of-00007.parquet:rg10:r34,,C:\Users\Mahesh\Desktop\Projects\sih-2026\data\syntheticvoice\orpheus_tts_english_indian_multispeaker\data\train-00001-of-00007.parquet,10,34,audio,Orpheus
Orpheus:train-00001-of-00007.parquet:rg10:r52,1,calibration,orpheus:recording:Orpheus:train-00001-of-00007.parquet:rg10:r52,,C:\Users\Mahesh\Desktop\Projects\sih-2026\data\syntheticvoice\orpheus_tts_english_indian_multispeaker\data\train-00001-of-00007.parquet,10,52,audio,Orpheus
Orpheus:train-00001-of-00007.parquet:rg10:r56,1,calibration,orpheus:recording:Orpheus:train-00001-of-00007.parquet:rg10:r56,,C:\Users\Mahesh\Desktop\Projects\sih-2026\data\syntheticvoice\orpheus_tts_english_indian_multispeaker\data\train-00001-of-00007.parquet,10,56,audio,Orpheus
Orpheus:train-00001-of-00007.parquet:rg10:r72,1,calibration,orpheus:recording:Orpheus:train-00001-of-00007.parquet:rg10:r72,,C:\Users\Mahesh\Desktop\Projects\sih-2026\data\syntheticvoice\orpheus_tts_english_indian_multispeaker\data\train-00001-of-00007.parquet,10,72,audio,Orpheus
Orpheus:train-00001-of-00007.parquet:rg10:r87,1,calibration,orpheus:recording:Orpheus:train-00001-of-00007.parquet:rg10:r87,,C:\Users\Mahesh\Desktop\Projects\sih-2026\data\syntheticvoice\orpheus_tts_english_indian_multispeaker\data\train-00001-of-00007.parquet,10,87,audio,Orpheus
Orpheus:train-00001-of-00007.parquet:rg10:r88,1,calibration,orpheus:recording:Orpheus:train-00001-of-00007.parquet:rg10:r88,,C:\Users\Mahesh\Desktop\Projects\sih-2026\data\syntheticvoice\orpheus_tts_english_indian_multispeaker\data\train-00001-of-00007.parquet,10,88,audio,Orpheus
Orpheus:train-00001-of-00007.parquet:rg10:r93,1,calibration,orpheus:recording:Orpheus:train-00001-of-00007.parquet:rg10:r93,,C:\Users\Mahesh\Desktop\Projects\sih-2026\data\syntheticvoice\orpheus_tts_english_indian_multispeaker\data\train-00001-of-00007.parquet,10,93,audio,Orpheus
Orpheus:train-00001-of-00007.parquet:rg10:r96,1,calibration,orpheus:recording:Orpheus:train-00001-of-00007.parquet:rg10:r96,,C:\Users\Mahesh\Desktop\Projects\sih-2026\data\syntheticvoice\orpheus_tts_english_indian_multispeaker\data\train-00001-of-00007.parquet,10,96,audio,Orpheus
Orpheus:train-00001-of-00007.parquet:rg11:r2,1,calibration,orpheus:recording:Orpheus:train-00001-of-00007.parquet:rg11:r2,,C:\Users\Mahesh\Desktop\Projects\sih-2026\data\syntheticvoice\orpheus_tts_english_indian_multispeaker\data\train-00001-of-00007.parquet,11,2,audio,Orpheus
Orpheus:train-00001-of-00007.parquet:rg11:r11,1,calibration,orpheus:recording:Orpheus:train-00001-of-00007.parquet:rg11:r11,,C:\Users\Mahesh\Desktop\Projects\sih-2026\data\syntheticvoice\orpheus_tts_english_indian_multispeaker\data\train-00001-of-00007.parquet,11,11,audio,Orpheus
Orpheus:train-00001-of-00007.parquet:rg11:r17,1,calibration,orpheus:recording:Orpheus:train-00001-of-00007.parquet:rg11:r17,,C:\Users\Mahesh\Desktop\Projects\sih-2026\data\syntheticvoice\orpheus_tts_english_indian_multispeaker\data\train-00001-of-00007.parquet,11,17,audio,Orpheus
Orpheus:train-00001-of-00007.parquet:rg11:r18,1,calibration,orpheus:recording:Orpheus:train-00001-of-00007.parquet:rg11:r18,,C:\Users\Mahesh\Desktop\Projects\sih-2026\data\syntheticvoice\orpheus_tts_english_indian_multispeaker\data\train-00001-of-00007.parquet,11,18,audio,Orpheus
Orpheus:train-00001-of-00007.parquet:rg11:r46,1,calibration,orpheus:recording:Orpheus:train-00001-of-00007.parquet:rg11:r46,,C:\Users\Mahesh\Desktop\Projects\sih-2026\data\syntheticvoice\orpheus_tts_english_indian_multispeaker\data\train-00001-of-00007.parquet,11,46,audio,Orpheus
Orpheus:train-00001-of-00007.parquet:rg11:r61,1,calibration,orpheus:recording:Orpheus:train-00001-of-00007.parquet:rg11:r61,,C:\Users\Mahesh\Desktop\Projects\sih-2026\data\syntheticvoice\orpheus_tts_english_indian_multispeaker\data\train-00001-of-00007.parquet,11,61,audio,Orpheus
Orpheus:train-00001-of-00007.parquet:rg11:r62,1,calibration,orpheus:recording:Orpheus:train-00001-of-00007.parquet:rg11:r62,,C:\Users\Mahesh\Desktop\Projects\sih-2026\data\syntheticvoice\orpheus_tts_english_indian_multispeaker\data\train-00001-of-00007.parquet,11,62,audio,Orpheus
Orpheus:train-00001-of-00007.parquet:rg11:r78,1,calibration,orpheus:recording:Orpheus:train-00001-of-00007.parquet:rg11:r78,,C:\Users\Mahesh\Desktop\Projects\sih-2026\data\syntheticvoice\orpheus_tts_english_indian_multispeaker\data\train-00001-of-00007.parquet,11,78,audio,Orpheus
Orpheus:train-00001-of-00007.parquet:rg11:r88,1,calibration,orpheus:recording:Orpheus:train-00001-of-00007.parquet:rg11:r88,,C:\Users\Mahesh\Desktop\Projects\sih-2026\data\syntheticvoice\orpheus_tts_english_indian_multispeaker\data\train-00001-of-00007.parquet,11,88,audio,Orpheus
Orpheus:train-00001-of-00007.parquet:rg11:r92,1,calibration,orpheus:recording:Orpheus:train-00001-of-00007.parquet:rg11:r92,,C:\Users\Mahesh\Desktop\Projects\sih-2026\data\syntheticvoice\orpheus_tts_english_indian_multispeaker\data\train-00001-of-00007.parquet,11,92,audio,Orpheus
Orpheus:train-00001-of-00007.parquet:rg11:r97,1,calibration,orpheus:recording:Orpheus:train-00001-of-00007.parquet:rg11:r97,,C:\Users\Mahesh\Desktop\Projects\sih-2026\data\syntheticvoice\orpheus_tts_english_indian_multispeaker\data\train-00001-of-00007.parquet,11,97,audio,Orpheus
Orpheus:train-00001-of-00007.parquet:rg12:r5,1,calibration,orpheus:recording:Orpheus:train-00001-of-00007.parquet:rg12:r5,,C:\Users\Mahesh\Desktop\Projects\sih-2026\data\syntheticvoice\orpheus_tts_english_indian_multispeaker\data\train-00001-of-00007.parquet,12,5,audio,Orpheus
Orpheus:train-00001-of-00007.parquet:rg12:r13,1,calibration,orpheus:recording:Orpheus:train-00001-of-00007.parquet:rg12:r13,,C:\Users\Mahesh\Desktop\Projects\sih-2026\data\syntheticvoice\orpheus_tts_english_indian_multispeaker\data\train-00001-of-00007.parquet,12,13,audio,Orpheus
Orpheus:train-00001-of-00007.parquet:rg12:r35,1,calibration,orpheus:recording:Orpheus:train-00001-of-00007.parquet:rg12:r35,,C:\Users\Mahesh\Desktop\Projects\sih-2026\data\syntheticvoice\orpheus_tts_english_indian_multispeaker\data\train-00001-of-00007.parquet,12,35,audio,Orpheus
Orpheus:train-00001-of-00007.parquet:rg12:r37,1,calibration,orpheus:recording:Orpheus:train-00001-of-00007.parquet:rg12:r37,,C:\Users\Mahesh\Desktop\Projects\sih-2026\data\syntheticvoice\orpheus_tts_english_indian_multispeaker\data\train-00001-of-00007.parquet,12,37,audio,Orpheus
Orpheus:train-00001-of-00007.parquet:rg12:r40,1,calibration,orpheus:recording:Orpheus:train-00001-of-00007.parquet:rg12:r40,,C:\Users\Mahesh\Desktop\Projects\sih-2026\data\syntheticvoice\orpheus_tts_english_indian_multispeaker\data\train-00001-of-00007.parquet,12,40,audio,Orpheus
Orpheus:train-00001-of-00007.parquet:rg12:r50,1,calibration,orpheus:recording:Orpheus:train-00001-of-00007.parquet:rg12:r50,,C:\Users\Mahesh\Desktop\Projects\sih-2026\data\syntheticvoice\orpheus_tts_english_indian_multispeaker\data\train-00001-of-00007.parquet,12,50,audio,Orpheus
Orpheus:train-00001-of-00007.parquet:rg12:r53,1,calibration,orpheus:recording:Orpheus:train-00001-of-00007.parquet:rg12:r53,,C:\Users\Mahesh\Desktop\Projects\sih-2026\data\syntheticvoice\orpheus_tts_english_indian_multispeaker\data\train-00001-of-00007.parquet,12,53,audio,Orpheus
Orpheus:train-00001-of-00007.parquet:rg12:r61,1,calibration,orpheus:recording:Orpheus:train-00001-of-00007.parquet:rg12:r61,,C:\Users\Mahesh\Desktop\Projects\sih-2026\data\syntheticvoice\orpheus_tts_english_indian_multispeaker\data\train-00001-of-00007.parquet,12,61,audio,Orpheus
Orpheus:train-00001-of-00007.parquet:rg12:r72,1,calibration,orpheus:recording:Orpheus:train-00001-of-00007.parquet:rg12:r72,,C:\Users\Mahesh\Desktop\Projects\sih-2026\data\syntheticvoice\orpheus_tts_english_indian_multispeaker\data\train-00001-of-00007.parquet,12,72,audio,Orpheus
Orpheus:train-00001-of-00007.parquet:rg12:r76,1,calibration,orpheus:recording:Orpheus:train-00001-of-00007.parquet:rg12:r76,,C:\Users\Mahesh\Desktop\Projects\sih-2026\data\syntheticvoice\orpheus_tts_english_indian_multispeaker\data\train-00001-of-00007.parquet,12,76,audio,Orpheus
Orpheus:train-00001-of-00007.parquet:rg12:r79,1,calibration,orpheus:recording:Orpheus:train-00001-of-00007.parquet:rg12:r79,,C:\Users\Mahesh\Desktop\Projects\sih-2026\data\syntheticvoice\orpheus_tts_english_indian_multispeaker\data\train-00001-of-00007.parquet,12,79,audio,Orpheus
Orpheus:train-00001-of-00007.parquet:rg12:r88,1,calibration,orpheus:recording:Orpheus:train-00001-of-00007.parquet:rg12:r88,,C:\Users\Mahesh\Desktop\Projects\sih-2026\data\syntheticvoice\orpheus_tts_english_indian_multispeaker\data\train-00001-of-00007.parquet,12,88,audio,Orpheus
Orpheus:train-00001-of-00007.parquet:rg13:r14,1,calibration,orpheus:recording:Orpheus:train-00001-of-00007.parquet:rg13:r14,,C:\Users\Mahesh\Desktop\Projects\sih-2026\data\syntheticvoice\orpheus_tts_english_indian_multispeaker\data\train-00001-of-00007.parquet,13,14,audio,Orpheus
Orpheus:train-00001-of-00007.parquet:rg13:r17,1,calibration,orpheus:recording:Orpheus:train-00001-of-00007.parquet:rg13:r17,,C:\Users\Mahesh\Desktop\Projects\sih-2026\data\syntheticvoice\orpheus_tts_english_indian_multispeaker\data\train-00001-of-00007.parquet,13,17,audio,Orpheus
Orpheus:train-00001-of-00007.parquet:rg13:r23,1,calibration,orpheus:recording:Orpheus:train-00001-of-00007.parquet:rg13:r23,,C:\Users\Mahesh\Desktop\Projects\sih-2026\data\syntheticvoice\orpheus_tts_english_indian_multispeaker\data\train-00001-of-00007.parquet,13,23,audio,Orpheus
Orpheus:train-00001-of-00007.parquet:rg13:r42,1,calibration,orpheus:recording:Orpheus:train-00001-of-00007.parquet:rg13:r42,,C:\Users\Mahesh\Desktop\Projects\sih-2026\data\syntheticvoice\orpheus_tts_english_indian_multispeaker\data\train-00001-of-00007.parquet,13,42,audio,Orpheus
Orpheus:train-00001-of-00007.parquet:rg13:r46,1,calibration,orpheus:recording:Orpheus:train-00001-of-00007.parquet:rg13:r46,,C:\Users\Mahesh\Desktop\Projects\sih-2026\data\syntheticvoice\orpheus_tts_english_indian_multispeaker\data\train-00001-of-00007.parquet,13,46,audio,Orpheus
Orpheus:train-00001-of-00007.parquet:rg13:r64,1,calibration,orpheus:recording:Orpheus:train-00001-of-00007.parquet:rg13:r64,,C:\Users\Mahesh\Desktop\Projects\sih-2026\data\syntheticvoice\orpheus_tts_english_indian_multispeaker\data\train-00001-of-00007.parquet,13,64,audio,Orpheus
Orpheus:train-00001-of-00007.parquet:rg13:r74,1,calibration,orpheus:recording:Orpheus:train-00001-of-00007.parquet:rg13:r74,,C:\Users\Mahesh\Desktop\Projects\sih-2026\data\syntheticvoice\orpheus_tts_english_indian_multispeaker\data\train-00001-of-00007.parquet,13,74,audio,Orpheus
Orpheus:train-00001-of-00007.parquet:rg13:r76,1,calibration,orpheus:recording:Orpheus:train-00001-of-00007.parquet:rg13:r76,,C:\Users\Mahesh\Desktop\Projects\sih-2026\data\syntheticvoice\orpheus_tts_english_indian_multispeaker\data\train-00001-of-00007.parquet,13,76,audio,Orpheus
Orpheus:train-00001-of-00007.parquet:rg13:r87,1,calibration,orpheus:recording:Orpheus:train-00001-of-00007.parquet:rg13:r87,,C:\Users\Mahesh\Desktop\Projects\sih-2026\data\syntheticvoice\orpheus_tts_english_indian_multispeaker\data\train-00001-of-00007.parquet,13,87,audio,Orpheus
Orpheus:train-00001-of-00007.parquet:rg13:r95,1,calibration,orpheus:recording:Orpheus:train-00001-of-00007.parquet:rg13:r95,,C:\Users\Mahesh\Desktop\Projects\sih-2026\data\syntheticvoice\orpheus_tts_english_indian_multispeaker\data\train-00001-of-00007.parquet,13,95,audio,Orpheus
Orpheus:train-00001-of-00007.parquet:rg13:r97,1,calibration,orpheus:recording:Orpheus:train-00001-of-00007.parquet:rg13:r97,,C:\Users\Mahesh\Desktop\Projects\sih-2026\data\syntheticvoice\orpheus_tts_english_indian_multispeaker\data\train-00001-of-00007.parquet,13,97,audio,Orpheus
Orpheus:train-00001-of-00007.parquet:rg14:r22,1,calibration,orpheus:recording:Orpheus:train-00001-of-00007.parquet:rg14:r22,,C:\Users\Mahesh\Desktop\Projects\sih-2026\data\syntheticvoice\orpheus_tts_english_indian_multispeaker\data\train-00001-of-00007.parquet,14,22,audio,Orpheus
Orpheus:train-00001-of-00007.parquet:rg14:r33,1,calibration,orpheus:recording:Orpheus:train-00001-of-00007.parquet:rg14:r33,,C:\Users\Mahesh\Desktop\Projects\sih-2026\data\syntheticvoice\orpheus_tts_english_indian_multispeaker\data\train-00001-of-00007.parquet,14,33,audio,Orpheus
Orpheus:train-00001-of-00007.parquet:rg14:r37,1,calibration,orpheus:recording:Orpheus:train-00001-of-00007.parquet:rg14:r37,,C:\Users\Mahesh\Desktop\Projects\sih-2026\data\syntheticvoice\orpheus_tts_english_indian_multispeaker\data\train-00001-of-00007.parquet,14,37,audio,Orpheus
Orpheus:train-00001-of-00007.parquet:rg14:r54,1,calibration,orpheus:recording:Orpheus:train-00001-of-00007.parquet:rg14:r54,,C:\Users\Mahesh\Desktop\Projects\sih-2026\data\syntheticvoice\orpheus_tts_english_indian_multispeaker\data\train-00001-of-00007.parquet,14,54,audio,Orpheus
Orpheus:train-00001-of-00007.parquet:rg14:r58,1,calibration,orpheus:recording:Orpheus:train-00001-of-00007.parquet:rg14:r58,,C:\Users\Mahesh\Desktop\Projects\sih-2026\data\syntheticvoice\orpheus_tts_english_indian_multispeaker\data\train-00001-of-00007.parquet,14,58,audio,Orpheus
Orpheus:train-00001-of-00007.parquet:rg14:r59,1,calibration,orpheus:recording:Orpheus:train-00001-of-00007.parquet:rg14:r59,,C:\Users\Mahesh\Desktop\Projects\sih-2026\data\syntheticvoice\orpheus_tts_english_indian_multispeaker\data\train-00001-of-00007.parquet,14,59,audio,Orpheus
Orpheus:train-00001-of-00007.parquet:rg14:r64,1,calibration,orpheus:recording:Orpheus:train-00001-of-00007.parquet:rg14:r64,,C:\Users\Mahesh\Desktop\Projects\sih-2026\data\syntheticvoice\orpheus_tts_english_indian_multispeaker\data\train-00001-of-00007.parquet,14,64,audio,Orpheus
Orpheus:train-00001-of-00007.parquet:rg14:r75,1,calibration,orpheus:recording:Orpheus:train-00001-of-00007.parquet:rg14:r75,,C:\Users\Mahesh\Desktop\Projects\sih-2026\data\syntheticvoice\orpheus_tts_english_indian_multispeaker\data\train-00001-of-00007.parquet,14,75,audio,Orpheus
Orpheus:train-00001-of-00007.parquet:rg14:r83,1,calibration,orpheus:recording:Orpheus:train-00001-of-00007.parquet:rg14:r83,,C:\Users\Mahesh\Desktop\Projects\sih-2026\data\syntheticvoice\orpheus_tts_english_indian_multispeaker\data\train-00001-of-00007.parquet,14,83,audio,Orpheus
Orpheus:train-00001-of-00007.parquet:rg14:r85,1,calibration,orpheus:recording:Orpheus:train-00001-of-00007.parquet:rg14:r85,,C:\Users\Mahesh\Desktop\Projects\sih-2026\data\syntheticvoice\orpheus_tts_english_indian_multispeaker\data\train-00001-of-00007.parquet,14,85,audio,Orpheus
Orpheus:train-00001-of-00007.parquet:rg14:r94,1,calibration,orpheus:recording:Orpheus:train-00001-of-00007.parquet:rg14:r94,,C:\Users\Mahesh\Desktop\Projects\sih-2026\data\syntheticvoice\orpheus_tts_english_indian_multispeaker\data\train-00001-of-00007.parquet,14,94,audio,Orpheus
Orpheus:train-00001-of-00007.parquet:rg15:r17,1,calibration,orpheus:recording:Orpheus:train-00001-of-00007.parquet:rg15:r17,,C:\Users\Mahesh\Desktop\Projects\sih-2026\data\syntheticvoice\orpheus_tts_english_indian_multispeaker\data\train-00001-of-00007.parquet,15,17,audio,Orpheus
Orpheus:train-00001-of-00007.parquet:rg15:r37,1,calibration,orpheus:recording:Orpheus:train-00001-of-00007.parquet:rg15:r37,,C:\Users\Mahesh\Desktop\Projects\sih-2026\data\syntheticvoice\orpheus_tts_english_indian_multispeaker\data\train-00001-of-00007.parquet,15,37,audio,Orpheus
Orpheus:train-00001-of-00007.parquet:rg15:r38,1,calibration,orpheus:recording:Orpheus:train-00001-of-00007.parquet:rg15:r38,,C:\Users\Mahesh\Desktop\Projects\sih-2026\data\syntheticvoice\orpheus_tts_english_indian_multispeaker\data\train-00001-of-00007.parquet,15,38,audio,Orpheus
Orpheus:train-00001-of-00007.parquet:rg15:r63,1,calibration,orpheus:recording:Orpheus:train-00001-of-00007.parquet:rg15:r63,,C:\Users\Mahesh\Desktop\Projects\sih-2026\data\syntheticvoice\orpheus_tts_english_indian_multispeaker\data\train-00001-of-00007.parquet,15,63,audio,Orpheus
Orpheus:train-00001-of-00007.parquet:rg15:r72,1,calibration,orpheus:recording:Orpheus:train-00001-of-00007.parquet:rg15:r72,,C:\Users\Mahesh\Desktop\Projects\sih-2026\data\syntheticvoice\orpheus_tts_english_indian_multispeaker\data\train-00001-of-00007.parquet,15,72,audio,Orpheus
Orpheus:train-00001-of-00007.parquet:rg15:r78,1,calibration,orpheus:recording:Orpheus:train-00001-of-00007.parquet:rg15:r78,,C:\Users\Mahesh\Desktop\Projects\sih-2026\data\syntheticvoice\orpheus_tts_english_indian_multispeaker\data\train-00001-of-00007.parquet,15,78,audio,Orpheus
Orpheus:train-00001-of-00007.parquet:rg15:r97,1,calibration,orpheus:recording:Orpheus:train-00001-of-00007.parquet:rg15:r97,,C:\Users\Mahesh\Desktop\Projects\sih-2026\data\syntheticvoice\orpheus_tts_english_indian_multispeaker\data\train-00001-of-00007.parquet,15,97,audio,Orpheus
Orpheus:train-00001-of-00007.parquet:rg16:r22,1,calibration,orpheus:recording:Orpheus:train-00001-of-00007.parquet:rg16:r22,,C:\Users\Mahesh\Desktop\Projects\sih-2026\data\syntheticvoice\orpheus_tts_english_indian_multispeaker\data\train-00001-of-00007.parquet,16,22,audio,Orpheus
Orpheus:train-00001-of-00007.parquet:rg16:r25,1,calibration,orpheus:recording:Orpheus:train-00001-of-00007.parquet:rg16:r25,,C:\Users\Mahesh\Desktop\Projects\sih-2026\data\syntheticvoice\orpheus_tts_english_indian_multispeaker\data\train-00001-of-00007.parquet,16,25,audio,Orpheus
Orpheus:train-00001-of-00007.parquet:rg16:r27,1,calibration,orpheus:recording:Orpheus:train-00001-of-00007.parquet:rg16:r27,,C:\Users\Mahesh\Desktop\Projects\sih-2026\data\syntheticvoice\orpheus_tts_english_indian_multispeaker\data\train-00001-of-00007.parquet,16,27,audio,Orpheus
Orpheus:train-00001-of-00007.parquet:rg16:r45,1,calibration,orpheus:recording:Orpheus:train-00001-of-00007.parquet:rg16:r45,,C:\Users\Mahesh\Desktop\Projects\sih-2026\data\syntheticvoice\orpheus_tts_english_indian_multispeaker\data\train-00001-of-00007.parquet,16,45,audio,Orpheus
Orpheus:train-00001-of-00007.parquet:rg16:r46,1,calibration,orpheus:recording:Orpheus:train-00001-of-00007.parquet:rg16:r46,,C:\Users\Mahesh\Desktop\Projects\sih-2026\data\syntheticvoice\orpheus_tts_english_indian_multispeaker\data\train-00001-of-00007.parquet,16,46,audio,Orpheus
Orpheus:train-00001-of-00007.parquet:rg16:r47,1,calibration,orpheus:recording:Orpheus:train-00001-of-00007.parquet:rg16:r47,,C:\Users\Mahesh\Desktop\Projects\sih-2026\data\syntheticvoice\orpheus_tts_english_indian_multispeaker\data\train-00001-of-00007.parquet,16,47,audio,Orpheus
Orpheus:train-00001-of-00007.parquet:rg16:r48,1,calibration,orpheus:recording:Orpheus:train-00001-of-00007.parquet:rg16:r48,,C:\Users\Mahesh\Desktop\Projects\sih-2026\data\syntheticvoice\orpheus_tts_english_indian_multispeaker\data\train-00001-of-00007.parquet,16,48,audio,Orpheus
Orpheus:train-00001-of-00007.parquet:rg16:r65,1,calibration,orpheus:recording:Orpheus:train-00001-of-00007.parquet:rg16:r65,,C:\Users\Mahesh\Desktop\Projects\sih-2026\data\syntheticvoice\orpheus_tts_english_indian_multispeaker\data\train-00001-of-00007.parquet,16,65,audio,Orpheus
Orpheus:train-00001-of-00007.parquet:rg16:r74,1,calibration,orpheus:recording:Orpheus:train-00001-of-00007.parquet:rg16:r74,,C:\Users\Mahesh\Desktop\Projects\sih-2026\data\syntheticvoice\orpheus_tts_english_indian_multispeaker\data\train-00001-of-00007.parquet,16,74,audio,Orpheus
Orpheus:train-00001-of-00007.parquet:rg16:r80,1,calibration,orpheus:recording:Orpheus:train-00001-of-00007.parquet:rg16:r80,,C:\Users\Mahesh\Desktop\Projects\sih-2026\data\syntheticvoice\orpheus_tts_english_indian_multispeaker\data\train-00001-of-00007.parquet,16,80,audio,Orpheus
Orpheus:train-00001-of-00007.parquet:rg17:r11,1,calibration,orpheus:recording:Orpheus:train-00001-of-00007.parquet:rg17:r11,,C:\Users\Mahesh\Desktop\Projects\sih-2026\data\syntheticvoice\orpheus_tts_english_indian_multispeaker\data\train-00001-of-00007.parquet,17,11,audio,Orpheus
Orpheus:train-00001-of-00007.parquet:rg17:r34,1,calibration,orpheus:recording:Orpheus:train-00001-of-00007.parquet:rg17:r34,,C:\Users\Mahesh\Desktop\Projects\sih-2026\data\syntheticvoice\orpheus_tts_english_indian_multispeaker\data\train-00001-of-00007.parquet,17,34,audio,Orpheus
Orpheus:train-00001-of-00007.parquet:rg17:r44,1,calibration,orpheus:recording:Orpheus:train-00001-of-00007.parquet:rg17:r44,,C:\Users\Mahesh\Desktop\Projects\sih-2026\data\syntheticvoice\orpheus_tts_english_indian_multispeaker\data\train-00001-of-00007.parquet,17,44,audio,Orpheus
Orpheus:train-00001-of-00007.parquet:rg17:r45,1,calibration,orpheus:recording:Orpheus:train-00001-of-00007.parquet:rg17:r45,,C:\Users\Mahesh\Desktop\Projects\sih-2026\data\syntheticvoice\orpheus_tts_english_indian_multispeaker\data\train-00001-of-00007.parquet,17,45,audio,Orpheus
Orpheus:train-00001-of-00007.parquet:rg17:r47,1,calibration,orpheus:recording:Orpheus:train-00001-of-00007.parquet:rg17:r47,,C:\Users\Mahesh\Desktop\Projects\sih-2026\data\syntheticvoice\orpheus_tts_english_indian_multispeaker\data\train-00001-of-00007.parquet,17,47,audio,Orpheus
Orpheus:train-00001-of-00007.parquet:rg17:r49,1,calibration,orpheus:recording:Orpheus:train-00001-of-00007.parquet:rg17:r49,,C:\Users\Mahesh\Desktop\Projects\sih-2026\data\syntheticvoice\orpheus_tts_english_indian_multispeaker\data\train-00001-of-00007.parquet,17,49,audio,Orpheus
Orpheus:train-00001-of-00007.parquet:rg17:r62,1,calibration,orpheus:recording:Orpheus:train-00001-of-00007.parquet:rg17:r62,,C:\Users\Mahesh\Desktop\Projects\sih-2026\data\syntheticvoice\orpheus_tts_english_indian_multispeaker\data\train-00001-of-00007.parquet,17,62,audio,Orpheus
Orpheus:train-00001-of-00007.parquet:rg17:r64,1,calibration,orpheus:recording:Orpheus:train-00001-of-00007.parquet:rg17:r64,,C:\Users\Mahesh\Desktop\Projects\sih-2026\data\syntheticvoice\orpheus_tts_english_indian_multispeaker\data\train-00001-of-00007.parquet,17,64,audio,Orpheus
Orpheus:train-00001-of-00007.parquet:rg17:r78,1,calibration,orpheus:recording:Orpheus:train-00001-of-00007.parquet:rg17:r78,,C:\Users\Mahesh\Desktop\Projects\sih-2026\data\syntheticvoice\orpheus_tts_english_indian_multispeaker\data\train-00001-of-00007.parquet,17,78,audio,Orpheus
Orpheus:train-00001-of-00007.parquet:rg17:r90,1,calibration,orpheus:recording:Orpheus:train-00001-of-00007.parquet:rg17:r90,,C:\Users\Mahesh\Desktop\Projects\sih-2026\data\syntheticvoice\orpheus_tts_english_indian_multispeaker\data\train-00001-of-00007.parquet,17,90,audio,Orpheus
Orpheus:train-00001-of-00007.parquet:rg17:r96,1,calibration,orpheus:recording:Orpheus:train-00001-of-00007.parquet:rg17:r96,,C:\Users\Mahesh\Desktop\Projects\sih-2026\data\syntheticvoice\orpheus_tts_english_indian_multispeaker\data\train-00001-of-00007.parquet,17,96,audio,Orpheus
Orpheus:train-00001-of-00007.parquet:rg18:r4,1,calibration,orpheus:recording:Orpheus:train-00001-of-00007.parquet:rg18:r4,,C:\Users\Mahesh\Desktop\Projects\sih-2026\data\syntheticvoice\orpheus_tts_english_indian_multispeaker\data\train-00001-of-00007.parquet,18,4,audio,Orpheus
Orpheus:train-00001-of-00007.parquet:rg18:r6,1,calibration,orpheus:recording:Orpheus:train-00001-of-00007.parquet:rg18:r6,,C:\Users\Mahesh\Desktop\Projects\sih-2026\data\syntheticvoice\orpheus_tts_english_indian_multispeaker\data\train-00001-of-00007.parquet,18,6,audio,Orpheus
Orpheus:train-00001-of-00007.parquet:rg18:r26,1,calibration,orpheus:recording:Orpheus:train-00001-of-00007.parquet:rg18:r26,,C:\Users\Mahesh\Desktop\Projects\sih-2026\data\syntheticvoice\orpheus_tts_english_indian_multispeaker\data\train-00001-of-00007.parquet,18,26,audio,Orpheus
Orpheus:train-00001-of-00007.parquet:rg18:r36,1,calibration,orpheus:recording:Orpheus:train-00001-of-00007.parquet:rg18:r36,,C:\Users\Mahesh\Desktop\Projects\sih-2026\data\syntheticvoice\orpheus_tts_english_indian_multispeaker\data\train-00001-of-00007.parquet,18,36,audio,Orpheus
Orpheus:train-00001-of-00007.parquet:rg18:r40,1,calibration,orpheus:recording:Orpheus:train-00001-of-00007.parquet:rg18:r40,,C:\Users\Mahesh\Desktop\Projects\sih-2026\data\syntheticvoice\orpheus_tts_english_indian_multispeaker\data\train-00001-of-00007.parquet,18,40,audio,Orpheus
Orpheus:train-00001-of-00007.parquet:rg18:r41,1,calibration,orpheus:recording:Orpheus:train-00001-of-00007.parquet:rg18:r41,,C:\Users\Mahesh\Desktop\Projects\sih-2026\data\syntheticvoice\orpheus_tts_english_indian_multispeaker\data\train-00001-of-00007.parquet,18,41,audio,Orpheus
Orpheus:train-00001-of-00007.parquet:rg18:r55,1,calibration,orpheus:recording:Orpheus:train-00001-of-00007.parquet:rg18:r55,,C:\Users\Mahesh\Desktop\Projects\sih-2026\data\syntheticvoice\orpheus_tts_english_indian_multispeaker\data\train-00001-of-00007.parquet,18,55,audio,Orpheus
Orpheus:train-00001-of-00007.parquet:rg18:r64,1,calibration,orpheus:recording:Orpheus:train-00001-of-00007.parquet:rg18:r64,,C:\Users\Mahesh\Desktop\Projects\sih-2026\data\syntheticvoice\orpheus_tts_english_indian_multispeaker\data\train-00001-of-00007.parquet,18,64,audio,Orpheus
Orpheus:train-00001-of-00007.parquet:rg18:r77,1,calibration,orpheus:recording:Orpheus:train-00001-of-00007.parquet:rg18:r77,,C:\Users\Mahesh\Desktop\Projects\sih-2026\data\syntheticvoice\orpheus_tts_english_indian_multispeaker\data\train-00001-of-00007.parquet,18,77,audio,Orpheus
Orpheus:train-00001-of-00007.parquet:rg18:r84,1,calibration,orpheus:recording:Orpheus:train-00001-of-00007.parquet:rg18:r84,,C:\Users\Mahesh\Desktop\Projects\sih-2026\data\syntheticvoice\orpheus_tts_english_indian_multispeaker\data\train-00001-of-00007.parquet,18,84,audio,Orpheus
Orpheus:train-00002-of-00007.parquet:rg0:r36,1,calibration,orpheus:recording:Orpheus:train-00002-of-00007.parquet:rg0:r36,,C:\Users\Mahesh\Desktop\Projects\sih-2026\data\syntheticvoice\orpheus_tts_english_indian_multispeaker\data\train-00002-of-00007.parquet,0,36,audio,Orpheus
Orpheus:train-00002-of-00007.parquet:rg0:r42,1,calibration,orpheus:recording:Orpheus:train-00002-of-00007.parquet:rg0:r42,,C:\Users\Mahesh\Desktop\Projects\sih-2026\data\syntheticvoice\orpheus_tts_english_indian_multispeaker\data\train-00002-of-00007.parquet,0,42,audio,Orpheus
Orpheus:train-00002-of-00007.parquet:rg0:r51,1,calibration,orpheus:recording:Orpheus:train-00002-of-00007.parquet:rg0:r51,,C:\Users\Mahesh\Desktop\Projects\sih-2026\data\syntheticvoice\orpheus_tts_english_indian_multispeaker\data\train-00002-of-00007.parquet,0,51,audio,Orpheus
Orpheus:train-00002-of-00007.parquet:rg0:r56,1,calibration,orpheus:recording:Orpheus:train-00002-of-00007.parquet:rg0:r56,,C:\Users\Mahesh\Desktop\Projects\sih-2026\data\syntheticvoice\orpheus_tts_english_indian_multispeaker\data\train-00002-of-00007.parquet,0,56,audio,Orpheus
Orpheus:train-00002-of-00007.parquet:rg0:r59,1,calibration,orpheus:recording:Orpheus:train-00002-of-00007.parquet:rg0:r59,,C:\Users\Mahesh\Desktop\Projects\sih-2026\data\syntheticvoice\orpheus_tts_english_indian_multispeaker\data\train-00002-of-00007.parquet,0,59,audio,Orpheus
Orpheus:train-00002-of-00007.parquet:rg0:r72,1,calibration,orpheus:recording:Orpheus:train-00002-of-00007.parquet:rg0:r72,,C:\Users\Mahesh\Desktop\Projects\sih-2026\data\syntheticvoice\orpheus_tts_english_indian_multispeaker\data\train-00002-of-00007.parquet,0,72,audio,Orpheus
Orpheus:train-00002-of-00007.parquet:rg0:r79,1,calibration,orpheus:recording:Orpheus:train-00002-of-00007.parquet:rg0:r79,,C:\Users\Mahesh\Desktop\Projects\sih-2026\data\syntheticvoice\orpheus_tts_english_indian_multispeaker\data\train-00002-of-00007.parquet,0,79,audio,Orpheus
Orpheus:train-00002-of-00007.parquet:rg0:r80,1,calibration,orpheus:recording:Orpheus:train-00002-of-00007.parquet:rg0:r80,,C:\Users\Mahesh\Desktop\Projects\sih-2026\data\syntheticvoice\orpheus_tts_english_indian_multispeaker\data\train-00002-of-00007.parquet,0,80,audio,Orpheus
Orpheus:train-00002-of-00007.parquet:rg0:r86,1,calibration,orpheus:recording:Orpheus:train-00002-of-00007.parquet:rg0:r86,,C:\Users\Mahesh\Desktop\Projects\sih-2026\data\syntheticvoice\orpheus_tts_english_indian_multispeaker\data\train-00002-of-00007.parquet,0,86,audio,Orpheus
Orpheus:train-00002-of-00007.parquet:rg0:r88,1,calibration,orpheus:recording:Orpheus:train-00002-of-00007.parquet:rg0:r88,,C:\Users\Mahesh\Desktop\Projects\sih-2026\data\syntheticvoice\orpheus_tts_english_indian_multispeaker\data\train-00002-of-00007.parquet,0,88,audio,Orpheus
Orpheus:train-00002-of-00007.parquet:rg0:r92,1,calibration,orpheus:recording:Orpheus:train-00002-of-00007.parquet:rg0:r92,,C:\Users\Mahesh\Desktop\Projects\sih-2026\data\syntheticvoice\orpheus_tts_english_indian_multispeaker\data\train-00002-of-00007.parquet,0,92,audio,Orpheus
Orpheus:train-00002-of-00007.parquet:rg0:r94,1,calibration,orpheus:recording:Orpheus:train-00002-of-00007.parquet:rg0:r94,,C:\Users\Mahesh\Desktop\Projects\sih-2026\data\syntheticvoice\orpheus_tts_english_indian_multispeaker\data\train-00002-of-00007.parquet,0,94,audio,Orpheus
Orpheus:train-00002-of-00007.parquet:rg1:r6,1,calibration,orpheus:recording:Orpheus:train-00002-of-00007.parquet:rg1:r6,,C:\Users\Mahesh\Desktop\Projects\sih-2026\data\syntheticvoice\orpheus_tts_english_indian_multispeaker\data\train-00002-of-00007.parquet,1,6,audio,Orpheus
Orpheus:train-00002-of-00007.parquet:rg1:r19,1,calibration,orpheus:recording:Orpheus:train-00002-of-00007.parquet:rg1:r19,,C:\Users\Mahesh\Desktop\Projects\sih-2026\data\syntheticvoice\orpheus_tts_english_indian_multispeaker\data\train-00002-of-00007.parquet,1,19,audio,Orpheus
Orpheus:train-00002-of-00007.parquet:rg1:r20,1,calibration,orpheus:recording:Orpheus:train-00002-of-00007.parquet:rg1:r20,,C:\Users\Mahesh\Desktop\Projects\sih-2026\data\syntheticvoice\orpheus_tts_english_indian_multispeaker\data\train-00002-of-00007.parquet,1,20,audio,Orpheus
Orpheus:train-00002-of-00007.parquet:rg1:r21,1,calibration,orpheus:recording:Orpheus:train-00002-of-00007.parquet:rg1:r21,,C:\Users\Mahesh\Desktop\Projects\sih-2026\data\syntheticvoice\orpheus_tts_english_indian_multispeaker\data\train-00002-of-00007.parquet,1,21,audio,Orpheus
Orpheus:train-00002-of-00007.parquet:rg1:r47,1,calibration,orpheus:recording:Orpheus:train-00002-of-00007.parquet:rg1:r47,,C:\Users\Mahesh\Desktop\Projects\sih-2026\data\syntheticvoice\orpheus_tts_english_indian_multispeaker\data\train-00002-of-00007.parquet,1,47,audio,Orpheus
Orpheus:train-00002-of-00007.parquet:rg1:r60,1,calibration,orpheus:recording:Orpheus:train-00002-of-00007.parquet:rg1:r60,,C:\Users\Mahesh\Desktop\Projects\sih-2026\data\syntheticvoice\orpheus_tts_english_indian_multispeaker\data\train-00002-of-00007.parquet,1,60,audio,Orpheus
Orpheus:train-00002-of-00007.parquet:rg1:r70,1,calibration,orpheus:recording:Orpheus:train-00002-of-00007.parquet:rg1:r70,,C:\Users\Mahesh\Desktop\Projects\sih-2026\data\syntheticvoice\orpheus_tts_english_indian_multispeaker\data\train-00002-of-00007.parquet,1,70,audio,Orpheus
Orpheus:train-00002-of-00007.parquet:rg1:r79,1,calibration,orpheus:recording:Orpheus:train-00002-of-00007.parquet:rg1:r79,,C:\Users\Mahesh\Desktop\Projects\sih-2026\data\syntheticvoice\orpheus_tts_english_indian_multispeaker\data\train-00002-of-00007.parquet,1,79,audio,Orpheus
Orpheus:train-00002-of-00007.parquet:rg1:r84,1,calibration,orpheus:recording:Orpheus:train-00002-of-00007.parquet:rg1:r84,,C:\Users\Mahesh\Desktop\Projects\sih-2026\data\syntheticvoice\orpheus_tts_english_indian_multispeaker\data\train-00002-of-00007.parquet,1,84,audio,Orpheus
Orpheus:train-00002-of-00007.parquet:rg1:r86,1,calibration,orpheus:recording:Orpheus:train-00002-of-00007.parquet:rg1:r86,,C:\Users\Mahesh\Desktop\Projects\sih-2026\data\syntheticvoice\orpheus_tts_english_indian_multispeaker\data\train-00002-of-00007.parquet,1,86,audio,Orpheus
Orpheus:train-00002-of-00007.parquet:rg2:r4,1,calibration,orpheus:recording:Orpheus:train-00002-of-00007.parquet:rg2:r4,,C:\Users\Mahesh\Desktop\Projects\sih-2026\data\syntheticvoice\orpheus_tts_english_indian_multispeaker\data\train-00002-of-00007.parquet,2,4,audio,Orpheus
Orpheus:train-00002-of-00007.parquet:rg2:r14,1,calibration,orpheus:recording:Orpheus:train-00002-of-00007.parquet:rg2:r14,,C:\Users\Mahesh\Desktop\Projects\sih-2026\data\syntheticvoice\orpheus_tts_english_indian_multispeaker\data\train-00002-of-00007.parquet,2,14,audio,Orpheus
Orpheus:train-00002-of-00007.parquet:rg2:r17,1,calibration,orpheus:recording:Orpheus:train-00002-of-00007.parquet:rg2:r17,,C:\Users\Mahesh\Desktop\Projects\sih-2026\data\syntheticvoice\orpheus_tts_english_indian_multispeaker\data\train-00002-of-00007.parquet,2,17,audio,Orpheus
Orpheus:train-00002-of-00007.parquet:rg2:r34,1,calibration,orpheus:recording:Orpheus:train-00002-of-00007.parquet:rg2:r34,,C:\Users\Mahesh\Desktop\Projects\sih-2026\data\syntheticvoice\orpheus_tts_english_indian_multispeaker\data\train-00002-of-00007.parquet,2,34,audio,Orpheus
Orpheus:train-00002-of-00007.parquet:rg2:r54,1,calibration,orpheus:recording:Orpheus:train-00002-of-00007.parquet:rg2:r54,,C:\Users\Mahesh\Desktop\Projects\sih-2026\data\syntheticvoice\orpheus_tts_english_indian_multispeaker\data\train-00002-of-00007.parquet,2,54,audio,Orpheus
Orpheus:train-00002-of-00007.parquet:rg2:r82,1,calibration,orpheus:recording:Orpheus:train-00002-of-00007.parquet:rg2:r82,,C:\Users\Mahesh\Desktop\Projects\sih-2026\data\syntheticvoice\orpheus_tts_english_indian_multispeaker\data\train-00002-of-00007.parquet,2,82,audio,Orpheus
Orpheus:train-00002-of-00007.parquet:rg2:r90,1,calibration,orpheus:recording:Orpheus:train-00002-of-00007.parquet:rg2:r90,,C:\Users\Mahesh\Desktop\Projects\sih-2026\data\syntheticvoice\orpheus_tts_english_indian_multispeaker\data\train-00002-of-00007.parquet,2,90,audio,Orpheus
Orpheus:train-00002-of-00007.parquet:rg3:r4,1,calibration,orpheus:recording:Orpheus:train-00002-of-00007.parquet:rg3:r4,,C:\Users\Mahesh\Desktop\Projects\sih-2026\data\syntheticvoice\orpheus_tts_english_indian_multispeaker\data\train-00002-of-00007.parquet,3,4,audio,Orpheus
Orpheus:train-00002-of-00007.parquet:rg3:r6,1,calibration,orpheus:recording:Orpheus:train-00002-of-00007.parquet:rg3:r6,,C:\Users\Mahesh\Desktop\Projects\sih-2026\data\syntheticvoice\orpheus_tts_english_indian_multispeaker\data\train-00002-of-00007.parquet,3,6,audio,Orpheus
Orpheus:train-00002-of-00007.parquet:rg3:r12,1,calibration,orpheus:recording:Orpheus:train-00002-of-00007.parquet:rg3:r12,,C:\Users\Mahesh\Desktop\Projects\sih-2026\data\syntheticvoice\orpheus_tts_english_indian_multispeaker\data\train-00002-of-00007.parquet,3,12,audio,Orpheus
Orpheus:train-00002-of-00007.parquet:rg3:r32,1,calibration,orpheus:recording:Orpheus:train-00002-of-00007.parquet:rg3:r32,,C:\Users\Mahesh\Desktop\Projects\sih-2026\data\syntheticvoice\orpheus_tts_english_indian_multispeaker\data\train-00002-of-00007.parquet,3,32,audio,Orpheus
Orpheus:train-00002-of-00007.parquet:rg3:r38,1,calibration,orpheus:recording:Orpheus:train-00002-of-00007.parquet:rg3:r38,,C:\Users\Mahesh\Desktop\Projects\sih-2026\data\syntheticvoice\orpheus_tts_english_indian_multispeaker\data\train-00002-of-00007.parquet,3,38,audio,Orpheus
Orpheus:train-00002-of-00007.parquet:rg3:r52,1,calibration,orpheus:recording:Orpheus:train-00002-of-00007.parquet:rg3:r52,,C:\Users\Mahesh\Desktop\Projects\sih-2026\data\syntheticvoice\orpheus_tts_english_indian_multispeaker\data\train-00002-of-00007.parquet,3,52,audio,Orpheus
Orpheus:train-00002-of-00007.parquet:rg3:r56,1,calibration,orpheus:recording:Orpheus:train-00002-of-00007.parquet:rg3:r56,,C:\Users\Mahesh\Desktop\Projects\sih-2026\data\syntheticvoice\orpheus_tts_english_indian_multispeaker\data\train-00002-of-00007.parquet,3,56,audio,Orpheus
Orpheus:train-00002-of-00007.parquet:rg3:r57,1,calibration,orpheus:recording:Orpheus:train-00002-of-00007.parquet:rg3:r57,,C:\Users\Mahesh\Desktop\Projects\sih-2026\data\syntheticvoice\orpheus_tts_english_indian_multispeaker\data\train-00002-of-00007.parquet,3,57,audio,Orpheus
Orpheus:train-00002-of-00007.parquet:rg3:r62,1,calibration,orpheus:recording:Orpheus:train-00002-of-00007.parquet:rg3:r62,,C:\Users\Mahesh\Desktop\Projects\sih-2026\data\syntheticvoice\orpheus_tts_english_indian_multispeaker\data\train-00002-of-00007.parquet,3,62,audio,Orpheus
Orpheus:train-00002-of-00007.parquet:rg3:r87,1,calibration,orpheus:recording:Orpheus:train-00002-of-00007.parquet:rg3:r87,,C:\Users\Mahesh\Desktop\Projects\sih-2026\data\syntheticvoice\orpheus_tts_english_indian_multispeaker\data\train-00002-of-00007.parquet,3,87,audio,Orpheus
Orpheus:train-00002-of-00007.parquet:rg4:r13,1,calibration,orpheus:recording:Orpheus:train-00002-of-00007.parquet:rg4:r13,,C:\Users\Mahesh\Desktop\Projects\sih-2026\data\syntheticvoice\orpheus_tts_english_indian_multispeaker\data\train-00002-of-00007.parquet,4,13,audio,Orpheus
Orpheus:train-00002-of-00007.parquet:rg4:r33,1,calibration,orpheus:recording:Orpheus:train-00002-of-00007.parquet:rg4:r33,,C:\Users\Mahesh\Desktop\Projects\sih-2026\data\syntheticvoice\orpheus_tts_english_indian_multispeaker\data\train-00002-of-00007.parquet,4,33,audio,Orpheus
Orpheus:train-00002-of-00007.parquet:rg4:r35,1,calibration,orpheus:recording:Orpheus:train-00002-of-00007.parquet:rg4:r35,,C:\Users\Mahesh\Desktop\Projects\sih-2026\data\syntheticvoice\orpheus_tts_english_indian_multispeaker\data\train-00002-of-00007.parquet,4,35,audio,Orpheus
Orpheus:train-00002-of-00007.parquet:rg4:r39,1,calibration,orpheus:recording:Orpheus:train-00002-of-00007.parquet:rg4:r39,,C:\Users\Mahesh\Desktop\Projects\sih-2026\data\syntheticvoice\orpheus_tts_english_indian_multispeaker\data\train-00002-of-00007.parquet,4,39,audio,Orpheus
Orpheus:train-00002-of-00007.parquet:rg4:r48,1,calibration,orpheus:recording:Orpheus:train-00002-of-00007.parquet:rg4:r48,,C:\Users\Mahesh\Desktop\Projects\sih-2026\data\syntheticvoice\orpheus_tts_english_indian_multispeaker\data\train-00002-of-00007.parquet,4,48,audio,Orpheus
Orpheus:train-00002-of-00007.parquet:rg4:r77,1,calibration,orpheus:recording:Orpheus:train-00002-of-00007.parquet:rg4:r77,,C:\Users\Mahesh\Desktop\Projects\sih-2026\data\syntheticvoice\orpheus_tts_english_indian_multispeaker\data\train-00002-of-00007.parquet,4,77,audio,Orpheus
Orpheus:train-00002-of-00007.parquet:rg4:r94,1,calibration,orpheus:recording:Orpheus:train-00002-of-00007.parquet:rg4:r94,,C:\Users\Mahesh\Desktop\Projects\sih-2026\data\syntheticvoice\orpheus_tts_english_indian_multispeaker\data\train-00002-of-00007.parquet,4,94,audio,Orpheus
Orpheus:train-00002-of-00007.parquet:rg5:r2,1,calibration,orpheus:recording:Orpheus:train-00002-of-00007.parquet:rg5:r2,,C:\Users\Mahesh\Desktop\Projects\sih-2026\data\syntheticvoice\orpheus_tts_english_indian_multispeaker\data\train-00002-of-00007.parquet,5,2,audio,Orpheus
Orpheus:train-00002-of-00007.parquet:rg5:r5,1,calibration,orpheus:recording:Orpheus:train-00002-of-00007.parquet:rg5:r5,,C:\Users\Mahesh\Desktop\Projects\sih-2026\data\syntheticvoice\orpheus_tts_english_indian_multispeaker\data\train-00002-of-00007.parquet,5,5,audio,Orpheus
Orpheus:train-00002-of-00007.parquet:rg5:r11,1,calibration,orpheus:recording:Orpheus:train-00002-of-00007.parquet:rg5:r11,,C:\Users\Mahesh\Desktop\Projects\sih-2026\data\syntheticvoice\orpheus_tts_english_indian_multispeaker\data\train-00002-of-00007.parquet,5,11,audio,Orpheus
Orpheus:train-00002-of-00007.parquet:rg5:r30,1,calibration,orpheus:recording:Orpheus:train-00002-of-00007.parquet:rg5:r30,,C:\Users\Mahesh\Desktop\Projects\sih-2026\data\syntheticvoice\orpheus_tts_english_indian_multispeaker\data\train-00002-of-00007.parquet,5,30,audio,Orpheus
Orpheus:train-00002-of-00007.parquet:rg5:r58,1,calibration,orpheus:recording:Orpheus:train-00002-of-00007.parquet:rg5:r58,,C:\Users\Mahesh\Desktop\Projects\sih-2026\data\syntheticvoice\orpheus_tts_english_indian_multispeaker\data\train-00002-of-00007.parquet,5,58,audio,Orpheus
Orpheus:train-00002-of-00007.parquet:rg5:r62,1,calibration,orpheus:recording:Orpheus:train-00002-of-00007.parquet:rg5:r62,,C:\Users\Mahesh\Desktop\Projects\sih-2026\data\syntheticvoice\orpheus_tts_english_indian_multispeaker\data\train-00002-of-00007.parquet,5,62,audio,Orpheus
Orpheus:train-00002-of-00007.parquet:rg5:r78,1,calibration,orpheus:recording:Orpheus:train-00002-of-00007.parquet:rg5:r78,,C:\Users\Mahesh\Desktop\Projects\sih-2026\data\syntheticvoice\orpheus_tts_english_indian_multispeaker\data\train-00002-of-00007.parquet,5,78,audio,Orpheus
Orpheus:train-00002-of-00007.parquet:rg5:r79,1,calibration,orpheus:recording:Orpheus:train-00002-of-00007.parquet:rg5:r79,,C:\Users\Mahesh\Desktop\Projects\sih-2026\data\syntheticvoice\orpheus_tts_english_indian_multispeaker\data\train-00002-of-00007.parquet,5,79,audio,Orpheus
Orpheus:train-00002-of-00007.parquet:rg5:r86,1,calibration,orpheus:recording:Orpheus:train-00002-of-00007.parquet:rg5:r86,,C:\Users\Mahesh\Desktop\Projects\sih-2026\data\syntheticvoice\orpheus_tts_english_indian_multispeaker\data\train-00002-of-00007.parquet,5,86,audio,Orpheus
Orpheus:train-00002-of-00007.parquet:rg5:r97,1,calibration,orpheus:recording:Orpheus:train-00002-of-00007.parquet:rg5:r97,,C:\Users\Mahesh\Desktop\Projects\sih-2026\data\syntheticvoice\orpheus_tts_english_indian_multispeaker\data\train-00002-of-00007.parquet,5,97,audio,Orpheus
Orpheus:train-00002-of-00007.parquet:rg6:r19,1,calibration,orpheus:recording:Orpheus:train-00002-of-00007.parquet:rg6:r19,,C:\Users\Mahesh\Desktop\Projects\sih-2026\data\syntheticvoice\orpheus_tts_english_indian_multispeaker\data\train-00002-of-00007.parquet,6,19,audio,Orpheus
Orpheus:train-00002-of-00007.parquet:rg6:r24,1,calibration,orpheus:recording:Orpheus:train-00002-of-00007.parquet:rg6:r24,,C:\Users\Mahesh\Desktop\Projects\sih-2026\data\syntheticvoice\orpheus_tts_english_indian_multispeaker\data\train-00002-of-00007.parquet,6,24,audio,Orpheus
Orpheus:train-00002-of-00007.parquet:rg6:r31,1,calibration,orpheus:recording:Orpheus:train-00002-of-00007.parquet:rg6:r31,,C:\Users\Mahesh\Desktop\Projects\sih-2026\data\syntheticvoice\orpheus_tts_english_indian_multispeaker\data\train-00002-of-00007.parquet,6,31,audio,Orpheus
Orpheus:train-00002-of-00007.parquet:rg6:r39,1,calibration,orpheus:recording:Orpheus:train-00002-of-00007.parquet:rg6:r39,,C:\Users\Mahesh\Desktop\Projects\sih-2026\data\syntheticvoice\orpheus_tts_english_indian_multispeaker\data\train-00002-of-00007.parquet,6,39,audio,Orpheus
Orpheus:train-00002-of-00007.parquet:rg6:r42,1,calibration,orpheus:recording:Orpheus:train-00002-of-00007.parquet:rg6:r42,,C:\Users\Mahesh\Desktop\Projects\sih-2026\data\syntheticvoice\orpheus_tts_english_indian_multispeaker\data\train-00002-of-00007.parquet,6,42,audio,Orpheus
Orpheus:train-00002-of-00007.parquet:rg6:r55,1,calibration,orpheus:recording:Orpheus:train-00002-of-00007.parquet:rg6:r55,,C:\Users\Mahesh\Desktop\Projects\sih-2026\data\syntheticvoice\orpheus_tts_english_indian_multispeaker\data\train-00002-of-00007.parquet,6,55,audio,Orpheus
Orpheus:train-00002-of-00007.parquet:rg6:r71,1,calibration,orpheus:recording:Orpheus:train-00002-of-00007.parquet:rg6:r71,,C:\Users\Mahesh\Desktop\Projects\sih-2026\data\syntheticvoice\orpheus_tts_english_indian_multispeaker\data\train-00002-of-00007.parquet,6,71,audio,Orpheus
Orpheus:train-00002-of-00007.parquet:rg6:r72,1,calibration,orpheus:recording:Orpheus:train-00002-of-00007.parquet:rg6:r72,,C:\Users\Mahesh\Desktop\Projects\sih-2026\data\syntheticvoice\orpheus_tts_english_indian_multispeaker\data\train-00002-of-00007.parquet,6,72,audio,Orpheus
Orpheus:train-00002-of-00007.parquet:rg6:r76,1,calibration,orpheus:recording:Orpheus:train-00002-of-00007.parquet:rg6:r76,,C:\Users\Mahesh\Desktop\Projects\sih-2026\data\syntheticvoice\orpheus_tts_english_indian_multispeaker\data\train-00002-of-00007.parquet,6,76,audio,Orpheus
Orpheus:train-00002-of-00007.parquet:rg6:r82,1,calibration,orpheus:recording:Orpheus:train-00002-of-00007.parquet:rg6:r82,,C:\Users\Mahesh\Desktop\Projects\sih-2026\data\syntheticvoice\orpheus_tts_english_indian_multispeaker\data\train-00002-of-00007.parquet,6,82,audio,Orpheus
Orpheus:train-00002-of-00007.parquet:rg6:r94,1,calibration,orpheus:recording:Orpheus:train-00002-of-00007.parquet:rg6:r94,,C:\Users\Mahesh\Desktop\Projects\sih-2026\data\syntheticvoice\orpheus_tts_english_indian_multispeaker\data\train-00002-of-00007.parquet,6,94,audio,Orpheus
Orpheus:train-00002-of-00007.parquet:rg7:r2,1,calibration,orpheus:recording:Orpheus:train-00002-of-00007.parquet:rg7:r2,,C:\Users\Mahesh\Desktop\Projects\sih-2026\data\syntheticvoice\orpheus_tts_english_indian_multispeaker\data\train-00002-of-00007.parquet,7,2,audio,Orpheus
Orpheus:train-00002-of-00007.parquet:rg7:r3,1,calibration,orpheus:recording:Orpheus:train-00002-of-00007.parquet:rg7:r3,,C:\Users\Mahesh\Desktop\Projects\sih-2026\data\syntheticvoice\orpheus_tts_english_indian_multispeaker\data\train-00002-of-00007.parquet,7,3,audio,Orpheus
Orpheus:train-00002-of-00007.parquet:rg7:r8,1,calibration,orpheus:recording:Orpheus:train-00002-of-00007.parquet:rg7:r8,,C:\Users\Mahesh\Desktop\Projects\sih-2026\data\syntheticvoice\orpheus_tts_english_indian_multispeaker\data\train-00002-of-00007.parquet,7,8,audio,Orpheus
Orpheus:train-00002-of-00007.parquet:rg7:r9,1,calibration,orpheus:recording:Orpheus:train-00002-of-00007.parquet:rg7:r9,,C:\Users\Mahesh\Desktop\Projects\sih-2026\data\syntheticvoice\orpheus_tts_english_indian_multispeaker\data\train-00002-of-00007.parquet,7,9,audio,Orpheus
Orpheus:train-00002-of-00007.parquet:rg7:r13,1,calibration,orpheus:recording:Orpheus:train-00002-of-00007.parquet:rg7:r13,,C:\Users\Mahesh\Desktop\Projects\sih-2026\data\syntheticvoice\orpheus_tts_english_indian_multispeaker\data\train-00002-of-00007.parquet,7,13,audio,Orpheus
Orpheus:train-00002-of-00007.parquet:rg7:r31,1,calibration,orpheus:recording:Orpheus:train-00002-of-00007.parquet:rg7:r31,,C:\Users\Mahesh\Desktop\Projects\sih-2026\data\syntheticvoice\orpheus_tts_english_indian_multispeaker\data\train-00002-of-00007.parquet,7,31,audio,Orpheus
Orpheus:train-00002-of-00007.parquet:rg7:r43,1,calibration,orpheus:recording:Orpheus:train-00002-of-00007.parquet:rg7:r43,,C:\Users\Mahesh\Desktop\Projects\sih-2026\data\syntheticvoice\orpheus_tts_english_indian_multispeaker\data\train-00002-of-00007.parquet,7,43,audio,Orpheus
Orpheus:train-00002-of-00007.parquet:rg7:r44,1,calibration,orpheus:recording:Orpheus:train-00002-of-00007.parquet:rg7:r44,,C:\Users\Mahesh\Desktop\Projects\sih-2026\data\syntheticvoice\orpheus_tts_english_indian_multispeaker\data\train-00002-of-00007.parquet,7,44,audio,Orpheus
Orpheus:train-00002-of-00007.parquet:rg7:r89,1,calibration,orpheus:recording:Orpheus:train-00002-of-00007.parquet:rg7:r89,,C:\Users\Mahesh\Desktop\Projects\sih-2026\data\syntheticvoice\orpheus_tts_english_indian_multispeaker\data\train-00002-of-00007.parquet,7,89,audio,Orpheus
Orpheus:train-00002-of-00007.parquet:rg7:r96,1,calibration,orpheus:recording:Orpheus:train-00002-of-00007.parquet:rg7:r96,,C:\Users\Mahesh\Desktop\Projects\sih-2026\data\syntheticvoice\orpheus_tts_english_indian_multispeaker\data\train-00002-of-00007.parquet,7,96,audio,Orpheus
Orpheus:train-00002-of-00007.parquet:rg7:r97,1,calibration,orpheus:recording:Orpheus:train-00002-of-00007.parquet:rg7:r97,,C:\Users\Mahesh\Desktop\Projects\sih-2026\data\syntheticvoice\orpheus_tts_english_indian_multispeaker\data\train-00002-of-00007.parquet,7,97,audio,Orpheus
Orpheus:train-00002-of-00007.parquet:rg7:r99,1,calibration,orpheus:recording:Orpheus:train-00002-of-00007.parquet:rg7:r99,,C:\Users\Mahesh\Desktop\Projects\sih-2026\data\syntheticvoice\orpheus_tts_english_indian_multispeaker\data\train-00002-of-00007.parquet,7,99,audio,Orpheus
Orpheus:train-00002-of-00007.parquet:rg8:r19,1,calibration,orpheus:recording:Orpheus:train-00002-of-00007.parquet:rg8:r19,,C:\Users\Mahesh\Desktop\Projects\sih-2026\data\syntheticvoice\orpheus_tts_english_indian_multispeaker\data\train-00002-of-00007.parquet,8,19,audio,Orpheus
Orpheus:train-00002-of-00007.parquet:rg8:r27,1,calibration,orpheus:recording:Orpheus:train-00002-of-00007.parquet:rg8:r27,,C:\Users\Mahesh\Desktop\Projects\sih-2026\data\syntheticvoice\orpheus_tts_english_indian_multispeaker\data\train-00002-of-00007.parquet,8,27,audio,Orpheus
Orpheus:train-00002-of-00007.parquet:rg8:r44,1,calibration,orpheus:recording:Orpheus:train-00002-of-00007.parquet:rg8:r44,,C:\Users\Mahesh\Desktop\Projects\sih-2026\data\syntheticvoice\orpheus_tts_english_indian_multispeaker\data\train-00002-of-00007.parquet,8,44,audio,Orpheus
Orpheus:train-00002-of-00007.parquet:rg8:r62,1,calibration,orpheus:recording:Orpheus:train-00002-of-00007.parquet:rg8:r62,,C:\Users\Mahesh\Desktop\Projects\sih-2026\data\syntheticvoice\orpheus_tts_english_indian_multispeaker\data\train-00002-of-00007.parquet,8,62,audio,Orpheus
Orpheus:train-00002-of-00007.parquet:rg8:r65,1,calibration,orpheus:recording:Orpheus:train-00002-of-00007.parquet:rg8:r65,,C:\Users\Mahesh\Desktop\Projects\sih-2026\data\syntheticvoice\orpheus_tts_english_indian_multispeaker\data\train-00002-of-00007.parquet,8,65,audio,Orpheus
Orpheus:train-00002-of-00007.parquet:rg8:r69,1,calibration,orpheus:recording:Orpheus:train-00002-of-00007.parquet:rg8:r69,,C:\Users\Mahesh\Desktop\Projects\sih-2026\data\syntheticvoice\orpheus_tts_english_indian_multispeaker\data\train-00002-of-00007.parquet,8,69,audio,Orpheus
Orpheus:train-00002-of-00007.parquet:rg8:r77,1,calibration,orpheus:recording:Orpheus:train-00002-of-00007.parquet:rg8:r77,,C:\Users\Mahesh\Desktop\Projects\sih-2026\data\syntheticvoice\orpheus_tts_english_indian_multispeaker\data\train-00002-of-00007.parquet,8,77,audio,Orpheus
Orpheus:train-00002-of-00007.parquet:rg8:r78,1,calibration,orpheus:recording:Orpheus:train-00002-of-00007.parquet:rg8:r78,,C:\Users\Mahesh\Desktop\Projects\sih-2026\data\syntheticvoice\orpheus_tts_english_indian_multispeaker\data\train-00002-of-00007.parquet,8,78,audio,Orpheus
Orpheus:train-00002-of-00007.parquet:rg8:r82,1,calibration,orpheus:recording:Orpheus:train-00002-of-00007.parquet:rg8:r82,,C:\Users\Mahesh\Desktop\Projects\sih-2026\data\syntheticvoice\orpheus_tts_english_indian_multispeaker\data\train-00002-of-00007.parquet,8,82,audio,Orpheus
Orpheus:train-00002-of-00007.parquet:rg8:r85,1,calibration,orpheus:recording:Orpheus:train-00002-of-00007.parquet:rg8:r85,,C:\Users\Mahesh\Desktop\Projects\sih-2026\data\syntheticvoice\orpheus_tts_english_indian_multispeaker\data\train-00002-of-00007.parquet,8,85,audio,Orpheus
Orpheus:train-00002-of-00007.parquet:rg9:r21,1,calibration,orpheus:recording:Orpheus:train-00002-of-00007.parquet:rg9:r21,,C:\Users\Mahesh\Desktop\Projects\sih-2026\data\syntheticvoice\orpheus_tts_english_indian_multispeaker\data\train-00002-of-00007.parquet,9,21,audio,Orpheus
Orpheus:train-00002-of-00007.parquet:rg9:r58,1,calibration,orpheus:recording:Orpheus:train-00002-of-00007.parquet:rg9:r58,,C:\Users\Mahesh\Desktop\Projects\sih-2026\data\syntheticvoice\orpheus_tts_english_indian_multispeaker\data\train-00002-of-00007.parquet,9,58,audio,Orpheus
Orpheus:train-00002-of-00007.parquet:rg9:r61,1,calibration,orpheus:recording:Orpheus:train-00002-of-00007.parquet:rg9:r61,,C:\Users\Mahesh\Desktop\Projects\sih-2026\data\syntheticvoice\orpheus_tts_english_indian_multispeaker\data\train-00002-of-00007.parquet,9,61,audio,Orpheus
Orpheus:train-00002-of-00007.parquet:rg9:r62,1,calibration,orpheus:recording:Orpheus:train-00002-of-00007.parquet:rg9:r62,,C:\Users\Mahesh\Desktop\Projects\sih-2026\data\syntheticvoice\orpheus_tts_english_indian_multispeaker\data\train-00002-of-00007.parquet,9,62,audio,Orpheus
Orpheus:train-00002-of-00007.parquet:rg9:r72,1,calibration,orpheus:recording:Orpheus:train-00002-of-00007.parquet:rg9:r72,,C:\Users\Mahesh\Desktop\Projects\sih-2026\data\syntheticvoice\orpheus_tts_english_indian_multispeaker\data\train-00002-of-00007.parquet,9,72,audio,Orpheus
Orpheus:train-00002-of-00007.parquet:rg9:r88,1,calibration,orpheus:recording:Orpheus:train-00002-of-00007.parquet:rg9:r88,,C:\Users\Mahesh\Desktop\Projects\sih-2026\data\syntheticvoice\orpheus_tts_english_indian_multispeaker\data\train-00002-of-00007.parquet,9,88,audio,Orpheus
Orpheus:train-00002-of-00007.parquet:rg9:r94,1,calibration,orpheus:recording:Orpheus:train-00002-of-00007.parquet:rg9:r94,,C:\Users\Mahesh\Desktop\Projects\sih-2026\data\syntheticvoice\orpheus_tts_english_indian_multispeaker\data\train-00002-of-00007.parquet,9,94,audio,Orpheus
Orpheus:train-00002-of-00007.parquet:rg10:r0,1,calibration,orpheus:recording:Orpheus:train-00002-of-00007.parquet:rg10:r0,,C:\Users\Mahesh\Desktop\Projects\sih-2026\data\syntheticvoice\orpheus_tts_english_indian_multispeaker\data\train-00002-of-00007.parquet,10,0,audio,Orpheus
Orpheus:train-00002-of-00007.parquet:rg10:r15,1,calibration,orpheus:recording:Orpheus:train-00002-of-00007.parquet:rg10:r15,,C:\Users\Mahesh\Desktop\Projects\sih-2026\data\syntheticvoice\orpheus_tts_english_indian_multispeaker\data\train-00002-of-00007.parquet,10,15,audio,Orpheus
Orpheus:train-00002-of-00007.parquet:rg10:r32,1,calibration,orpheus:recording:Orpheus:train-00002-of-00007.parquet:rg10:r32,,C:\Users\Mahesh\Desktop\Projects\sih-2026\data\syntheticvoice\orpheus_tts_english_indian_multispeaker\data\train-00002-of-00007.parquet,10,32,audio,Orpheus
Orpheus:train-00002-of-00007.parquet:rg10:r37,1,calibration,orpheus:recording:Orpheus:train-00002-of-00007.parquet:rg10:r37,,C:\Users\Mahesh\Desktop\Projects\sih-2026\data\syntheticvoice\orpheus_tts_english_indian_multispeaker\data\train-00002-of-00007.parquet,10,37,audio,Orpheus
Orpheus:train-00002-of-00007.parquet:rg10:r51,1,calibration,orpheus:recording:Orpheus:train-00002-of-00007.parquet:rg10:r51,,C:\Users\Mahesh\Desktop\Projects\sih-2026\data\syntheticvoice\orpheus_tts_english_indian_multispeaker\data\train-00002-of-00007.parquet,10,51,audio,Orpheus
Orpheus:train-00002-of-00007.parquet:rg10:r54,1,calibration,orpheus:recording:Orpheus:train-00002-of-00007.parquet:rg10:r54,,C:\Users\Mahesh\Desktop\Projects\sih-2026\data\syntheticvoice\orpheus_tts_english_indian_multispeaker\data\train-00002-of-00007.parquet,10,54,audio,Orpheus
Orpheus:train-00002-of-00007.parquet:rg10:r56,1,calibration,orpheus:recording:Orpheus:train-00002-of-00007.parquet:rg10:r56,,C:\Users\Mahesh\Desktop\Projects\sih-2026\data\syntheticvoice\orpheus_tts_english_indian_multispeaker\data\train-00002-of-00007.parquet,10,56,audio,Orpheus
Orpheus:train-00002-of-00007.parquet:rg10:r60,1,calibration,orpheus:recording:Orpheus:train-00002-of-00007.parquet:rg10:r60,,C:\Users\Mahesh\Desktop\Projects\sih-2026\data\syntheticvoice\orpheus_tts_english_indian_multispeaker\data\train-00002-of-00007.parquet,10,60,audio,Orpheus
Orpheus:train-00002-of-00007.parquet:rg10:r66,1,calibration,orpheus:recording:Orpheus:train-00002-of-00007.parquet:rg10:r66,,C:\Users\Mahesh\Desktop\Projects\sih-2026\data\syntheticvoice\orpheus_tts_english_indian_multispeaker\data\train-00002-of-00007.parquet,10,66,audio,Orpheus
Orpheus:train-00002-of-00007.parquet:rg10:r90,1,calibration,orpheus:recording:Orpheus:train-00002-of-00007.parquet:rg10:r90,,C:\Users\Mahesh\Desktop\Projects\sih-2026\data\syntheticvoice\orpheus_tts_english_indian_multispeaker\data\train-00002-of-00007.parquet,10,90,audio,Orpheus
Orpheus:train-00002-of-00007.parquet:rg10:r96,1,calibration,orpheus:recording:Orpheus:train-00002-of-00007.parquet:rg10:r96,,C:\Users\Mahesh\Desktop\Projects\sih-2026\data\syntheticvoice\orpheus_tts_english_indian_multispeaker\data\train-00002-of-00007.parquet,10,96,audio,Orpheus
Orpheus:train-00002-of-00007.parquet:rg11:r8,1,calibration,orpheus:recording:Orpheus:train-00002-of-00007.parquet:rg11:r8,,C:\Users\Mahesh\Desktop\Projects\sih-2026\data\syntheticvoice\orpheus_tts_english_indian_multispeaker\data\train-00002-of-00007.parquet,11,8,audio,Orpheus
Orpheus:train-00002-of-00007.parquet:rg11:r14,1,calibration,orpheus:recording:Orpheus:train-00002-of-00007.parquet:rg11:r14,,C:\Users\Mahesh\Desktop\Projects\sih-2026\data\syntheticvoice\orpheus_tts_english_indian_multispeaker\data\train-00002-of-00007.parquet,11,14,audio,Orpheus
Orpheus:train-00002-of-00007.parquet:rg11:r18,1,calibration,orpheus:recording:Orpheus:train-00002-of-00007.parquet:rg11:r18,,C:\Users\Mahesh\Desktop\Projects\sih-2026\data\syntheticvoice\orpheus_tts_english_indian_multispeaker\data\train-00002-of-00007.parquet,11,18,audio,Orpheus
Orpheus:train-00002-of-00007.parquet:rg11:r33,1,calibration,orpheus:recording:Orpheus:train-00002-of-00007.parquet:rg11:r33,,C:\Users\Mahesh\Desktop\Projects\sih-2026\data\syntheticvoice\orpheus_tts_english_indian_multispeaker\data\train-00002-of-00007.parquet,11,33,audio,Orpheus
Orpheus:train-00002-of-00007.parquet:rg11:r56,1,calibration,orpheus:recording:Orpheus:train-00002-of-00007.parquet:rg11:r56,,C:\Users\Mahesh\Desktop\Projects\sih-2026\data\syntheticvoice\orpheus_tts_english_indian_multispeaker\data\train-00002-of-00007.parquet,11,56,audio,Orpheus
Orpheus:train-00002-of-00007.parquet:rg11:r79,1,calibration,orpheus:recording:Orpheus:train-00002-of-00007.parquet:rg11:r79,,C:\Users\Mahesh\Desktop\Projects\sih-2026\data\syntheticvoice\orpheus_tts_english_indian_multispeaker\data\train-00002-of-00007.parquet,11,79,audio,Orpheus
Orpheus:train-00002-of-00007.parquet:rg11:r82,1,calibration,orpheus:recording:Orpheus:train-00002-of-00007.parquet:rg11:r82,,C:\Users\Mahesh\Desktop\Projects\sih-2026\data\syntheticvoice\orpheus_tts_english_indian_multispeaker\data\train-00002-of-00007.parquet,11,82,audio,Orpheus
Orpheus:train-00002-of-00007.parquet:rg12:r1,1,calibration,orpheus:recording:Orpheus:train-00002-of-00007.parquet:rg12:r1,,C:\Users\Mahesh\Desktop\Projects\sih-2026\data\syntheticvoice\orpheus_tts_english_indian_multispeaker\data\train-00002-of-00007.parquet,12,1,audio,Orpheus
Orpheus:train-00002-of-00007.parquet:rg12:r19,1,calibration,orpheus:recording:Orpheus:train-00002-of-00007.parquet:rg12:r19,,C:\Users\Mahesh\Desktop\Projects\sih-2026\data\syntheticvoice\orpheus_tts_english_indian_multispeaker\data\train-00002-of-00007.parquet,12,19,audio,Orpheus
Orpheus:train-00002-of-00007.parquet:rg12:r53,1,calibration,orpheus:recording:Orpheus:train-00002-of-00007.parquet:rg12:r53,,C:\Users\Mahesh\Desktop\Projects\sih-2026\data\syntheticvoice\orpheus_tts_english_indian_multispeaker\data\train-00002-of-00007.parquet,12,53,audio,Orpheus
Orpheus:train-00002-of-00007.parquet:rg12:r55,1,calibration,orpheus:recording:Orpheus:train-00002-of-00007.parquet:rg12:r55,,C:\Users\Mahesh\Desktop\Projects\sih-2026\data\syntheticvoice\orpheus_tts_english_indian_multispeaker\data\train-00002-of-00007.parquet,12,55,audio,Orpheus
Orpheus:train-00002-of-00007.parquet:rg12:r56,1,calibration,orpheus:recording:Orpheus:train-00002-of-00007.parquet:rg12:r56,,C:\Users\Mahesh\Desktop\Projects\sih-2026\data\syntheticvoice\orpheus_tts_english_indian_multispeaker\data\train-00002-of-00007.parquet,12,56,audio,Orpheus
Orpheus:train-00002-of-00007.parquet:rg12:r62,1,calibration,orpheus:recording:Orpheus:train-00002-of-00007.parquet:rg12:r62,,C:\Users\Mahesh\Desktop\Projects\sih-2026\data\syntheticvoice\orpheus_tts_english_indian_multispeaker\data\train-00002-of-00007.parquet,12,62,audio,Orpheus
Orpheus:train-00002-of-00007.parquet:rg12:r80,1,calibration,orpheus:recording:Orpheus:train-00002-of-00007.parquet:rg12:r80,,C:\Users\Mahesh\Desktop\Projects\sih-2026\data\syntheticvoice\orpheus_tts_english_indian_multispeaker\data\train-00002-of-00007.parquet,12,80,audio,Orpheus
Orpheus:train-00002-of-00007.parquet:rg12:r91,1,calibration,orpheus:recording:Orpheus:train-00002-of-00007.parquet:rg12:r91,,C:\Users\Mahesh\Desktop\Projects\sih-2026\data\syntheticvoice\orpheus_tts_english_indian_multispeaker\data\train-00002-of-00007.parquet,12,91,audio,Orpheus
Orpheus:train-00002-of-00007.parquet:rg12:r98,1,calibration,orpheus:recording:Orpheus:train-00002-of-00007.parquet:rg12:r98,,C:\Users\Mahesh\Desktop\Projects\sih-2026\data\syntheticvoice\orpheus_tts_english_indian_multispeaker\data\train-00002-of-00007.parquet,12,98,audio,Orpheus
Orpheus:train-00002-of-00007.parquet:rg13:r7,1,calibration,orpheus:recording:Orpheus:train-00002-of-00007.parquet:rg13:r7,,C:\Users\Mahesh\Desktop\Projects\sih-2026\data\syntheticvoice\orpheus_tts_english_indian_multispeaker\data\train-00002-of-00007.parquet,13,7,audio,Orpheus
Orpheus:train-00002-of-00007.parquet:rg13:r11,1,calibration,orpheus:recording:Orpheus:train-00002-of-00007.parquet:rg13:r11,,C:\Users\Mahesh\Desktop\Projects\sih-2026\data\syntheticvoice\orpheus_tts_english_indian_multispeaker\data\train-00002-of-00007.parquet,13,11,audio,Orpheus
Orpheus:train-00002-of-00007.parquet:rg13:r15,1,calibration,orpheus:recording:Orpheus:train-00002-of-00007.parquet:rg13:r15,,C:\Users\Mahesh\Desktop\Projects\sih-2026\data\syntheticvoice\orpheus_tts_english_indian_multispeaker\data\train-00002-of-00007.parquet,13,15,audio,Orpheus
Orpheus:train-00002-of-00007.parquet:rg13:r22,1,calibration,orpheus:recording:Orpheus:train-00002-of-00007.parquet:rg13:r22,,C:\Users\Mahesh\Desktop\Projects\sih-2026\data\syntheticvoice\orpheus_tts_english_indian_multispeaker\data\train-00002-of-00007.parquet,13,22,audio,Orpheus
Orpheus:train-00002-of-00007.parquet:rg13:r29,1,calibration,orpheus:recording:Orpheus:train-00002-of-00007.parquet:rg13:r29,,C:\Users\Mahesh\Desktop\Projects\sih-2026\data\syntheticvoice\orpheus_tts_english_indian_multispeaker\data\train-00002-of-00007.parquet,13,29,audio,Orpheus
Orpheus:train-00002-of-00007.parquet:rg13:r40,1,calibration,orpheus:recording:Orpheus:train-00002-of-00007.parquet:rg13:r40,,C:\Users\Mahesh\Desktop\Projects\sih-2026\data\syntheticvoice\orpheus_tts_english_indian_multispeaker\data\train-00002-of-00007.parquet,13,40,audio,Orpheus
Orpheus:train-00002-of-00007.parquet:rg13:r60,1,calibration,orpheus:recording:Orpheus:train-00002-of-00007.parquet:rg13:r60,,C:\Users\Mahesh\Desktop\Projects\sih-2026\data\syntheticvoice\orpheus_tts_english_indian_multispeaker\data\train-00002-of-00007.parquet,13,60,audio,Orpheus
Orpheus:train-00002-of-00007.parquet:rg13:r79,1,calibration,orpheus:recording:Orpheus:train-00002-of-00007.parquet:rg13:r79,,C:\Users\Mahesh\Desktop\Projects\sih-2026\data\syntheticvoice\orpheus_tts_english_indian_multispeaker\data\train-00002-of-00007.parquet,13,79,audio,Orpheus
Orpheus:train-00002-of-00007.parquet:rg14:r8,1,calibration,orpheus:recording:Orpheus:train-00002-of-00007.parquet:rg14:r8,,C:\Users\Mahesh\Desktop\Projects\sih-2026\data\syntheticvoice\orpheus_tts_english_indian_multispeaker\data\train-00002-of-00007.parquet,14,8,audio,Orpheus
Orpheus:train-00002-of-00007.parquet:rg14:r19,1,calibration,orpheus:recording:Orpheus:train-00002-of-00007.parquet:rg14:r19,,C:\Users\Mahesh\Desktop\Projects\sih-2026\data\syntheticvoice\orpheus_tts_english_indian_multispeaker\data\train-00002-of-00007.parquet,14,19,audio,Orpheus
Orpheus:train-00002-of-00007.parquet:rg14:r31,1,calibration,orpheus:recording:Orpheus:train-00002-of-00007.parquet:rg14:r31,,C:\Users\Mahesh\Desktop\Projects\sih-2026\data\syntheticvoice\orpheus_tts_english_indian_multispeaker\data\train-00002-of-00007.parquet,14,31,audio,Orpheus
Orpheus:train-00002-of-00007.parquet:rg14:r46,1,calibration,orpheus:recording:Orpheus:train-00002-of-00007.parquet:rg14:r46,,C:\Users\Mahesh\Desktop\Projects\sih-2026\data\syntheticvoice\orpheus_tts_english_indian_multispeaker\data\train-00002-of-00007.parquet,14,46,audio,Orpheus
Orpheus:train-00002-of-00007.parquet:rg14:r68,1,calibration,orpheus:recording:Orpheus:train-00002-of-00007.parquet:rg14:r68,,C:\Users\Mahesh\Desktop\Projects\sih-2026\data\syntheticvoice\orpheus_tts_english_indian_multispeaker\data\train-00002-of-00007.parquet,14,68,audio,Orpheus
Orpheus:train-00002-of-00007.parquet:rg14:r89,1,calibration,orpheus:recording:Orpheus:train-00002-of-00007.parquet:rg14:r89,,C:\Users\Mahesh\Desktop\Projects\sih-2026\data\syntheticvoice\orpheus_tts_english_indian_multispeaker\data\train-00002-of-00007.parquet,14,89,audio,Orpheus
Orpheus:train-00002-of-00007.parquet:rg14:r93,1,calibration,orpheus:recording:Orpheus:train-00002-of-00007.parquet:rg14:r93,,C:\Users\Mahesh\Desktop\Projects\sih-2026\data\syntheticvoice\orpheus_tts_english_indian_multispeaker\data\train-00002-of-00007.parquet,14,93,audio,Orpheus
Orpheus:train-00002-of-00007.parquet:rg15:r17,1,calibration,orpheus:recording:Orpheus:train-00002-of-00007.parquet:rg15:r17,,C:\Users\Mahesh\Desktop\Projects\sih-2026\data\syntheticvoice\orpheus_tts_english_indian_multispeaker\data\train-00002-of-00007.parquet,15,17,audio,Orpheus
Orpheus:train-00002-of-00007.parquet:rg15:r26,1,calibration,orpheus:recording:Orpheus:train-00002-of-00007.parquet:rg15:r26,,C:\Users\Mahesh\Desktop\Projects\sih-2026\data\syntheticvoice\orpheus_tts_english_indian_multispeaker\data\train-00002-of-00007.parquet,15,26,audio,Orpheus
Orpheus:train-00002-of-00007.parquet:rg15:r29,1,calibration,orpheus:recording:Orpheus:train-00002-of-00007.parquet:rg15:r29,,C:\Users\Mahesh\Desktop\Projects\sih-2026\data\syntheticvoice\orpheus_tts_english_indian_multispeaker\data\train-00002-of-00007.parquet,15,29,audio,Orpheus
Orpheus:train-00002-of-00007.parquet:rg15:r38,1,calibration,orpheus:recording:Orpheus:train-00002-of-00007.parquet:rg15:r38,,C:\Users\Mahesh\Desktop\Projects\sih-2026\data\syntheticvoice\orpheus_tts_english_indian_multispeaker\data\train-00002-of-00007.parquet,15,38,audio,Orpheus
Orpheus:train-00002-of-00007.parquet:rg15:r40,1,calibration,orpheus:recording:Orpheus:train-00002-of-00007.parquet:rg15:r40,,C:\Users\Mahesh\Desktop\Projects\sih-2026\data\syntheticvoice\orpheus_tts_english_indian_multispeaker\data\train-00002-of-00007.parquet,15,40,audio,Orpheus
Orpheus:train-00002-of-00007.parquet:rg15:r55,1,calibration,orpheus:recording:Orpheus:train-00002-of-00007.parquet:rg15:r55,,C:\Users\Mahesh\Desktop\Projects\sih-2026\data\syntheticvoice\orpheus_tts_english_indian_multispeaker\data\train-00002-of-00007.parquet,15,55,audio,Orpheus
Orpheus:train-00002-of-00007.parquet:rg15:r66,1,calibration,orpheus:recording:Orpheus:train-00002-of-00007.parquet:rg15:r66,,C:\Users\Mahesh\Desktop\Projects\sih-2026\data\syntheticvoice\orpheus_tts_english_indian_multispeaker\data\train-00002-of-00007.parquet,15,66,audio,Orpheus
Orpheus:train-00002-of-00007.parquet:rg15:r78,1,calibration,orpheus:recording:Orpheus:train-00002-of-00007.parquet:rg15:r78,,C:\Users\Mahesh\Desktop\Projects\sih-2026\data\syntheticvoice\orpheus_tts_english_indian_multispeaker\data\train-00002-of-00007.parquet,15,78,audio,Orpheus
Orpheus:train-00002-of-00007.parquet:rg15:r81,1,calibration,orpheus:recording:Orpheus:train-00002-of-00007.parquet:rg15:r81,,C:\Users\Mahesh\Desktop\Projects\sih-2026\data\syntheticvoice\orpheus_tts_english_indian_multispeaker\data\train-00002-of-00007.parquet,15,81,audio,Orpheus
Orpheus:train-00002-of-00007.parquet:rg15:r83,1,calibration,orpheus:recording:Orpheus:train-00002-of-00007.parquet:rg15:r83,,C:\Users\Mahesh\Desktop\Projects\sih-2026\data\syntheticvoice\orpheus_tts_english_indian_multispeaker\data\train-00002-of-00007.parquet,15,83,audio,Orpheus
Orpheus:train-00002-of-00007.parquet:rg16:r0,1,calibration,orpheus:recording:Orpheus:train-00002-of-00007.parquet:rg16:r0,,C:\Users\Mahesh\Desktop\Projects\sih-2026\data\syntheticvoice\orpheus_tts_english_indian_multispeaker\data\train-00002-of-00007.parquet,16,0,audio,Orpheus
Orpheus:train-00002-of-00007.parquet:rg16:r10,1,calibration,orpheus:recording:Orpheus:train-00002-of-00007.parquet:rg16:r10,,C:\Users\Mahesh\Desktop\Projects\sih-2026\data\syntheticvoice\orpheus_tts_english_indian_multispeaker\data\train-00002-of-00007.parquet,16,10,audio,Orpheus
Orpheus:train-00002-of-00007.parquet:rg16:r25,1,calibration,orpheus:recording:Orpheus:train-00002-of-00007.parquet:rg16:r25,,C:\Users\Mahesh\Desktop\Projects\sih-2026\data\syntheticvoice\orpheus_tts_english_indian_multispeaker\data\train-00002-of-00007.parquet,16,25,audio,Orpheus
Orpheus:train-00002-of-00007.parquet:rg16:r31,1,calibration,orpheus:recording:Orpheus:train-00002-of-00007.parquet:rg16:r31,,C:\Users\Mahesh\Desktop\Projects\sih-2026\data\syntheticvoice\orpheus_tts_english_indian_multispeaker\data\train-00002-of-00007.parquet,16,31,audio,Orpheus
Orpheus:train-00002-of-00007.parquet:rg16:r34,1,calibration,orpheus:recording:Orpheus:train-00002-of-00007.parquet:rg16:r34,,C:\Users\Mahesh\Desktop\Projects\sih-2026\data\syntheticvoice\orpheus_tts_english_indian_multispeaker\data\train-00002-of-00007.parquet,16,34,audio,Orpheus
Orpheus:train-00002-of-00007.parquet:rg16:r47,1,calibration,orpheus:recording:Orpheus:train-00002-of-00007.parquet:rg16:r47,,C:\Users\Mahesh\Desktop\Projects\sih-2026\data\syntheticvoice\orpheus_tts_english_indian_multispeaker\data\train-00002-of-00007.parquet,16,47,audio,Orpheus
Orpheus:train-00002-of-00007.parquet:rg16:r49,1,calibration,orpheus:recording:Orpheus:train-00002-of-00007.parquet:rg16:r49,,C:\Users\Mahesh\Desktop\Projects\sih-2026\data\syntheticvoice\orpheus_tts_english_indian_multispeaker\data\train-00002-of-00007.parquet,16,49,audio,Orpheus
Orpheus:train-00002-of-00007.parquet:rg16:r57,1,calibration,orpheus:recording:Orpheus:train-00002-of-00007.parquet:rg16:r57,,C:\Users\Mahesh\Desktop\Projects\sih-2026\data\syntheticvoice\orpheus_tts_english_indian_multispeaker\data\train-00002-of-00007.parquet,16,57,audio,Orpheus
Orpheus:train-00002-of-00007.parquet:rg16:r69,1,calibration,orpheus:recording:Orpheus:train-00002-of-00007.parquet:rg16:r69,,C:\Users\Mahesh\Desktop\Projects\sih-2026\data\syntheticvoice\orpheus_tts_english_indian_multispeaker\data\train-00002-of-00007.parquet,16,69,audio,Orpheus
Orpheus:train-00002-of-00007.parquet:rg16:r70,1,calibration,orpheus:recording:Orpheus:train-00002-of-00007.parquet:rg16:r70,,C:\Users\Mahesh\Desktop\Projects\sih-2026\data\syntheticvoice\orpheus_tts_english_indian_multispeaker\data\train-00002-of-00007.parquet,16,70,audio,Orpheus
Orpheus:train-00002-of-00007.parquet:rg16:r90,1,calibration,orpheus:recording:Orpheus:train-00002-of-00007.parquet:rg16:r90,,C:\Users\Mahesh\Desktop\Projects\sih-2026\data\syntheticvoice\orpheus_tts_english_indian_multispeaker\data\train-00002-of-00007.parquet,16,90,audio,Orpheus
Orpheus:train-00002-of-00007.parquet:rg16:r94,1,calibration,orpheus:recording:Orpheus:train-00002-of-00007.parquet:rg16:r94,,C:\Users\Mahesh\Desktop\Projects\sih-2026\data\syntheticvoice\orpheus_tts_english_indian_multispeaker\data\train-00002-of-00007.parquet,16,94,audio,Orpheus
Orpheus:train-00002-of-00007.parquet:rg16:r95,1,calibration,orpheus:recording:Orpheus:train-00002-of-00007.parquet:rg16:r95,,C:\Users\Mahesh\Desktop\Projects\sih-2026\data\syntheticvoice\orpheus_tts_english_indian_multispeaker\data\train-00002-of-00007.parquet,16,95,audio,Orpheus
Orpheus:train-00002-of-00007.parquet:rg16:r96,1,calibration,orpheus:recording:Orpheus:train-00002-of-00007.parquet:rg16:r96,,C:\Users\Mahesh\Desktop\Projects\sih-2026\data\syntheticvoice\orpheus_tts_english_indian_multispeaker\data\train-00002-of-00007.parquet,16,96,audio,Orpheus
Orpheus:train-00002-of-00007.parquet:rg17:r5,1,calibration,orpheus:recording:Orpheus:train-00002-of-00007.parquet:rg17:r5,,C:\Users\Mahesh\Desktop\Projects\sih-2026\data\syntheticvoice\orpheus_tts_english_indian_multispeaker\data\train-00002-of-00007.parquet,17,5,audio,Orpheus
Orpheus:train-00002-of-00007.parquet:rg17:r9,1,calibration,orpheus:recording:Orpheus:train-00002-of-00007.parquet:rg17:r9,,C:\Users\Mahesh\Desktop\Projects\sih-2026\data\syntheticvoice\orpheus_tts_english_indian_multispeaker\data\train-00002-of-00007.parquet,17,9,audio,Orpheus
Orpheus:train-00002-of-00007.parquet:rg17:r35,1,calibration,orpheus:recording:Orpheus:train-00002-of-00007.parquet:rg17:r35,,C:\Users\Mahesh\Desktop\Projects\sih-2026\data\syntheticvoice\orpheus_tts_english_indian_multispeaker\data\train-00002-of-00007.parquet,17,35,audio,Orpheus
Orpheus:train-00002-of-00007.parquet:rg17:r39,1,calibration,orpheus:recording:Orpheus:train-00002-of-00007.parquet:rg17:r39,,C:\Users\Mahesh\Desktop\Projects\sih-2026\data\syntheticvoice\orpheus_tts_english_indian_multispeaker\data\train-00002-of-00007.parquet,17,39,audio,Orpheus
Orpheus:train-00002-of-00007.parquet:rg17:r44,1,calibration,orpheus:recording:Orpheus:train-00002-of-00007.parquet:rg17:r44,,C:\Users\Mahesh\Desktop\Projects\sih-2026\data\syntheticvoice\orpheus_tts_english_indian_multispeaker\data\train-00002-of-00007.parquet,17,44,audio,Orpheus
Orpheus:train-00002-of-00007.parquet:rg17:r54,1,calibration,orpheus:recording:Orpheus:train-00002-of-00007.parquet:rg17:r54,,C:\Users\Mahesh\Desktop\Projects\sih-2026\data\syntheticvoice\orpheus_tts_english_indian_multispeaker\data\train-00002-of-00007.parquet,17,54,audio,Orpheus
Orpheus:train-00002-of-00007.parquet:rg17:r63,1,calibration,orpheus:recording:Orpheus:train-00002-of-00007.parquet:rg17:r63,,C:\Users\Mahesh\Desktop\Projects\sih-2026\data\syntheticvoice\orpheus_tts_english_indian_multispeaker\data\train-00002-of-00007.parquet,17,63,audio,Orpheus
Orpheus:train-00002-of-00007.parquet:rg17:r82,1,calibration,orpheus:recording:Orpheus:train-00002-of-00007.parquet:rg17:r82,,C:\Users\Mahesh\Desktop\Projects\sih-2026\data\syntheticvoice\orpheus_tts_english_indian_multispeaker\data\train-00002-of-00007.parquet,17,82,audio,Orpheus
Orpheus:train-00002-of-00007.parquet:rg17:r84,1,calibration,orpheus:recording:Orpheus:train-00002-of-00007.parquet:rg17:r84,,C:\Users\Mahesh\Desktop\Projects\sih-2026\data\syntheticvoice\orpheus_tts_english_indian_multispeaker\data\train-00002-of-00007.parquet,17,84,audio,Orpheus
Orpheus:train-00002-of-00007.parquet:rg17:r88,1,calibration,orpheus:recording:Orpheus:train-00002-of-00007.parquet:rg17:r88,,C:\Users\Mahesh\Desktop\Projects\sih-2026\data\syntheticvoice\orpheus_tts_english_indian_multispeaker\data\train-00002-of-00007.parquet,17,88,audio,Orpheus
Orpheus:train-00002-of-00007.parquet:rg17:r93,1,calibration,orpheus:recording:Orpheus:train-00002-of-00007.parquet:rg17:r93,,C:\Users\Mahesh\Desktop\Projects\sih-2026\data\syntheticvoice\orpheus_tts_english_indian_multispeaker\data\train-00002-of-00007.parquet,17,93,audio,Orpheus
Orpheus:train-00002-of-00007.parquet:rg18:r0,1,calibration,orpheus:recording:Orpheus:train-00002-of-00007.parquet:rg18:r0,,C:\Users\Mahesh\Desktop\Projects\sih-2026\data\syntheticvoice\orpheus_tts_english_indian_multispeaker\data\train-00002-of-00007.parquet,18,0,audio,Orpheus
Orpheus:train-00002-of-00007.parquet:rg18:r15,1,calibration,orpheus:recording:Orpheus:train-00002-of-00007.parquet:rg18:r15,,C:\Users\Mahesh\Desktop\Projects\sih-2026\data\syntheticvoice\orpheus_tts_english_indian_multispeaker\data\train-00002-of-00007.parquet,18,15,audio,Orpheus
Orpheus:train-00002-of-00007.parquet:rg18:r43,1,calibration,orpheus:recording:Orpheus:train-00002-of-00007.parquet:rg18:r43,,C:\Users\Mahesh\Desktop\Projects\sih-2026\data\syntheticvoice\orpheus_tts_english_indian_multispeaker\data\train-00002-of-00007.parquet,18,43,audio,Orpheus
Orpheus:train-00002-of-00007.parquet:rg18:r47,1,calibration,orpheus:recording:Orpheus:train-00002-of-00007.parquet:rg18:r47,,C:\Users\Mahesh\Desktop\Projects\sih-2026\data\syntheticvoice\orpheus_tts_english_indian_multispeaker\data\train-00002-of-00007.parquet,18,47,audio,Orpheus
Orpheus:train-00002-of-00007.parquet:rg18:r54,1,calibration,orpheus:recording:Orpheus:train-00002-of-00007.parquet:rg18:r54,,C:\Users\Mahesh\Desktop\Projects\sih-2026\data\syntheticvoice\orpheus_tts_english_indian_multispeaker\data\train-00002-of-00007.parquet,18,54,audio,Orpheus
Orpheus:train-00002-of-00007.parquet:rg18:r60,1,calibration,orpheus:recording:Orpheus:train-00002-of-00007.parquet:rg18:r60,,C:\Users\Mahesh\Desktop\Projects\sih-2026\data\syntheticvoice\orpheus_tts_english_indian_multispeaker\data\train-00002-of-00007.parquet,18,60,audio,Orpheus
Orpheus:train-00002-of-00007.parquet:rg18:r64,1,calibration,orpheus:recording:Orpheus:train-00002-of-00007.parquet:rg18:r64,,C:\Users\Mahesh\Desktop\Projects\sih-2026\data\syntheticvoice\orpheus_tts_english_indian_multispeaker\data\train-00002-of-00007.parquet,18,64,audio,Orpheus
Orpheus:train-00002-of-00007.parquet:rg18:r75,1,calibration,orpheus:recording:Orpheus:train-00002-of-00007.parquet:rg18:r75,,C:\Users\Mahesh\Desktop\Projects\sih-2026\data\syntheticvoice\orpheus_tts_english_indian_multispeaker\data\train-00002-of-00007.parquet,18,75,audio,Orpheus
Orpheus:train-00002-of-00007.parquet:rg18:r86,1,calibration,orpheus:recording:Orpheus:train-00002-of-00007.parquet:rg18:r86,,C:\Users\Mahesh\Desktop\Projects\sih-2026\data\syntheticvoice\orpheus_tts_english_indian_multispeaker\data\train-00002-of-00007.parquet,18,86,audio,Orpheus
Orpheus:train-00003-of-00007.parquet:rg0:r0,1,calibration,orpheus:recording:Orpheus:train-00003-of-00007.parquet:rg0:r0,,C:\Users\Mahesh\Desktop\Projects\sih-2026\data\syntheticvoice\orpheus_tts_english_indian_multispeaker\data\train-00003-of-00007.parquet,0,0,audio,Orpheus
Orpheus:train-00003-of-00007.parquet:rg0:r2,1,calibration,orpheus:recording:Orpheus:train-00003-of-00007.parquet:rg0:r2,,C:\Users\Mahesh\Desktop\Projects\sih-2026\data\syntheticvoice\orpheus_tts_english_indian_multispeaker\data\train-00003-of-00007.parquet,0,2,audio,Orpheus
Orpheus:train-00003-of-00007.parquet:rg0:r16,1,calibration,orpheus:recording:Orpheus:train-00003-of-00007.parquet:rg0:r16,,C:\Users\Mahesh\Desktop\Projects\sih-2026\data\syntheticvoice\orpheus_tts_english_indian_multispeaker\data\train-00003-of-00007.parquet,0,16,audio,Orpheus
Orpheus:train-00003-of-00007.parquet:rg0:r26,1,calibration,orpheus:recording:Orpheus:train-00003-of-00007.parquet:rg0:r26,,C:\Users\Mahesh\Desktop\Projects\sih-2026\data\syntheticvoice\orpheus_tts_english_indian_multispeaker\data\train-00003-of-00007.parquet,0,26,audio,Orpheus
Orpheus:train-00003-of-00007.parquet:rg0:r43,1,calibration,orpheus:recording:Orpheus:train-00003-of-00007.parquet:rg0:r43,,C:\Users\Mahesh\Desktop\Projects\sih-2026\data\syntheticvoice\orpheus_tts_english_indian_multispeaker\data\train-00003-of-00007.parquet,0,43,audio,Orpheus
Orpheus:train-00003-of-00007.parquet:rg0:r70,1,calibration,orpheus:recording:Orpheus:train-00003-of-00007.parquet:rg0:r70,,C:\Users\Mahesh\Desktop\Projects\sih-2026\data\syntheticvoice\orpheus_tts_english_indian_multispeaker\data\train-00003-of-00007.parquet,0,70,audio,Orpheus
Orpheus:train-00003-of-00007.parquet:rg0:r73,1,calibration,orpheus:recording:Orpheus:train-00003-of-00007.parquet:rg0:r73,,C:\Users\Mahesh\Desktop\Projects\sih-2026\data\syntheticvoice\orpheus_tts_english_indian_multispeaker\data\train-00003-of-00007.parquet,0,73,audio,Orpheus
Orpheus:train-00003-of-00007.parquet:rg0:r80,1,calibration,orpheus:recording:Orpheus:train-00003-of-00007.parquet:rg0:r80,,C:\Users\Mahesh\Desktop\Projects\sih-2026\data\syntheticvoice\orpheus_tts_english_indian_multispeaker\data\train-00003-of-00007.parquet,0,80,audio,Orpheus
Orpheus:train-00003-of-00007.parquet:rg0:r87,1,calibration,orpheus:recording:Orpheus:train-00003-of-00007.parquet:rg0:r87,,C:\Users\Mahesh\Desktop\Projects\sih-2026\data\syntheticvoice\orpheus_tts_english_indian_multispeaker\data\train-00003-of-00007.parquet,0,87,audio,Orpheus
Orpheus:train-00003-of-00007.parquet:rg0:r95,1,calibration,orpheus:recording:Orpheus:train-00003-of-00007.parquet:rg0:r95,,C:\Users\Mahesh\Desktop\Projects\sih-2026\data\syntheticvoice\orpheus_tts_english_indian_multispeaker\data\train-00003-of-00007.parquet,0,95,audio,Orpheus
Orpheus:train-00003-of-00007.parquet:rg1:r10,1,calibration,orpheus:recording:Orpheus:train-00003-of-00007.parquet:rg1:r10,,C:\Users\Mahesh\Desktop\Projects\sih-2026\data\syntheticvoice\orpheus_tts_english_indian_multispeaker\data\train-00003-of-00007.parquet,1,10,audio,Orpheus
Orpheus:train-00003-of-00007.parquet:rg1:r11,1,calibration,orpheus:recording:Orpheus:train-00003-of-00007.parquet:rg1:r11,,C:\Users\Mahesh\Desktop\Projects\sih-2026\data\syntheticvoice\orpheus_tts_english_indian_multispeaker\data\train-00003-of-00007.parquet,1,11,audio,Orpheus
Orpheus:train-00003-of-00007.parquet:rg1:r16,1,calibration,orpheus:recording:Orpheus:train-00003-of-00007.parquet:rg1:r16,,C:\Users\Mahesh\Desktop\Projects\sih-2026\data\syntheticvoice\orpheus_tts_english_indian_multispeaker\data\train-00003-of-00007.parquet,1,16,audio,Orpheus
Orpheus:train-00003-of-00007.parquet:rg1:r19,1,calibration,orpheus:recording:Orpheus:train-00003-of-00007.parquet:rg1:r19,,C:\Users\Mahesh\Desktop\Projects\sih-2026\data\syntheticvoice\orpheus_tts_english_indian_multispeaker\data\train-00003-of-00007.parquet,1,19,audio,Orpheus
Orpheus:train-00003-of-00007.parquet:rg1:r27,1,calibration,orpheus:recording:Orpheus:train-00003-of-00007.parquet:rg1:r27,,C:\Users\Mahesh\Desktop\Projects\sih-2026\data\syntheticvoice\orpheus_tts_english_indian_multispeaker\data\train-00003-of-00007.parquet,1,27,audio,Orpheus
Orpheus:train-00003-of-00007.parquet:rg1:r50,1,calibration,orpheus:recording:Orpheus:train-00003-of-00007.parquet:rg1:r50,,C:\Users\Mahesh\Desktop\Projects\sih-2026\data\syntheticvoice\orpheus_tts_english_indian_multispeaker\data\train-00003-of-00007.parquet,1,50,audio,Orpheus
Orpheus:train-00003-of-00007.parquet:rg1:r54,1,calibration,orpheus:recording:Orpheus:train-00003-of-00007.parquet:rg1:r54,,C:\Users\Mahesh\Desktop\Projects\sih-2026\data\syntheticvoice\orpheus_tts_english_indian_multispeaker\data\train-00003-of-00007.parquet,1,54,audio,Orpheus
Orpheus:train-00003-of-00007.parquet:rg1:r78,1,calibration,orpheus:recording:Orpheus:train-00003-of-00007.parquet:rg1:r78,,C:\Users\Mahesh\Desktop\Projects\sih-2026\data\syntheticvoice\orpheus_tts_english_indian_multispeaker\data\train-00003-of-00007.parquet,1,78,audio,Orpheus
Orpheus:train-00003-of-00007.parquet:rg1:r80,1,calibration,orpheus:recording:Orpheus:train-00003-of-00007.parquet:rg1:r80,,C:\Users\Mahesh\Desktop\Projects\sih-2026\data\syntheticvoice\orpheus_tts_english_indian_multispeaker\data\train-00003-of-00007.parquet,1,80,audio,Orpheus
Orpheus:train-00003-of-00007.parquet:rg1:r87,1,calibration,orpheus:recording:Orpheus:train-00003-of-00007.parquet:rg1:r87,,C:\Users\Mahesh\Desktop\Projects\sih-2026\data\syntheticvoice\orpheus_tts_english_indian_multispeaker\data\train-00003-of-00007.parquet,1,87,audio,Orpheus
Orpheus:train-00003-of-00007.parquet:rg1:r96,1,calibration,orpheus:recording:Orpheus:train-00003-of-00007.parquet:rg1:r96,,C:\Users\Mahesh\Desktop\Projects\sih-2026\data\syntheticvoice\orpheus_tts_english_indian_multispeaker\data\train-00003-of-00007.parquet,1,96,audio,Orpheus
Orpheus:train-00003-of-00007.parquet:rg2:r3,1,calibration,orpheus:recording:Orpheus:train-00003-of-00007.parquet:rg2:r3,,C:\Users\Mahesh\Desktop\Projects\sih-2026\data\syntheticvoice\orpheus_tts_english_indian_multispeaker\data\train-00003-of-00007.parquet,2,3,audio,Orpheus
Orpheus:train-00003-of-00007.parquet:rg2:r37,1,calibration,orpheus:recording:Orpheus:train-00003-of-00007.parquet:rg2:r37,,C:\Users\Mahesh\Desktop\Projects\sih-2026\data\syntheticvoice\orpheus_tts_english_indian_multispeaker\data\train-00003-of-00007.parquet,2,37,audio,Orpheus
Orpheus:train-00003-of-00007.parquet:rg2:r46,1,calibration,orpheus:recording:Orpheus:train-00003-of-00007.parquet:rg2:r46,,C:\Users\Mahesh\Desktop\Projects\sih-2026\data\syntheticvoice\orpheus_tts_english_indian_multispeaker\data\train-00003-of-00007.parquet,2,46,audio,Orpheus
Orpheus:train-00003-of-00007.parquet:rg2:r50,1,calibration,orpheus:recording:Orpheus:train-00003-of-00007.parquet:rg2:r50,,C:\Users\Mahesh\Desktop\Projects\sih-2026\data\syntheticvoice\orpheus_tts_english_indian_multispeaker\data\train-00003-of-00007.parquet,2,50,audio,Orpheus
Orpheus:train-00003-of-00007.parquet:rg2:r58,1,calibration,orpheus:recording:Orpheus:train-00003-of-00007.parquet:rg2:r58,,C:\Users\Mahesh\Desktop\Projects\sih-2026\data\syntheticvoice\orpheus_tts_english_indian_multispeaker\data\train-00003-of-00007.parquet,2,58,audio,Orpheus
Orpheus:train-00003-of-00007.parquet:rg2:r89,1,calibration,orpheus:recording:Orpheus:train-00003-of-00007.parquet:rg2:r89,,C:\Users\Mahesh\Desktop\Projects\sih-2026\data\syntheticvoice\orpheus_tts_english_indian_multispeaker\data\train-00003-of-00007.parquet,2,89,audio,Orpheus
Orpheus:train-00003-of-00007.parquet:rg3:r17,1,calibration,orpheus:recording:Orpheus:train-00003-of-00007.parquet:rg3:r17,,C:\Users\Mahesh\Desktop\Projects\sih-2026\data\syntheticvoice\orpheus_tts_english_indian_multispeaker\data\train-00003-of-00007.parquet,3,17,audio,Orpheus
Orpheus:train-00003-of-00007.parquet:rg3:r26,1,calibration,orpheus:recording:Orpheus:train-00003-of-00007.parquet:rg3:r26,,C:\Users\Mahesh\Desktop\Projects\sih-2026\data\syntheticvoice\orpheus_tts_english_indian_multispeaker\data\train-00003-of-00007.parquet,3,26,audio,Orpheus
Orpheus:train-00003-of-00007.parquet:rg3:r27,1,calibration,orpheus:recording:Orpheus:train-00003-of-00007.parquet:rg3:r27,,C:\Users\Mahesh\Desktop\Projects\sih-2026\data\syntheticvoice\orpheus_tts_english_indian_multispeaker\data\train-00003-of-00007.parquet,3,27,audio,Orpheus
Orpheus:train-00003-of-00007.parquet:rg3:r41,1,calibration,orpheus:recording:Orpheus:train-00003-of-00007.parquet:rg3:r41,,C:\Users\Mahesh\Desktop\Projects\sih-2026\data\syntheticvoice\orpheus_tts_english_indian_multispeaker\data\train-00003-of-00007.parquet,3,41,audio,Orpheus
Orpheus:train-00003-of-00007.parquet:rg3:r50,1,calibration,orpheus:recording:Orpheus:train-00003-of-00007.parquet:rg3:r50,,C:\Users\Mahesh\Desktop\Projects\sih-2026\data\syntheticvoice\orpheus_tts_english_indian_multispeaker\data\train-00003-of-00007.parquet,3,50,audio,Orpheus
Orpheus:train-00003-of-00007.parquet:rg3:r51,1,calibration,orpheus:recording:Orpheus:train-00003-of-00007.parquet:rg3:r51,,C:\Users\Mahesh\Desktop\Projects\sih-2026\data\syntheticvoice\orpheus_tts_english_indian_multispeaker\data\train-00003-of-00007.parquet,3,51,audio,Orpheus
Orpheus:train-00003-of-00007.parquet:rg3:r52,1,calibration,orpheus:recording:Orpheus:train-00003-of-00007.parquet:rg3:r52,,C:\Users\Mahesh\Desktop\Projects\sih-2026\data\syntheticvoice\orpheus_tts_english_indian_multispeaker\data\train-00003-of-00007.parquet,3,52,audio,Orpheus
Orpheus:train-00003-of-00007.parquet:rg3:r67,1,calibration,orpheus:recording:Orpheus:train-00003-of-00007.parquet:rg3:r67,,C:\Users\Mahesh\Desktop\Projects\sih-2026\data\syntheticvoice\orpheus_tts_english_indian_multispeaker\data\train-00003-of-00007.parquet,3,67,audio,Orpheus
Orpheus:train-00003-of-00007.parquet:rg3:r76,1,calibration,orpheus:recording:Orpheus:train-00003-of-00007.parquet:rg3:r76,,C:\Users\Mahesh\Desktop\Projects\sih-2026\data\syntheticvoice\orpheus_tts_english_indian_multispeaker\data\train-00003-of-00007.parquet,3,76,audio,Orpheus
Orpheus:train-00003-of-00007.parquet:rg3:r80,1,calibration,orpheus:recording:Orpheus:train-00003-of-00007.parquet:rg3:r80,,C:\Users\Mahesh\Desktop\Projects\sih-2026\data\syntheticvoice\orpheus_tts_english_indian_multispeaker\data\train-00003-of-00007.parquet,3,80,audio,Orpheus
Orpheus:train-00003-of-00007.parquet:rg3:r85,1,calibration,orpheus:recording:Orpheus:train-00003-of-00007.parquet:rg3:r85,,C:\Users\Mahesh\Desktop\Projects\sih-2026\data\syntheticvoice\orpheus_tts_english_indian_multispeaker\data\train-00003-of-00007.parquet,3,85,audio,Orpheus
Orpheus:train-00003-of-00007.parquet:rg3:r94,1,calibration,orpheus:recording:Orpheus:train-00003-of-00007.parquet:rg3:r94,,C:\Users\Mahesh\Desktop\Projects\sih-2026\data\syntheticvoice\orpheus_tts_english_indian_multispeaker\data\train-00003-of-00007.parquet,3,94,audio,Orpheus
Orpheus:train-00003-of-00007.parquet:rg3:r99,1,calibration,orpheus:recording:Orpheus:train-00003-of-00007.parquet:rg3:r99,,C:\Users\Mahesh\Desktop\Projects\sih-2026\data\syntheticvoice\orpheus_tts_english_indian_multispeaker\data\train-00003-of-00007.parquet,3,99,audio,Orpheus
Orpheus:train-00003-of-00007.parquet:rg4:r2,1,calibration,orpheus:recording:Orpheus:train-00003-of-00007.parquet:rg4:r2,,C:\Users\Mahesh\Desktop\Projects\sih-2026\data\syntheticvoice\orpheus_tts_english_indian_multispeaker\data\train-00003-of-00007.parquet,4,2,audio,Orpheus
Orpheus:train-00003-of-00007.parquet:rg4:r3,1,calibration,orpheus:recording:Orpheus:train-00003-of-00007.parquet:rg4:r3,,C:\Users\Mahesh\Desktop\Projects\sih-2026\data\syntheticvoice\orpheus_tts_english_indian_multispeaker\data\train-00003-of-00007.parquet,4,3,audio,Orpheus
Orpheus:train-00003-of-00007.parquet:rg4:r29,1,calibration,orpheus:recording:Orpheus:train-00003-of-00007.parquet:rg4:r29,,C:\Users\Mahesh\Desktop\Projects\sih-2026\data\syntheticvoice\orpheus_tts_english_indian_multispeaker\data\train-00003-of-00007.parquet,4,29,audio,Orpheus
Orpheus:train-00003-of-00007.parquet:rg4:r31,1,calibration,orpheus:recording:Orpheus:train-00003-of-00007.parquet:rg4:r31,,C:\Users\Mahesh\Desktop\Projects\sih-2026\data\syntheticvoice\orpheus_tts_english_indian_multispeaker\data\train-00003-of-00007.parquet,4,31,audio,Orpheus
Orpheus:train-00003-of-00007.parquet:rg4:r62,1,calibration,orpheus:recording:Orpheus:train-00003-of-00007.parquet:rg4:r62,,C:\Users\Mahesh\Desktop\Projects\sih-2026\data\syntheticvoice\orpheus_tts_english_indian_multispeaker\data\train-00003-of-00007.parquet,4,62,audio,Orpheus
Orpheus:train-00003-of-00007.parquet:rg4:r74,1,calibration,orpheus:recording:Orpheus:train-00003-of-00007.parquet:rg4:r74,,C:\Users\Mahesh\Desktop\Projects\sih-2026\data\syntheticvoice\orpheus_tts_english_indian_multispeaker\data\train-00003-of-00007.parquet,4,74,audio,Orpheus
Orpheus:train-00003-of-00007.parquet:rg4:r91,1,calibration,orpheus:recording:Orpheus:train-00003-of-00007.parquet:rg4:r91,,C:\Users\Mahesh\Desktop\Projects\sih-2026\data\syntheticvoice\orpheus_tts_english_indian_multispeaker\data\train-00003-of-00007.parquet,4,91,audio,Orpheus
Orpheus:train-00003-of-00007.parquet:rg5:r6,1,calibration,orpheus:recording:Orpheus:train-00003-of-00007.parquet:rg5:r6,,C:\Users\Mahesh\Desktop\Projects\sih-2026\data\syntheticvoice\orpheus_tts_english_indian_multispeaker\data\train-00003-of-00007.parquet,5,6,audio,Orpheus
Orpheus:train-00003-of-00007.parquet:rg5:r18,1,calibration,orpheus:recording:Orpheus:train-00003-of-00007.parquet:rg5:r18,,C:\Users\Mahesh\Desktop\Projects\sih-2026\data\syntheticvoice\orpheus_tts_english_indian_multispeaker\data\train-00003-of-00007.parquet,5,18,audio,Orpheus
Orpheus:train-00003-of-00007.parquet:rg5:r23,1,calibration,orpheus:recording:Orpheus:train-00003-of-00007.parquet:rg5:r23,,C:\Users\Mahesh\Desktop\Projects\sih-2026\data\syntheticvoice\orpheus_tts_english_indian_multispeaker\data\train-00003-of-00007.parquet,5,23,audio,Orpheus
Orpheus:train-00003-of-00007.parquet:rg5:r46,1,calibration,orpheus:recording:Orpheus:train-00003-of-00007.parquet:rg5:r46,,C:\Users\Mahesh\Desktop\Projects\sih-2026\data\syntheticvoice\orpheus_tts_english_indian_multispeaker\data\train-00003-of-00007.parquet,5,46,audio,Orpheus
Orpheus:train-00003-of-00007.parquet:rg5:r57,1,calibration,orpheus:recording:Orpheus:train-00003-of-00007.parquet:rg5:r57,,C:\Users\Mahesh\Desktop\Projects\sih-2026\data\syntheticvoice\orpheus_tts_english_indian_multispeaker\data\train-00003-of-00007.parquet,5,57,audio,Orpheus
Orpheus:train-00003-of-00007.parquet:rg5:r60,1,calibration,orpheus:recording:Orpheus:train-00003-of-00007.parquet:rg5:r60,,C:\Users\Mahesh\Desktop\Projects\sih-2026\data\syntheticvoice\orpheus_tts_english_indian_multispeaker\data\train-00003-of-00007.parquet,5,60,audio,Orpheus
Orpheus:train-00003-of-00007.parquet:rg5:r65,1,calibration,orpheus:recording:Orpheus:train-00003-of-00007.parquet:rg5:r65,,C:\Users\Mahesh\Desktop\Projects\sih-2026\data\syntheticvoice\orpheus_tts_english_indian_multispeaker\data\train-00003-of-00007.parquet,5,65,audio,Orpheus
Orpheus:train-00003-of-00007.parquet:rg5:r84,1,calibration,orpheus:recording:Orpheus:train-00003-of-00007.parquet:rg5:r84,,C:\Users\Mahesh\Desktop\Projects\sih-2026\data\syntheticvoice\orpheus_tts_english_indian_multispeaker\data\train-00003-of-00007.parquet,5,84,audio,Orpheus
Orpheus:train-00003-of-00007.parquet:rg5:r93,1,calibration,orpheus:recording:Orpheus:train-00003-of-00007.parquet:rg5:r93,,C:\Users\Mahesh\Desktop\Projects\sih-2026\data\syntheticvoice\orpheus_tts_english_indian_multispeaker\data\train-00003-of-00007.parquet,5,93,audio,Orpheus
Orpheus:train-00003-of-00007.parquet:rg6:r28,1,calibration,orpheus:recording:Orpheus:train-00003-of-00007.parquet:rg6:r28,,C:\Users\Mahesh\Desktop\Projects\sih-2026\data\syntheticvoice\orpheus_tts_english_indian_multispeaker\data\train-00003-of-00007.parquet,6,28,audio,Orpheus
Orpheus:train-00003-of-00007.parquet:rg6:r30,1,calibration,orpheus:recording:Orpheus:train-00003-of-00007.parquet:rg6:r30,,C:\Users\Mahesh\Desktop\Projects\sih-2026\data\syntheticvoice\orpheus_tts_english_indian_multispeaker\data\train-00003-of-00007.parquet,6,30,audio,Orpheus
Orpheus:train-00003-of-00007.parquet:rg6:r48,1,calibration,orpheus:recording:Orpheus:train-00003-of-00007.parquet:rg6:r48,,C:\Users\Mahesh\Desktop\Projects\sih-2026\data\syntheticvoice\orpheus_tts_english_indian_multispeaker\data\train-00003-of-00007.parquet,6,48,audio,Orpheus
Orpheus:train-00003-of-00007.parquet:rg6:r49,1,calibration,orpheus:recording:Orpheus:train-00003-of-00007.parquet:rg6:r49,,C:\Users\Mahesh\Desktop\Projects\sih-2026\data\syntheticvoice\orpheus_tts_english_indian_multispeaker\data\train-00003-of-00007.parquet,6,49,audio,Orpheus
Orpheus:train-00003-of-00007.parquet:rg6:r57,1,calibration,orpheus:recording:Orpheus:train-00003-of-00007.parquet:rg6:r57,,C:\Users\Mahesh\Desktop\Projects\sih-2026\data\syntheticvoice\orpheus_tts_english_indian_multispeaker\data\train-00003-of-00007.parquet,6,57,audio,Orpheus
Orpheus:train-00003-of-00007.parquet:rg6:r60,1,calibration,orpheus:recording:Orpheus:train-00003-of-00007.parquet:rg6:r60,,C:\Users\Mahesh\Desktop\Projects\sih-2026\data\syntheticvoice\orpheus_tts_english_indian_multispeaker\data\train-00003-of-00007.parquet,6,60,audio,Orpheus
Orpheus:train-00003-of-00007.parquet:rg6:r64,1,calibration,orpheus:recording:Orpheus:train-00003-of-00007.parquet:rg6:r64,,C:\Users\Mahesh\Desktop\Projects\sih-2026\data\syntheticvoice\orpheus_tts_english_indian_multispeaker\data\train-00003-of-00007.parquet,6,64,audio,Orpheus
Orpheus:train-00003-of-00007.parquet:rg6:r74,1,calibration,orpheus:recording:Orpheus:train-00003-of-00007.parquet:rg6:r74,,C:\Users\Mahesh\Desktop\Projects\sih-2026\data\syntheticvoice\orpheus_tts_english_indian_multispeaker\data\train-00003-of-00007.parquet,6,74,audio,Orpheus
Orpheus:train-00003-of-00007.parquet:rg6:r76,1,calibration,orpheus:recording:Orpheus:train-00003-of-00007.parquet:rg6:r76,,C:\Users\Mahesh\Desktop\Projects\sih-2026\data\syntheticvoice\orpheus_tts_english_indian_multispeaker\data\train-00003-of-00007.parquet,6,76,audio,Orpheus
Orpheus:train-00003-of-00007.parquet:rg6:r89,1,calibration,orpheus:recording:Orpheus:train-00003-of-00007.parquet:rg6:r89,,C:\Users\Mahesh\Desktop\Projects\sih-2026\data\syntheticvoice\orpheus_tts_english_indian_multispeaker\data\train-00003-of-00007.parquet,6,89,audio,Orpheus
Orpheus:train-00003-of-00007.parquet:rg6:r99,1,calibration,orpheus:recording:Orpheus:train-00003-of-00007.parquet:rg6:r99,,C:\Users\Mahesh\Desktop\Projects\sih-2026\data\syntheticvoice\orpheus_tts_english_indian_multispeaker\data\train-00003-of-00007.parquet,6,99,audio,Orpheus
Orpheus:train-00003-of-00007.parquet:rg7:r13,1,calibration,orpheus:recording:Orpheus:train-00003-of-00007.parquet:rg7:r13,,C:\Users\Mahesh\Desktop\Projects\sih-2026\data\syntheticvoice\orpheus_tts_english_indian_multispeaker\data\train-00003-of-00007.parquet,7,13,audio,Orpheus
Orpheus:train-00003-of-00007.parquet:rg7:r24,1,calibration,orpheus:recording:Orpheus:train-00003-of-00007.parquet:rg7:r24,,C:\Users\Mahesh\Desktop\Projects\sih-2026\data\syntheticvoice\orpheus_tts_english_indian_multispeaker\data\train-00003-of-00007.parquet,7,24,audio,Orpheus
Orpheus:train-00003-of-00007.parquet:rg7:r31,1,calibration,orpheus:recording:Orpheus:train-00003-of-00007.parquet:rg7:r31,,C:\Users\Mahesh\Desktop\Projects\sih-2026\data\syntheticvoice\orpheus_tts_english_indian_multispeaker\data\train-00003-of-00007.parquet,7,31,audio,Orpheus
Orpheus:train-00003-of-00007.parquet:rg7:r39,1,calibration,orpheus:recording:Orpheus:train-00003-of-00007.parquet:rg7:r39,,C:\Users\Mahesh\Desktop\Projects\sih-2026\data\syntheticvoice\orpheus_tts_english_indian_multispeaker\data\train-00003-of-00007.parquet,7,39,audio,Orpheus
Orpheus:train-00003-of-00007.parquet:rg7:r40,1,calibration,orpheus:recording:Orpheus:train-00003-of-00007.parquet:rg7:r40,,C:\Users\Mahesh\Desktop\Projects\sih-2026\data\syntheticvoice\orpheus_tts_english_indian_multispeaker\data\train-00003-of-00007.parquet,7,40,audio,Orpheus
Orpheus:train-00003-of-00007.parquet:rg7:r44,1,calibration,orpheus:recording:Orpheus:train-00003-of-00007.parquet:rg7:r44,,C:\Users\Mahesh\Desktop\Projects\sih-2026\data\syntheticvoice\orpheus_tts_english_indian_multispeaker\data\train-00003-of-00007.parquet,7,44,audio,Orpheus
Orpheus:train-00003-of-00007.parquet:rg7:r67,1,calibration,orpheus:recording:Orpheus:train-00003-of-00007.parquet:rg7:r67,,C:\Users\Mahesh\Desktop\Projects\sih-2026\data\syntheticvoice\orpheus_tts_english_indian_multispeaker\data\train-00003-of-00007.parquet,7,67,audio,Orpheus
Orpheus:train-00003-of-00007.parquet:rg7:r73,1,calibration,orpheus:recording:Orpheus:train-00003-of-00007.parquet:rg7:r73,,C:\Users\Mahesh\Desktop\Projects\sih-2026\data\syntheticvoice\orpheus_tts_english_indian_multispeaker\data\train-00003-of-00007.parquet,7,73,audio,Orpheus
Orpheus:train-00003-of-00007.parquet:rg7:r89,1,calibration,orpheus:recording:Orpheus:train-00003-of-00007.parquet:rg7:r89,,C:\Users\Mahesh\Desktop\Projects\sih-2026\data\syntheticvoice\orpheus_tts_english_indian_multispeaker\data\train-00003-of-00007.parquet,7,89,audio,Orpheus
Orpheus:train-00003-of-00007.parquet:rg8:r1,1,calibration,orpheus:recording:Orpheus:train-00003-of-00007.parquet:rg8:r1,,C:\Users\Mahesh\Desktop\Projects\sih-2026\data\syntheticvoice\orpheus_tts_english_indian_multispeaker\data\train-00003-of-00007.parquet,8,1,audio,Orpheus
Orpheus:train-00003-of-00007.parquet:rg8:r11,1,calibration,orpheus:recording:Orpheus:train-00003-of-00007.parquet:rg8:r11,,C:\Users\Mahesh\Desktop\Projects\sih-2026\data\syntheticvoice\orpheus_tts_english_indian_multispeaker\data\train-00003-of-00007.parquet,8,11,audio,Orpheus
Orpheus:train-00003-of-00007.parquet:rg8:r27,1,calibration,orpheus:recording:Orpheus:train-00003-of-00007.parquet:rg8:r27,,C:\Users\Mahesh\Desktop\Projects\sih-2026\data\syntheticvoice\orpheus_tts_english_indian_multispeaker\data\train-00003-of-00007.parquet,8,27,audio,Orpheus
Orpheus:train-00003-of-00007.parquet:rg8:r39,1,calibration,orpheus:recording:Orpheus:train-00003-of-00007.parquet:rg8:r39,,C:\Users\Mahesh\Desktop\Projects\sih-2026\data\syntheticvoice\orpheus_tts_english_indian_multispeaker\data\train-00003-of-00007.parquet,8,39,audio,Orpheus
Orpheus:train-00003-of-00007.parquet:rg8:r47,1,calibration,orpheus:recording:Orpheus:train-00003-of-00007.parquet:rg8:r47,,C:\Users\Mahesh\Desktop\Projects\sih-2026\data\syntheticvoice\orpheus_tts_english_indian_multispeaker\data\train-00003-of-00007.parquet,8,47,audio,Orpheus
Orpheus:train-00003-of-00007.parquet:rg8:r50,1,calibration,orpheus:recording:Orpheus:train-00003-of-00007.parquet:rg8:r50,,C:\Users\Mahesh\Desktop\Projects\sih-2026\data\syntheticvoice\orpheus_tts_english_indian_multispeaker\data\train-00003-of-00007.parquet,8,50,audio,Orpheus
Orpheus:train-00003-of-00007.parquet:rg8:r55,1,calibration,orpheus:recording:Orpheus:train-00003-of-00007.parquet:rg8:r55,,C:\Users\Mahesh\Desktop\Projects\sih-2026\data\syntheticvoice\orpheus_tts_english_indian_multispeaker\data\train-00003-of-00007.parquet,8,55,audio,Orpheus
Orpheus:train-00003-of-00007.parquet:rg8:r62,1,calibration,orpheus:recording:Orpheus:train-00003-of-00007.parquet:rg8:r62,,C:\Users\Mahesh\Desktop\Projects\sih-2026\data\syntheticvoice\orpheus_tts_english_indian_multispeaker\data\train-00003-of-00007.parquet,8,62,audio,Orpheus
Orpheus:train-00003-of-00007.parquet:rg8:r63,1,calibration,orpheus:recording:Orpheus:train-00003-of-00007.parquet:rg8:r63,,C:\Users\Mahesh\Desktop\Projects\sih-2026\data\syntheticvoice\orpheus_tts_english_indian_multispeaker\data\train-00003-of-00007.parquet,8,63,audio,Orpheus
Orpheus:train-00003-of-00007.parquet:rg8:r64,1,calibration,orpheus:recording:Orpheus:train-00003-of-00007.parquet:rg8:r64,,C:\Users\Mahesh\Desktop\Projects\sih-2026\data\syntheticvoice\orpheus_tts_english_indian_multispeaker\data\train-00003-of-00007.parquet,8,64,audio,Orpheus
Orpheus:train-00003-of-00007.parquet:rg8:r66,1,calibration,orpheus:recording:Orpheus:train-00003-of-00007.parquet:rg8:r66,,C:\Users\Mahesh\Desktop\Projects\sih-2026\data\syntheticvoice\orpheus_tts_english_indian_multispeaker\data\train-00003-of-00007.parquet,8,66,audio,Orpheus
Orpheus:train-00003-of-00007.parquet:rg8:r71,1,calibration,orpheus:recording:Orpheus:train-00003-of-00007.parquet:rg8:r71,,C:\Users\Mahesh\Desktop\Projects\sih-2026\data\syntheticvoice\orpheus_tts_english_indian_multispeaker\data\train-00003-of-00007.parquet,8,71,audio,Orpheus
Orpheus:train-00003-of-00007.parquet:rg8:r81,1,calibration,orpheus:recording:Orpheus:train-00003-of-00007.parquet:rg8:r81,,C:\Users\Mahesh\Desktop\Projects\sih-2026\data\syntheticvoice\orpheus_tts_english_indian_multispeaker\data\train-00003-of-00007.parquet,8,81,audio,Orpheus
Orpheus:train-00003-of-00007.parquet:rg9:r0,1,calibration,orpheus:recording:Orpheus:train-00003-of-00007.parquet:rg9:r0,,C:\Users\Mahesh\Desktop\Projects\sih-2026\data\syntheticvoice\orpheus_tts_english_indian_multispeaker\data\train-00003-of-00007.parquet,9,0,audio,Orpheus
Orpheus:train-00003-of-00007.parquet:rg9:r3,1,calibration,orpheus:recording:Orpheus:train-00003-of-00007.parquet:rg9:r3,,C:\Users\Mahesh\Desktop\Projects\sih-2026\data\syntheticvoice\orpheus_tts_english_indian_multispeaker\data\train-00003-of-00007.parquet,9,3,audio,Orpheus
Orpheus:train-00003-of-00007.parquet:rg9:r5,1,calibration,orpheus:recording:Orpheus:train-00003-of-00007.parquet:rg9:r5,,C:\Users\Mahesh\Desktop\Projects\sih-2026\data\syntheticvoice\orpheus_tts_english_indian_multispeaker\data\train-00003-of-00007.parquet,9,5,audio,Orpheus
Orpheus:train-00003-of-00007.parquet:rg9:r17,1,calibration,orpheus:recording:Orpheus:train-00003-of-00007.parquet:rg9:r17,,C:\Users\Mahesh\Desktop\Projects\sih-2026\data\syntheticvoice\orpheus_tts_english_indian_multispeaker\data\train-00003-of-00007.parquet,9,17,audio,Orpheus
Orpheus:train-00003-of-00007.parquet:rg9:r38,1,calibration,orpheus:recording:Orpheus:train-00003-of-00007.parquet:rg9:r38,,C:\Users\Mahesh\Desktop\Projects\sih-2026\data\syntheticvoice\orpheus_tts_english_indian_multispeaker\data\train-00003-of-00007.parquet,9,38,audio,Orpheus
Orpheus:train-00003-of-00007.parquet:rg9:r44,1,calibration,orpheus:recording:Orpheus:train-00003-of-00007.parquet:rg9:r44,,C:\Users\Mahesh\Desktop\Projects\sih-2026\data\syntheticvoice\orpheus_tts_english_indian_multispeaker\data\train-00003-of-00007.parquet,9,44,audio,Orpheus
Orpheus:train-00003-of-00007.parquet:rg9:r47,1,calibration,orpheus:recording:Orpheus:train-00003-of-00007.parquet:rg9:r47,,C:\Users\Mahesh\Desktop\Projects\sih-2026\data\syntheticvoice\orpheus_tts_english_indian_multispeaker\data\train-00003-of-00007.parquet,9,47,audio,Orpheus
Orpheus:train-00003-of-00007.parquet:rg9:r52,1,calibration,orpheus:recording:Orpheus:train-00003-of-00007.parquet:rg9:r52,,C:\Users\Mahesh\Desktop\Projects\sih-2026\data\syntheticvoice\orpheus_tts_english_indian_multispeaker\data\train-00003-of-00007.parquet,9,52,audio,Orpheus
Orpheus:train-00003-of-00007.parquet:rg9:r61,1,calibration,orpheus:recording:Orpheus:train-00003-of-00007.parquet:rg9:r61,,C:\Users\Mahesh\Desktop\Projects\sih-2026\data\syntheticvoice\orpheus_tts_english_indian_multispeaker\data\train-00003-of-00007.parquet,9,61,audio,Orpheus
Orpheus:train-00003-of-00007.parquet:rg9:r71,1,calibration,orpheus:recording:Orpheus:train-00003-of-00007.parquet:rg9:r71,,C:\Users\Mahesh\Desktop\Projects\sih-2026\data\syntheticvoice\orpheus_tts_english_indian_multispeaker\data\train-00003-of-00007.parquet,9,71,audio,Orpheus
Orpheus:train-00003-of-00007.parquet:rg9:r78,1,calibration,orpheus:recording:Orpheus:train-00003-of-00007.parquet:rg9:r78,,C:\Users\Mahesh\Desktop\Projects\sih-2026\data\syntheticvoice\orpheus_tts_english_indian_multispeaker\data\train-00003-of-00007.parquet,9,78,audio,Orpheus
Orpheus:train-00003-of-00007.parquet:rg9:r86,1,calibration,orpheus:recording:Orpheus:train-00003-of-00007.parquet:rg9:r86,,C:\Users\Mahesh\Desktop\Projects\sih-2026\data\syntheticvoice\orpheus_tts_english_indian_multispeaker\data\train-00003-of-00007.parquet,9,86,audio,Orpheus
Orpheus:train-00003-of-00007.parquet:rg9:r87,1,calibration,orpheus:recording:Orpheus:train-00003-of-00007.parquet:rg9:r87,,C:\Users\Mahesh\Desktop\Projects\sih-2026\data\syntheticvoice\orpheus_tts_english_indian_multispeaker\data\train-00003-of-00007.parquet,9,87,audio,Orpheus
Orpheus:train-00003-of-00007.parquet:rg9:r90,1,calibration,orpheus:recording:Orpheus:train-00003-of-00007.parquet:rg9:r90,,C:\Users\Mahesh\Desktop\Projects\sih-2026\data\syntheticvoice\orpheus_tts_english_indian_multispeaker\data\train-00003-of-00007.parquet,9,90,audio,Orpheus
Orpheus:train-00003-of-00007.parquet:rg9:r91,1,calibration,orpheus:recording:Orpheus:train-00003-of-00007.parquet:rg9:r91,,C:\Users\Mahesh\Desktop\Projects\sih-2026\data\syntheticvoice\orpheus_tts_english_indian_multispeaker\data\train-00003-of-00007.parquet,9,91,audio,Orpheus
Orpheus:train-00003-of-00007.parquet:rg9:r95,1,calibration,orpheus:recording:Orpheus:train-00003-of-00007.parquet:rg9:r95,,C:\Users\Mahesh\Desktop\Projects\sih-2026\data\syntheticvoice\orpheus_tts_english_indian_multispeaker\data\train-00003-of-00007.parquet,9,95,audio,Orpheus
Orpheus:train-00003-of-00007.parquet:rg10:r18,1,calibration,orpheus:recording:Orpheus:train-00003-of-00007.parquet:rg10:r18,,C:\Users\Mahesh\Desktop\Projects\sih-2026\data\syntheticvoice\orpheus_tts_english_indian_multispeaker\data\train-00003-of-00007.parquet,10,18,audio,Orpheus
Orpheus:train-00003-of-00007.parquet:rg10:r20,1,calibration,orpheus:recording:Orpheus:train-00003-of-00007.parquet:rg10:r20,,C:\Users\Mahesh\Desktop\Projects\sih-2026\data\syntheticvoice\orpheus_tts_english_indian_multispeaker\data\train-00003-of-00007.parquet,10,20,audio,Orpheus
Orpheus:train-00003-of-00007.parquet:rg10:r25,1,calibration,orpheus:recording:Orpheus:train-00003-of-00007.parquet:rg10:r25,,C:\Users\Mahesh\Desktop\Projects\sih-2026\data\syntheticvoice\orpheus_tts_english_indian_multispeaker\data\train-00003-of-00007.parquet,10,25,audio,Orpheus
Orpheus:train-00003-of-00007.parquet:rg10:r43,1,calibration,orpheus:recording:Orpheus:train-00003-of-00007.parquet:rg10:r43,,C:\Users\Mahesh\Desktop\Projects\sih-2026\data\syntheticvoice\orpheus_tts_english_indian_multispeaker\data\train-00003-of-00007.parquet,10,43,audio,Orpheus
Orpheus:train-00003-of-00007.parquet:rg10:r48,1,calibration,orpheus:recording:Orpheus:train-00003-of-00007.parquet:rg10:r48,,C:\Users\Mahesh\Desktop\Projects\sih-2026\data\syntheticvoice\orpheus_tts_english_indian_multispeaker\data\train-00003-of-00007.parquet,10,48,audio,Orpheus
Orpheus:train-00003-of-00007.parquet:rg10:r83,1,calibration,orpheus:recording:Orpheus:train-00003-of-00007.parquet:rg10:r83,,C:\Users\Mahesh\Desktop\Projects\sih-2026\data\syntheticvoice\orpheus_tts_english_indian_multispeaker\data\train-00003-of-00007.parquet,10,83,audio,Orpheus
Orpheus:train-00003-of-00007.parquet:rg10:r87,1,calibration,orpheus:recording:Orpheus:train-00003-of-00007.parquet:rg10:r87,,C:\Users\Mahesh\Desktop\Projects\sih-2026\data\syntheticvoice\orpheus_tts_english_indian_multispeaker\data\train-00003-of-00007.parquet,10,87,audio,Orpheus
Orpheus:train-00003-of-00007.parquet:rg10:r99,1,calibration,orpheus:recording:Orpheus:train-00003-of-00007.parquet:rg10:r99,,C:\Users\Mahesh\Desktop\Projects\sih-2026\data\syntheticvoice\orpheus_tts_english_indian_multispeaker\data\train-00003-of-00007.parquet,10,99,audio,Orpheus
Orpheus:train-00003-of-00007.parquet:rg11:r0,1,calibration,orpheus:recording:Orpheus:train-00003-of-00007.parquet:rg11:r0,,C:\Users\Mahesh\Desktop\Projects\sih-2026\data\syntheticvoice\orpheus_tts_english_indian_multispeaker\data\train-00003-of-00007.parquet,11,0,audio,Orpheus
Orpheus:train-00003-of-00007.parquet:rg11:r6,1,calibration,orpheus:recording:Orpheus:train-00003-of-00007.parquet:rg11:r6,,C:\Users\Mahesh\Desktop\Projects\sih-2026\data\syntheticvoice\orpheus_tts_english_indian_multispeaker\data\train-00003-of-00007.parquet,11,6,audio,Orpheus
Orpheus:train-00003-of-00007.parquet:rg11:r15,1,calibration,orpheus:recording:Orpheus:train-00003-of-00007.parquet:rg11:r15,,C:\Users\Mahesh\Desktop\Projects\sih-2026\data\syntheticvoice\orpheus_tts_english_indian_multispeaker\data\train-00003-of-00007.parquet,11,15,audio,Orpheus
Orpheus:train-00003-of-00007.parquet:rg11:r26,1,calibration,orpheus:recording:Orpheus:train-00003-of-00007.parquet:rg11:r26,,C:\Users\Mahesh\Desktop\Projects\sih-2026\data\syntheticvoice\orpheus_tts_english_indian_multispeaker\data\train-00003-of-00007.parquet,11,26,audio,Orpheus
Orpheus:train-00003-of-00007.parquet:rg11:r41,1,calibration,orpheus:recording:Orpheus:train-00003-of-00007.parquet:rg11:r41,,C:\Users\Mahesh\Desktop\Projects\sih-2026\data\syntheticvoice\orpheus_tts_english_indian_multispeaker\data\train-00003-of-00007.parquet,11,41,audio,Orpheus
Orpheus:train-00003-of-00007.parquet:rg11:r52,1,calibration,orpheus:recording:Orpheus:train-00003-of-00007.parquet:rg11:r52,,C:\Users\Mahesh\Desktop\Projects\sih-2026\data\syntheticvoice\orpheus_tts_english_indian_multispeaker\data\train-00003-of-00007.parquet,11,52,audio,Orpheus
Orpheus:train-00003-of-00007.parquet:rg11:r54,1,calibration,orpheus:recording:Orpheus:train-00003-of-00007.parquet:rg11:r54,,C:\Users\Mahesh\Desktop\Projects\sih-2026\data\syntheticvoice\orpheus_tts_english_indian_multispeaker\data\train-00003-of-00007.parquet,11,54,audio,Orpheus
Orpheus:train-00003-of-00007.parquet:rg11:r78,1,calibration,orpheus:recording:Orpheus:train-00003-of-00007.parquet:rg11:r78,,C:\Users\Mahesh\Desktop\Projects\sih-2026\data\syntheticvoice\orpheus_tts_english_indian_multispeaker\data\train-00003-of-00007.parquet,11,78,audio,Orpheus
Orpheus:train-00003-of-00007.parquet:rg12:r1,1,calibration,orpheus:recording:Orpheus:train-00003-of-00007.parquet:rg12:r1,,C:\Users\Mahesh\Desktop\Projects\sih-2026\data\syntheticvoice\orpheus_tts_english_indian_multispeaker\data\train-00003-of-00007.parquet,12,1,audio,Orpheus
Orpheus:train-00003-of-00007.parquet:rg12:r11,1,calibration,orpheus:recording:Orpheus:train-00003-of-00007.parquet:rg12:r11,,C:\Users\Mahesh\Desktop\Projects\sih-2026\data\syntheticvoice\orpheus_tts_english_indian_multispeaker\data\train-00003-of-00007.parquet,12,11,audio,Orpheus
Orpheus:train-00003-of-00007.parquet:rg12:r25,1,calibration,orpheus:recording:Orpheus:train-00003-of-00007.parquet:rg12:r25,,C:\Users\Mahesh\Desktop\Projects\sih-2026\data\syntheticvoice\orpheus_tts_english_indian_multispeaker\data\train-00003-of-00007.parquet,12,25,audio,Orpheus
Orpheus:train-00003-of-00007.parquet:rg12:r57,1,calibration,orpheus:recording:Orpheus:train-00003-of-00007.parquet:rg12:r57,,C:\Users\Mahesh\Desktop\Projects\sih-2026\data\syntheticvoice\orpheus_tts_english_indian_multispeaker\data\train-00003-of-00007.parquet,12,57,audio,Orpheus
Orpheus:train-00003-of-00007.parquet:rg12:r62,1,calibration,orpheus:recording:Orpheus:train-00003-of-00007.parquet:rg12:r62,,C:\Users\Mahesh\Desktop\Projects\sih-2026\data\syntheticvoice\orpheus_tts_english_indian_multispeaker\data\train-00003-of-00007.parquet,12,62,audio,Orpheus
Orpheus:train-00003-of-00007.parquet:rg12:r68,1,calibration,orpheus:recording:Orpheus:train-00003-of-00007.parquet:rg12:r68,,C:\Users\Mahesh\Desktop\Projects\sih-2026\data\syntheticvoice\orpheus_tts_english_indian_multispeaker\data\train-00003-of-00007.parquet,12,68,audio,Orpheus
Orpheus:train-00003-of-00007.parquet:rg12:r83,1,calibration,orpheus:recording:Orpheus:train-00003-of-00007.parquet:rg12:r83,,C:\Users\Mahesh\Desktop\Projects\sih-2026\data\syntheticvoice\orpheus_tts_english_indian_multispeaker\data\train-00003-of-00007.parquet,12,83,audio,Orpheus
Orpheus:train-00003-of-00007.parquet:rg12:r86,1,calibration,orpheus:recording:Orpheus:train-00003-of-00007.parquet:rg12:r86,,C:\Users\Mahesh\Desktop\Projects\sih-2026\data\syntheticvoice\orpheus_tts_english_indian_multispeaker\data\train-00003-of-00007.parquet,12,86,audio,Orpheus
Orpheus:train-00003-of-00007.parquet:rg12:r90,1,calibration,orpheus:recording:Orpheus:train-00003-of-00007.parquet:rg12:r90,,C:\Users\Mahesh\Desktop\Projects\sih-2026\data\syntheticvoice\orpheus_tts_english_indian_multispeaker\data\train-00003-of-00007.parquet,12,90,audio,Orpheus
Orpheus:train-00003-of-00007.parquet:rg13:r1,1,calibration,orpheus:recording:Orpheus:train-00003-of-00007.parquet:rg13:r1,,C:\Users\Mahesh\Desktop\Projects\sih-2026\data\syntheticvoice\orpheus_tts_english_indian_multispeaker\data\train-00003-of-00007.parquet,13,1,audio,Orpheus
Orpheus:train-00003-of-00007.parquet:rg13:r9,1,calibration,orpheus:recording:Orpheus:train-00003-of-00007.parquet:rg13:r9,,C:\Users\Mahesh\Desktop\Projects\sih-2026\data\syntheticvoice\orpheus_tts_english_indian_multispeaker\data\train-00003-of-00007.parquet,13,9,audio,Orpheus
Orpheus:train-00003-of-00007.parquet:rg13:r22,1,calibration,orpheus:recording:Orpheus:train-00003-of-00007.parquet:rg13:r22,,C:\Users\Mahesh\Desktop\Projects\sih-2026\data\syntheticvoice\orpheus_tts_english_indian_multispeaker\data\train-00003-of-00007.parquet,13,22,audio,Orpheus
Orpheus:train-00003-of-00007.parquet:rg13:r34,1,calibration,orpheus:recording:Orpheus:train-00003-of-00007.parquet:rg13:r34,,C:\Users\Mahesh\Desktop\Projects\sih-2026\data\syntheticvoice\orpheus_tts_english_indian_multispeaker\data\train-00003-of-00007.parquet,13,34,audio,Orpheus
Orpheus:train-00003-of-00007.parquet:rg13:r63,1,calibration,orpheus:recording:Orpheus:train-00003-of-00007.parquet:rg13:r63,,C:\Users\Mahesh\Desktop\Projects\sih-2026\data\syntheticvoice\orpheus_tts_english_indian_multispeaker\data\train-00003-of-00007.parquet,13,63,audio,Orpheus
Orpheus:train-00003-of-00007.parquet:rg13:r66,1,calibration,orpheus:recording:Orpheus:train-00003-of-00007.parquet:rg13:r66,,C:\Users\Mahesh\Desktop\Projects\sih-2026\data\syntheticvoice\orpheus_tts_english_indian_multispeaker\data\train-00003-of-00007.parquet,13,66,audio,Orpheus
Orpheus:train-00003-of-00007.parquet:rg13:r83,1,calibration,orpheus:recording:Orpheus:train-00003-of-00007.parquet:rg13:r83,,C:\Users\Mahesh\Desktop\Projects\sih-2026\data\syntheticvoice\orpheus_tts_english_indian_multispeaker\data\train-00003-of-00007.parquet,13,83,audio,Orpheus
Orpheus:train-00003-of-00007.parquet:rg13:r84,1,calibration,orpheus:recording:Orpheus:train-00003-of-00007.parquet:rg13:r84,,C:\Users\Mahesh\Desktop\Projects\sih-2026\data\syntheticvoice\orpheus_tts_english_indian_multispeaker\data\train-00003-of-00007.parquet,13,84,audio,Orpheus
Orpheus:train-00003-of-00007.parquet:rg14:r7,1,calibration,orpheus:recording:Orpheus:train-00003-of-00007.parquet:rg14:r7,,C:\Users\Mahesh\Desktop\Projects\sih-2026\data\syntheticvoice\orpheus_tts_english_indian_multispeaker\data\train-00003-of-00007.parquet,14,7,audio,Orpheus
Orpheus:train-00003-of-00007.parquet:rg14:r8,1,calibration,orpheus:recording:Orpheus:train-00003-of-00007.parquet:rg14:r8,,C:\Users\Mahesh\Desktop\Projects\sih-2026\data\syntheticvoice\orpheus_tts_english_indian_multispeaker\data\train-00003-of-00007.parquet,14,8,audio,Orpheus
Orpheus:train-00003-of-00007.parquet:rg14:r14,1,calibration,orpheus:recording:Orpheus:train-00003-of-00007.parquet:rg14:r14,,C:\Users\Mahesh\Desktop\Projects\sih-2026\data\syntheticvoice\orpheus_tts_english_indian_multispeaker\data\train-00003-of-00007.parquet,14,14,audio,Orpheus
Orpheus:train-00003-of-00007.parquet:rg14:r18,1,calibration,orpheus:recording:Orpheus:train-00003-of-00007.parquet:rg14:r18,,C:\Users\Mahesh\Desktop\Projects\sih-2026\data\syntheticvoice\orpheus_tts_english_indian_multispeaker\data\train-00003-of-00007.parquet,14,18,audio,Orpheus
Orpheus:train-00003-of-00007.parquet:rg14:r29,1,calibration,orpheus:recording:Orpheus:train-00003-of-00007.parquet:rg14:r29,,C:\Users\Mahesh\Desktop\Projects\sih-2026\data\syntheticvoice\orpheus_tts_english_indian_multispeaker\data\train-00003-of-00007.parquet,14,29,audio,Orpheus
Orpheus:train-00003-of-00007.parquet:rg14:r30,1,calibration,orpheus:recording:Orpheus:train-00003-of-00007.parquet:rg14:r30,,C:\Users\Mahesh\Desktop\Projects\sih-2026\data\syntheticvoice\orpheus_tts_english_indian_multispeaker\data\train-00003-of-00007.parquet,14,30,audio,Orpheus
Orpheus:train-00003-of-00007.parquet:rg14:r37,1,calibration,orpheus:recording:Orpheus:train-00003-of-00007.parquet:rg14:r37,,C:\Users\Mahesh\Desktop\Projects\sih-2026\data\syntheticvoice\orpheus_tts_english_indian_multispeaker\data\train-00003-of-00007.parquet,14,37,audio,Orpheus
Orpheus:train-00003-of-00007.parquet:rg14:r43,1,calibration,orpheus:recording:Orpheus:train-00003-of-00007.parquet:rg14:r43,,C:\Users\Mahesh\Desktop\Projects\sih-2026\data\syntheticvoice\orpheus_tts_english_indian_multispeaker\data\train-00003-of-00007.parquet,14,43,audio,Orpheus
Orpheus:train-00003-of-00007.parquet:rg14:r47,1,calibration,orpheus:recording:Orpheus:train-00003-of-00007.parquet:rg14:r47,,C:\Users\Mahesh\Desktop\Projects\sih-2026\data\syntheticvoice\orpheus_tts_english_indian_multispeaker\data\train-00003-of-00007.parquet,14,47,audio,Orpheus
Orpheus:train-00003-of-00007.parquet:rg14:r55,1,calibration,orpheus:recording:Orpheus:train-00003-of-00007.parquet:rg14:r55,,C:\Users\Mahesh\Desktop\Projects\sih-2026\data\syntheticvoice\orpheus_tts_english_indian_multispeaker\data\train-00003-of-00007.parquet,14,55,audio,Orpheus
Orpheus:train-00003-of-00007.parquet:rg14:r56,1,calibration,orpheus:recording:Orpheus:train-00003-of-00007.parquet:rg14:r56,,C:\Users\Mahesh\Desktop\Projects\sih-2026\data\syntheticvoice\orpheus_tts_english_indian_multispeaker\data\train-00003-of-00007.parquet,14,56,audio,Orpheus
Orpheus:train-00003-of-00007.parquet:rg14:r75,1,calibration,orpheus:recording:Orpheus:train-00003-of-00007.parquet:rg14:r75,,C:\Users\Mahesh\Desktop\Projects\sih-2026\data\syntheticvoice\orpheus_tts_english_indian_multispeaker\data\train-00003-of-00007.parquet,14,75,audio,Orpheus
Orpheus:train-00003-of-00007.parquet:rg14:r77,1,calibration,orpheus:recording:Orpheus:train-00003-of-00007.parquet:rg14:r77,,C:\Users\Mahesh\Desktop\Projects\sih-2026\data\syntheticvoice\orpheus_tts_english_indian_multispeaker\data\train-00003-of-00007.parquet,14,77,audio,Orpheus
Orpheus:train-00003-of-00007.parquet:rg14:r82,1,calibration,orpheus:recording:Orpheus:train-00003-of-00007.parquet:rg14:r82,,C:\Users\Mahesh\Desktop\Projects\sih-2026\data\syntheticvoice\orpheus_tts_english_indian_multispeaker\data\train-00003-of-00007.parquet,14,82,audio,Orpheus
Orpheus:train-00003-of-00007.parquet:rg14:r83,1,calibration,orpheus:recording:Orpheus:train-00003-of-00007.parquet:rg14:r83,,C:\Users\Mahesh\Desktop\Projects\sih-2026\data\syntheticvoice\orpheus_tts_english_indian_multispeaker\data\train-00003-of-00007.parquet,14,83,audio,Orpheus
Orpheus:train-00003-of-00007.parquet:rg14:r88,1,calibration,orpheus:recording:Orpheus:train-00003-of-00007.parquet:rg14:r88,,C:\Users\Mahesh\Desktop\Projects\sih-2026\data\syntheticvoice\orpheus_tts_english_indian_multispeaker\data\train-00003-of-00007.parquet,14,88,audio,Orpheus
Orpheus:train-00003-of-00007.parquet:rg15:r8,1,calibration,orpheus:recording:Orpheus:train-00003-of-00007.parquet:rg15:r8,,C:\Users\Mahesh\Desktop\Projects\sih-2026\data\syntheticvoice\orpheus_tts_english_indian_multispeaker\data\train-00003-of-00007.parquet,15,8,audio,Orpheus
Orpheus:train-00003-of-00007.parquet:rg15:r10,1,calibration,orpheus:recording:Orpheus:train-00003-of-00007.parquet:rg15:r10,,C:\Users\Mahesh\Desktop\Projects\sih-2026\data\syntheticvoice\orpheus_tts_english_indian_multispeaker\data\train-00003-of-00007.parquet,15,10,audio,Orpheus
Orpheus:train-00003-of-00007.parquet:rg15:r16,1,calibration,orpheus:recording:Orpheus:train-00003-of-00007.parquet:rg15:r16,,C:\Users\Mahesh\Desktop\Projects\sih-2026\data\syntheticvoice\orpheus_tts_english_indian_multispeaker\data\train-00003-of-00007.parquet,15,16,audio,Orpheus
Orpheus:train-00003-of-00007.parquet:rg15:r23,1,calibration,orpheus:recording:Orpheus:train-00003-of-00007.parquet:rg15:r23,,C:\Users\Mahesh\Desktop\Projects\sih-2026\data\syntheticvoice\orpheus_tts_english_indian_multispeaker\data\train-00003-of-00007.parquet,15,23,audio,Orpheus
Orpheus:train-00003-of-00007.parquet:rg15:r24,1,calibration,orpheus:recording:Orpheus:train-00003-of-00007.parquet:rg15:r24,,C:\Users\Mahesh\Desktop\Projects\sih-2026\data\syntheticvoice\orpheus_tts_english_indian_multispeaker\data\train-00003-of-00007.parquet,15,24,audio,Orpheus
Orpheus:train-00003-of-00007.parquet:rg15:r26,1,calibration,orpheus:recording:Orpheus:train-00003-of-00007.parquet:rg15:r26,,C:\Users\Mahesh\Desktop\Projects\sih-2026\data\syntheticvoice\orpheus_tts_english_indian_multispeaker\data\train-00003-of-00007.parquet,15,26,audio,Orpheus
Orpheus:train-00003-of-00007.parquet:rg15:r29,1,calibration,orpheus:recording:Orpheus:train-00003-of-00007.parquet:rg15:r29,,C:\Users\Mahesh\Desktop\Projects\sih-2026\data\syntheticvoice\orpheus_tts_english_indian_multispeaker\data\train-00003-of-00007.parquet,15,29,audio,Orpheus
Orpheus:train-00003-of-00007.parquet:rg15:r32,1,calibration,orpheus:recording:Orpheus:train-00003-of-00007.parquet:rg15:r32,,C:\Users\Mahesh\Desktop\Projects\sih-2026\data\syntheticvoice\orpheus_tts_english_indian_multispeaker\data\train-00003-of-00007.parquet,15,32,audio,Orpheus
Orpheus:train-00003-of-00007.parquet:rg15:r40,1,calibration,orpheus:recording:Orpheus:train-00003-of-00007.parquet:rg15:r40,,C:\Users\Mahesh\Desktop\Projects\sih-2026\data\syntheticvoice\orpheus_tts_english_indian_multispeaker\data\train-00003-of-00007.parquet,15,40,audio,Orpheus
Orpheus:train-00003-of-00007.parquet:rg15:r42,1,calibration,orpheus:recording:Orpheus:train-00003-of-00007.parquet:rg15:r42,,C:\Users\Mahesh\Desktop\Projects\sih-2026\data\syntheticvoice\orpheus_tts_english_indian_multispeaker\data\train-00003-of-00007.parquet,15,42,audio,Orpheus
Orpheus:train-00003-of-00007.parquet:rg15:r56,1,calibration,orpheus:recording:Orpheus:train-00003-of-00007.parquet:rg15:r56,,C:\Users\Mahesh\Desktop\Projects\sih-2026\data\syntheticvoice\orpheus_tts_english_indian_multispeaker\data\train-00003-of-00007.parquet,15,56,audio,Orpheus
Orpheus:train-00003-of-00007.parquet:rg15:r58,1,calibration,orpheus:recording:Orpheus:train-00003-of-00007.parquet:rg15:r58,,C:\Users\Mahesh\Desktop\Projects\sih-2026\data\syntheticvoice\orpheus_tts_english_indian_multispeaker\data\train-00003-of-00007.parquet,15,58,audio,Orpheus
Orpheus:train-00003-of-00007.parquet:rg15:r62,1,calibration,orpheus:recording:Orpheus:train-00003-of-00007.parquet:rg15:r62,,C:\Users\Mahesh\Desktop\Projects\sih-2026\data\syntheticvoice\orpheus_tts_english_indian_multispeaker\data\train-00003-of-00007.parquet,15,62,audio,Orpheus
Orpheus:train-00003-of-00007.parquet:rg15:r70,1,calibration,orpheus:recording:Orpheus:train-00003-of-00007.parquet:rg15:r70,,C:\Users\Mahesh\Desktop\Projects\sih-2026\data\syntheticvoice\orpheus_tts_english_indian_multispeaker\data\train-00003-of-00007.parquet,15,70,audio,Orpheus
Orpheus:train-00003-of-00007.parquet:rg15:r74,1,calibration,orpheus:recording:Orpheus:train-00003-of-00007.parquet:rg15:r74,,C:\Users\Mahesh\Desktop\Projects\sih-2026\data\syntheticvoice\orpheus_tts_english_indian_multispeaker\data\train-00003-of-00007.parquet,15,74,audio,Orpheus
Orpheus:train-00003-of-00007.parquet:rg15:r78,1,calibration,orpheus:recording:Orpheus:train-00003-of-00007.parquet:rg15:r78,,C:\Users\Mahesh\Desktop\Projects\sih-2026\data\syntheticvoice\orpheus_tts_english_indian_multispeaker\data\train-00003-of-00007.parquet,15,78,audio,Orpheus
Orpheus:train-00003-of-00007.parquet:rg15:r80,1,calibration,orpheus:recording:Orpheus:train-00003-of-00007.parquet:rg15:r80,,C:\Users\Mahesh\Desktop\Projects\sih-2026\data\syntheticvoice\orpheus_tts_english_indian_multispeaker\data\train-00003-of-00007.parquet,15,80,audio,Orpheus
Orpheus:train-00003-of-00007.parquet:rg15:r96,1,calibration,orpheus:recording:Orpheus:train-00003-of-00007.parquet:rg15:r96,,C:\Users\Mahesh\Desktop\Projects\sih-2026\data\syntheticvoice\orpheus_tts_english_indian_multispeaker\data\train-00003-of-00007.parquet,15,96,audio,Orpheus
Orpheus:train-00003-of-00007.parquet:rg15:r97,1,calibration,orpheus:recording:Orpheus:train-00003-of-00007.parquet:rg15:r97,,C:\Users\Mahesh\Desktop\Projects\sih-2026\data\syntheticvoice\orpheus_tts_english_indian_multispeaker\data\train-00003-of-00007.parquet,15,97,audio,Orpheus
Orpheus:train-00003-of-00007.parquet:rg16:r18,1,calibration,orpheus:recording:Orpheus:train-00003-of-00007.parquet:rg16:r18,,C:\Users\Mahesh\Desktop\Projects\sih-2026\data\syntheticvoice\orpheus_tts_english_indian_multispeaker\data\train-00003-of-00007.parquet,16,18,audio,Orpheus
Orpheus:train-00003-of-00007.parquet:rg16:r34,1,calibration,orpheus:recording:Orpheus:train-00003-of-00007.parquet:rg16:r34,,C:\Users\Mahesh\Desktop\Projects\sih-2026\data\syntheticvoice\orpheus_tts_english_indian_multispeaker\data\train-00003-of-00007.parquet,16,34,audio,Orpheus
Orpheus:train-00003-of-00007.parquet:rg16:r36,1,calibration,orpheus:recording:Orpheus:train-00003-of-00007.parquet:rg16:r36,,C:\Users\Mahesh\Desktop\Projects\sih-2026\data\syntheticvoice\orpheus_tts_english_indian_multispeaker\data\train-00003-of-00007.parquet,16,36,audio,Orpheus
Orpheus:train-00003-of-00007.parquet:rg16:r37,1,calibration,orpheus:recording:Orpheus:train-00003-of-00007.parquet:rg16:r37,,C:\Users\Mahesh\Desktop\Projects\sih-2026\data\syntheticvoice\orpheus_tts_english_indian_multispeaker\data\train-00003-of-00007.parquet,16,37,audio,Orpheus
Orpheus:train-00003-of-00007.parquet:rg16:r39,1,calibration,orpheus:recording:Orpheus:train-00003-of-00007.parquet:rg16:r39,,C:\Users\Mahesh\Desktop\Projects\sih-2026\data\syntheticvoice\orpheus_tts_english_indian_multispeaker\data\train-00003-of-00007.parquet,16,39,audio,Orpheus
Orpheus:train-00003-of-00007.parquet:rg16:r69,1,calibration,orpheus:recording:Orpheus:train-00003-of-00007.parquet:rg16:r69,,C:\Users\Mahesh\Desktop\Projects\sih-2026\data\syntheticvoice\orpheus_tts_english_indian_multispeaker\data\train-00003-of-00007.parquet,16,69,audio,Orpheus
Orpheus:train-00003-of-00007.parquet:rg16:r79,1,calibration,orpheus:recording:Orpheus:train-00003-of-00007.parquet:rg16:r79,,C:\Users\Mahesh\Desktop\Projects\sih-2026\data\syntheticvoice\orpheus_tts_english_indian_multispeaker\data\train-00003-of-00007.parquet,16,79,audio,Orpheus
Orpheus:train-00003-of-00007.parquet:rg17:r4,1,calibration,orpheus:recording:Orpheus:train-00003-of-00007.parquet:rg17:r4,,C:\Users\Mahesh\Desktop\Projects\sih-2026\data\syntheticvoice\orpheus_tts_english_indian_multispeaker\data\train-00003-of-00007.parquet,17,4,audio,Orpheus
Orpheus:train-00003-of-00007.parquet:rg17:r16,1,calibration,orpheus:recording:Orpheus:train-00003-of-00007.parquet:rg17:r16,,C:\Users\Mahesh\Desktop\Projects\sih-2026\data\syntheticvoice\orpheus_tts_english_indian_multispeaker\data\train-00003-of-00007.parquet,17,16,audio,Orpheus
Orpheus:train-00003-of-00007.parquet:rg17:r32,1,calibration,orpheus:recording:Orpheus:train-00003-of-00007.parquet:rg17:r32,,C:\Users\Mahesh\Desktop\Projects\sih-2026\data\syntheticvoice\orpheus_tts_english_indian_multispeaker\data\train-00003-of-00007.parquet,17,32,audio,Orpheus
Orpheus:train-00003-of-00007.parquet:rg17:r34,1,calibration,orpheus:recording:Orpheus:train-00003-of-00007.parquet:rg17:r34,,C:\Users\Mahesh\Desktop\Projects\sih-2026\data\syntheticvoice\orpheus_tts_english_indian_multispeaker\data\train-00003-of-00007.parquet,17,34,audio,Orpheus
Orpheus:train-00003-of-00007.parquet:rg17:r52,1,calibration,orpheus:recording:Orpheus:train-00003-of-00007.parquet:rg17:r52,,C:\Users\Mahesh\Desktop\Projects\sih-2026\data\syntheticvoice\orpheus_tts_english_indian_multispeaker\data\train-00003-of-00007.parquet,17,52,audio,Orpheus
Orpheus:train-00003-of-00007.parquet:rg17:r54,1,calibration,orpheus:recording:Orpheus:train-00003-of-00007.parquet:rg17:r54,,C:\Users\Mahesh\Desktop\Projects\sih-2026\data\syntheticvoice\orpheus_tts_english_indian_multispeaker\data\train-00003-of-00007.parquet,17,54,audio,Orpheus
Orpheus:train-00003-of-00007.parquet:rg17:r57,1,calibration,orpheus:recording:Orpheus:train-00003-of-00007.parquet:rg17:r57,,C:\Users\Mahesh\Desktop\Projects\sih-2026\data\syntheticvoice\orpheus_tts_english_indian_multispeaker\data\train-00003-of-00007.parquet,17,57,audio,Orpheus
Orpheus:train-00003-of-00007.parquet:rg17:r82,1,calibration,orpheus:recording:Orpheus:train-00003-of-00007.parquet:rg17:r82,,C:\Users\Mahesh\Desktop\Projects\sih-2026\data\syntheticvoice\orpheus_tts_english_indian_multispeaker\data\train-00003-of-00007.parquet,17,82,audio,Orpheus
Orpheus:train-00003-of-00007.parquet:rg17:r91,1,calibration,orpheus:recording:Orpheus:train-00003-of-00007.parquet:rg17:r91,,C:\Users\Mahesh\Desktop\Projects\sih-2026\data\syntheticvoice\orpheus_tts_english_indian_multispeaker\data\train-00003-of-00007.parquet,17,91,audio,Orpheus
Orpheus:train-00003-of-00007.parquet:rg18:r2,1,calibration,orpheus:recording:Orpheus:train-00003-of-00007.parquet:rg18:r2,,C:\Users\Mahesh\Desktop\Projects\sih-2026\data\syntheticvoice\orpheus_tts_english_indian_multispeaker\data\train-00003-of-00007.parquet,18,2,audio,Orpheus
Orpheus:train-00003-of-00007.parquet:rg18:r21,1,calibration,orpheus:recording:Orpheus:train-00003-of-00007.parquet:rg18:r21,,C:\Users\Mahesh\Desktop\Projects\sih-2026\data\syntheticvoice\orpheus_tts_english_indian_multispeaker\data\train-00003-of-00007.parquet,18,21,audio,Orpheus
Orpheus:train-00003-of-00007.parquet:rg18:r29,1,calibration,orpheus:recording:Orpheus:train-00003-of-00007.parquet:rg18:r29,,C:\Users\Mahesh\Desktop\Projects\sih-2026\data\syntheticvoice\orpheus_tts_english_indian_multispeaker\data\train-00003-of-00007.parquet,18,29,audio,Orpheus
Orpheus:train-00003-of-00007.parquet:rg18:r31,1,calibration,orpheus:recording:Orpheus:train-00003-of-00007.parquet:rg18:r31,,C:\Users\Mahesh\Desktop\Projects\sih-2026\data\syntheticvoice\orpheus_tts_english_indian_multispeaker\data\train-00003-of-00007.parquet,18,31,audio,Orpheus
Orpheus:train-00003-of-00007.parquet:rg18:r52,1,calibration,orpheus:recording:Orpheus:train-00003-of-00007.parquet:rg18:r52,,C:\Users\Mahesh\Desktop\Projects\sih-2026\data\syntheticvoice\orpheus_tts_english_indian_multispeaker\data\train-00003-of-00007.parquet,18,52,audio,Orpheus
Orpheus:train-00003-of-00007.parquet:rg18:r69,1,calibration,orpheus:recording:Orpheus:train-00003-of-00007.parquet:rg18:r69,,C:\Users\Mahesh\Desktop\Projects\sih-2026\data\syntheticvoice\orpheus_tts_english_indian_multispeaker\data\train-00003-of-00007.parquet,18,69,audio,Orpheus
Orpheus:train-00003-of-00007.parquet:rg18:r73,1,calibration,orpheus:recording:Orpheus:train-00003-of-00007.parquet:rg18:r73,,C:\Users\Mahesh\Desktop\Projects\sih-2026\data\syntheticvoice\orpheus_tts_english_indian_multispeaker\data\train-00003-of-00007.parquet,18,73,audio,Orpheus
Orpheus:train-00003-of-00007.parquet:rg18:r74,1,calibration,orpheus:recording:Orpheus:train-00003-of-00007.parquet:rg18:r74,,C:\Users\Mahesh\Desktop\Projects\sih-2026\data\syntheticvoice\orpheus_tts_english_indian_multispeaker\data\train-00003-of-00007.parquet,18,74,audio,Orpheus
Orpheus:train-00004-of-00007.parquet:rg0:r6,1,calibration,orpheus:recording:Orpheus:train-00004-of-00007.parquet:rg0:r6,,C:\Users\Mahesh\Desktop\Projects\sih-2026\data\syntheticvoice\orpheus_tts_english_indian_multispeaker\data\train-00004-of-00007.parquet,0,6,audio,Orpheus
Orpheus:train-00004-of-00007.parquet:rg0:r13,1,calibration,orpheus:recording:Orpheus:train-00004-of-00007.parquet:rg0:r13,,C:\Users\Mahesh\Desktop\Projects\sih-2026\data\syntheticvoice\orpheus_tts_english_indian_multispeaker\data\train-00004-of-00007.parquet,0,13,audio,Orpheus
Orpheus:train-00004-of-00007.parquet:rg0:r23,1,calibration,orpheus:recording:Orpheus:train-00004-of-00007.parquet:rg0:r23,,C:\Users\Mahesh\Desktop\Projects\sih-2026\data\syntheticvoice\orpheus_tts_english_indian_multispeaker\data\train-00004-of-00007.parquet,0,23,audio,Orpheus
Orpheus:train-00004-of-00007.parquet:rg0:r31,1,calibration,orpheus:recording:Orpheus:train-00004-of-00007.parquet:rg0:r31,,C:\Users\Mahesh\Desktop\Projects\sih-2026\data\syntheticvoice\orpheus_tts_english_indian_multispeaker\data\train-00004-of-00007.parquet,0,31,audio,Orpheus
Orpheus:train-00004-of-00007.parquet:rg0:r36,1,calibration,orpheus:recording:Orpheus:train-00004-of-00007.parquet:rg0:r36,,C:\Users\Mahesh\Desktop\Projects\sih-2026\data\syntheticvoice\orpheus_tts_english_indian_multispeaker\data\train-00004-of-00007.parquet,0,36,audio,Orpheus
Orpheus:train-00004-of-00007.parquet:rg0:r37,1,calibration,orpheus:recording:Orpheus:train-00004-of-00007.parquet:rg0:r37,,C:\Users\Mahesh\Desktop\Projects\sih-2026\data\syntheticvoice\orpheus_tts_english_indian_multispeaker\data\train-00004-of-00007.parquet,0,37,audio,Orpheus
Orpheus:train-00004-of-00007.parquet:rg0:r44,1,calibration,orpheus:recording:Orpheus:train-00004-of-00007.parquet:rg0:r44,,C:\Users\Mahesh\Desktop\Projects\sih-2026\data\syntheticvoice\orpheus_tts_english_indian_multispeaker\data\train-00004-of-00007.parquet,0,44,audio,Orpheus
Orpheus:train-00004-of-00007.parquet:rg0:r55,1,calibration,orpheus:recording:Orpheus:train-00004-of-00007.parquet:rg0:r55,,C:\Users\Mahesh\Desktop\Projects\sih-2026\data\syntheticvoice\orpheus_tts_english_indian_multispeaker\data\train-00004-of-00007.parquet,0,55,audio,Orpheus
Orpheus:train-00004-of-00007.parquet:rg0:r66,1,calibration,orpheus:recording:Orpheus:train-00004-of-00007.parquet:rg0:r66,,C:\Users\Mahesh\Desktop\Projects\sih-2026\data\syntheticvoice\orpheus_tts_english_indian_multispeaker\data\train-00004-of-00007.parquet,0,66,audio,Orpheus
Orpheus:train-00004-of-00007.parquet:rg0:r68,1,calibration,orpheus:recording:Orpheus:train-00004-of-00007.parquet:rg0:r68,,C:\Users\Mahesh\Desktop\Projects\sih-2026\data\syntheticvoice\orpheus_tts_english_indian_multispeaker\data\train-00004-of-00007.parquet,0,68,audio,Orpheus
Orpheus:train-00004-of-00007.parquet:rg0:r73,1,calibration,orpheus:recording:Orpheus:train-00004-of-00007.parquet:rg0:r73,,C:\Users\Mahesh\Desktop\Projects\sih-2026\data\syntheticvoice\orpheus_tts_english_indian_multispeaker\data\train-00004-of-00007.parquet,0,73,audio,Orpheus
Orpheus:train-00004-of-00007.parquet:rg1:r5,1,calibration,orpheus:recording:Orpheus:train-00004-of-00007.parquet:rg1:r5,,C:\Users\Mahesh\Desktop\Projects\sih-2026\data\syntheticvoice\orpheus_tts_english_indian_multispeaker\data\train-00004-of-00007.parquet,1,5,audio,Orpheus
Orpheus:train-00004-of-00007.parquet:rg1:r8,1,calibration,orpheus:recording:Orpheus:train-00004-of-00007.parquet:rg1:r8,,C:\Users\Mahesh\Desktop\Projects\sih-2026\data\syntheticvoice\orpheus_tts_english_indian_multispeaker\data\train-00004-of-00007.parquet,1,8,audio,Orpheus
Orpheus:train-00004-of-00007.parquet:rg1:r17,1,calibration,orpheus:recording:Orpheus:train-00004-of-00007.parquet:rg1:r17,,C:\Users\Mahesh\Desktop\Projects\sih-2026\data\syntheticvoice\orpheus_tts_english_indian_multispeaker\data\train-00004-of-00007.parquet,1,17,audio,Orpheus
Orpheus:train-00004-of-00007.parquet:rg1:r74,1,calibration,orpheus:recording:Orpheus:train-00004-of-00007.parquet:rg1:r74,,C:\Users\Mahesh\Desktop\Projects\sih-2026\data\syntheticvoice\orpheus_tts_english_indian_multispeaker\data\train-00004-of-00007.parquet,1,74,audio,Orpheus
Orpheus:train-00004-of-00007.parquet:rg1:r82,1,calibration,orpheus:recording:Orpheus:train-00004-of-00007.parquet:rg1:r82,,C:\Users\Mahesh\Desktop\Projects\sih-2026\data\syntheticvoice\orpheus_tts_english_indian_multispeaker\data\train-00004-of-00007.parquet,1,82,audio,Orpheus
Orpheus:train-00004-of-00007.parquet:rg1:r93,1,calibration,orpheus:recording:Orpheus:train-00004-of-00007.parquet:rg1:r93,,C:\Users\Mahesh\Desktop\Projects\sih-2026\data\syntheticvoice\orpheus_tts_english_indian_multispeaker\data\train-00004-of-00007.parquet,1,93,audio,Orpheus
Orpheus:train-00004-of-00007.parquet:rg2:r7,1,calibration,orpheus:recording:Orpheus:train-00004-of-00007.parquet:rg2:r7,,C:\Users\Mahesh\Desktop\Projects\sih-2026\data\syntheticvoice\orpheus_tts_english_indian_multispeaker\data\train-00004-of-00007.parquet,2,7,audio,Orpheus
Orpheus:train-00004-of-00007.parquet:rg2:r22,1,calibration,orpheus:recording:Orpheus:train-00004-of-00007.parquet:rg2:r22,,C:\Users\Mahesh\Desktop\Projects\sih-2026\data\syntheticvoice\orpheus_tts_english_indian_multispeaker\data\train-00004-of-00007.parquet,2,22,audio,Orpheus
Orpheus:train-00004-of-00007.parquet:rg2:r26,1,calibration,orpheus:recording:Orpheus:train-00004-of-00007.parquet:rg2:r26,,C:\Users\Mahesh\Desktop\Projects\sih-2026\data\syntheticvoice\orpheus_tts_english_indian_multispeaker\data\train-00004-of-00007.parquet,2,26,audio,Orpheus
Orpheus:train-00004-of-00007.parquet:rg2:r37,1,calibration,orpheus:recording:Orpheus:train-00004-of-00007.parquet:rg2:r37,,C:\Users\Mahesh\Desktop\Projects\sih-2026\data\syntheticvoice\orpheus_tts_english_indian_multispeaker\data\train-00004-of-00007.parquet,2,37,audio,Orpheus
Orpheus:train-00004-of-00007.parquet:rg2:r60,1,calibration,orpheus:recording:Orpheus:train-00004-of-00007.parquet:rg2:r60,,C:\Users\Mahesh\Desktop\Projects\sih-2026\data\syntheticvoice\orpheus_tts_english_indian_multispeaker\data\train-00004-of-00007.parquet,2,60,audio,Orpheus
Orpheus:train-00004-of-00007.parquet:rg2:r88,1,calibration,orpheus:recording:Orpheus:train-00004-of-00007.parquet:rg2:r88,,C:\Users\Mahesh\Desktop\Projects\sih-2026\data\syntheticvoice\orpheus_tts_english_indian_multispeaker\data\train-00004-of-00007.parquet,2,88,audio,Orpheus
Orpheus:train-00004-of-00007.parquet:rg2:r90,1,calibration,orpheus:recording:Orpheus:train-00004-of-00007.parquet:rg2:r90,,C:\Users\Mahesh\Desktop\Projects\sih-2026\data\syntheticvoice\orpheus_tts_english_indian_multispeaker\data\train-00004-of-00007.parquet,2,90,audio,Orpheus
Orpheus:train-00004-of-00007.parquet:rg3:r5,1,calibration,orpheus:recording:Orpheus:train-00004-of-00007.parquet:rg3:r5,,C:\Users\Mahesh\Desktop\Projects\sih-2026\data\syntheticvoice\orpheus_tts_english_indian_multispeaker\data\train-00004-of-00007.parquet,3,5,audio,Orpheus
Orpheus:train-00004-of-00007.parquet:rg3:r7,1,calibration,orpheus:recording:Orpheus:train-00004-of-00007.parquet:rg3:r7,,C:\Users\Mahesh\Desktop\Projects\sih-2026\data\syntheticvoice\orpheus_tts_english_indian_multispeaker\data\train-00004-of-00007.parquet,3,7,audio,Orpheus
Orpheus:train-00004-of-00007.parquet:rg3:r8,1,calibration,orpheus:recording:Orpheus:train-00004-of-00007.parquet:rg3:r8,,C:\Users\Mahesh\Desktop\Projects\sih-2026\data\syntheticvoice\orpheus_tts_english_indian_multispeaker\data\train-00004-of-00007.parquet,3,8,audio,Orpheus
Orpheus:train-00004-of-00007.parquet:rg3:r18,1,calibration,orpheus:recording:Orpheus:train-00004-of-00007.parquet:rg3:r18,,C:\Users\Mahesh\Desktop\Projects\sih-2026\data\syntheticvoice\orpheus_tts_english_indian_multispeaker\data\train-00004-of-00007.parquet,3,18,audio,Orpheus
Orpheus:train-00004-of-00007.parquet:rg3:r19,1,calibration,orpheus:recording:Orpheus:train-00004-of-00007.parquet:rg3:r19,,C:\Users\Mahesh\Desktop\Projects\sih-2026\data\syntheticvoice\orpheus_tts_english_indian_multispeaker\data\train-00004-of-00007.parquet,3,19,audio,Orpheus
Orpheus:train-00004-of-00007.parquet:rg3:r60,1,calibration,orpheus:recording:Orpheus:train-00004-of-00007.parquet:rg3:r60,,C:\Users\Mahesh\Desktop\Projects\sih-2026\data\syntheticvoice\orpheus_tts_english_indian_multispeaker\data\train-00004-of-00007.parquet,3,60,audio,Orpheus
Orpheus:train-00004-of-00007.parquet:rg3:r62,1,calibration,orpheus:recording:Orpheus:train-00004-of-00007.parquet:rg3:r62,,C:\Users\Mahesh\Desktop\Projects\sih-2026\data\syntheticvoice\orpheus_tts_english_indian_multispeaker\data\train-00004-of-00007.parquet,3,62,audio,Orpheus
Orpheus:train-00004-of-00007.parquet:rg3:r64,1,calibration,orpheus:recording:Orpheus:train-00004-of-00007.parquet:rg3:r64,,C:\Users\Mahesh\Desktop\Projects\sih-2026\data\syntheticvoice\orpheus_tts_english_indian_multispeaker\data\train-00004-of-00007.parquet,3,64,audio,Orpheus
Orpheus:train-00004-of-00007.parquet:rg3:r75,1,calibration,orpheus:recording:Orpheus:train-00004-of-00007.parquet:rg3:r75,,C:\Users\Mahesh\Desktop\Projects\sih-2026\data\syntheticvoice\orpheus_tts_english_indian_multispeaker\data\train-00004-of-00007.parquet,3,75,audio,Orpheus
Orpheus:train-00004-of-00007.parquet:rg3:r87,1,calibration,orpheus:recording:Orpheus:train-00004-of-00007.parquet:rg3:r87,,C:\Users\Mahesh\Desktop\Projects\sih-2026\data\syntheticvoice\orpheus_tts_english_indian_multispeaker\data\train-00004-of-00007.parquet,3,87,audio,Orpheus
Orpheus:train-00004-of-00007.parquet:rg3:r93,1,calibration,orpheus:recording:Orpheus:train-00004-of-00007.parquet:rg3:r93,,C:\Users\Mahesh\Desktop\Projects\sih-2026\data\syntheticvoice\orpheus_tts_english_indian_multispeaker\data\train-00004-of-00007.parquet,3,93,audio,Orpheus
Orpheus:train-00004-of-00007.parquet:rg4:r4,1,calibration,orpheus:recording:Orpheus:train-00004-of-00007.parquet:rg4:r4,,C:\Users\Mahesh\Desktop\Projects\sih-2026\data\syntheticvoice\orpheus_tts_english_indian_multispeaker\data\train-00004-of-00007.parquet,4,4,audio,Orpheus
Orpheus:train-00004-of-00007.parquet:rg4:r6,1,calibration,orpheus:recording:Orpheus:train-00004-of-00007.parquet:rg4:r6,,C:\Users\Mahesh\Desktop\Projects\sih-2026\data\syntheticvoice\orpheus_tts_english_indian_multispeaker\data\train-00004-of-00007.parquet,4,6,audio,Orpheus
Orpheus:train-00004-of-00007.parquet:rg4:r13,1,calibration,orpheus:recording:Orpheus:train-00004-of-00007.parquet:rg4:r13,,C:\Users\Mahesh\Desktop\Projects\sih-2026\data\syntheticvoice\orpheus_tts_english_indian_multispeaker\data\train-00004-of-00007.parquet,4,13,audio,Orpheus
Orpheus:train-00004-of-00007.parquet:rg4:r14,1,calibration,orpheus:recording:Orpheus:train-00004-of-00007.parquet:rg4:r14,,C:\Users\Mahesh\Desktop\Projects\sih-2026\data\syntheticvoice\orpheus_tts_english_indian_multispeaker\data\train-00004-of-00007.parquet,4,14,audio,Orpheus
Orpheus:train-00004-of-00007.parquet:rg4:r41,1,calibration,orpheus:recording:Orpheus:train-00004-of-00007.parquet:rg4:r41,,C:\Users\Mahesh\Desktop\Projects\sih-2026\data\syntheticvoice\orpheus_tts_english_indian_multispeaker\data\train-00004-of-00007.parquet,4,41,audio,Orpheus
Orpheus:train-00004-of-00007.parquet:rg4:r45,1,calibration,orpheus:recording:Orpheus:train-00004-of-00007.parquet:rg4:r45,,C:\Users\Mahesh\Desktop\Projects\sih-2026\data\syntheticvoice\orpheus_tts_english_indian_multispeaker\data\train-00004-of-00007.parquet,4,45,audio,Orpheus
Orpheus:train-00004-of-00007.parquet:rg4:r50,1,calibration,orpheus:recording:Orpheus:train-00004-of-00007.parquet:rg4:r50,,C:\Users\Mahesh\Desktop\Projects\sih-2026\data\syntheticvoice\orpheus_tts_english_indian_multispeaker\data\train-00004-of-00007.parquet,4,50,audio,Orpheus
Orpheus:train-00004-of-00007.parquet:rg4:r65,1,calibration,orpheus:recording:Orpheus:train-00004-of-00007.parquet:rg4:r65,,C:\Users\Mahesh\Desktop\Projects\sih-2026\data\syntheticvoice\orpheus_tts_english_indian_multispeaker\data\train-00004-of-00007.parquet,4,65,audio,Orpheus
Orpheus:train-00004-of-00007.parquet:rg4:r81,1,calibration,orpheus:recording:Orpheus:train-00004-of-00007.parquet:rg4:r81,,C:\Users\Mahesh\Desktop\Projects\sih-2026\data\syntheticvoice\orpheus_tts_english_indian_multispeaker\data\train-00004-of-00007.parquet,4,81,audio,Orpheus
Orpheus:train-00004-of-00007.parquet:rg4:r82,1,calibration,orpheus:recording:Orpheus:train-00004-of-00007.parquet:rg4:r82,,C:\Users\Mahesh\Desktop\Projects\sih-2026\data\syntheticvoice\orpheus_tts_english_indian_multispeaker\data\train-00004-of-00007.parquet,4,82,audio,Orpheus
Orpheus:train-00004-of-00007.parquet:rg4:r88,1,calibration,orpheus:recording:Orpheus:train-00004-of-00007.parquet:rg4:r88,,C:\Users\Mahesh\Desktop\Projects\sih-2026\data\syntheticvoice\orpheus_tts_english_indian_multispeaker\data\train-00004-of-00007.parquet,4,88,audio,Orpheus
Orpheus:train-00004-of-00007.parquet:rg4:r89,1,calibration,orpheus:recording:Orpheus:train-00004-of-00007.parquet:rg4:r89,,C:\Users\Mahesh\Desktop\Projects\sih-2026\data\syntheticvoice\orpheus_tts_english_indian_multispeaker\data\train-00004-of-00007.parquet,4,89,audio,Orpheus
Orpheus:train-00004-of-00007.parquet:rg5:r15,1,calibration,orpheus:recording:Orpheus:train-00004-of-00007.parquet:rg5:r15,,C:\Users\Mahesh\Desktop\Projects\sih-2026\data\syntheticvoice\orpheus_tts_english_indian_multispeaker\data\train-00004-of-00007.parquet,5,15,audio,Orpheus
Orpheus:train-00004-of-00007.parquet:rg5:r18,1,calibration,orpheus:recording:Orpheus:train-00004-of-00007.parquet:rg5:r18,,C:\Users\Mahesh\Desktop\Projects\sih-2026\data\syntheticvoice\orpheus_tts_english_indian_multispeaker\data\train-00004-of-00007.parquet,5,18,audio,Orpheus
Orpheus:train-00004-of-00007.parquet:rg5:r63,1,calibration,orpheus:recording:Orpheus:train-00004-of-00007.parquet:rg5:r63,,C:\Users\Mahesh\Desktop\Projects\sih-2026\data\syntheticvoice\orpheus_tts_english_indian_multispeaker\data\train-00004-of-00007.parquet,5,63,audio,Orpheus
Orpheus:train-00004-of-00007.parquet:rg5:r64,1,calibration,orpheus:recording:Orpheus:train-00004-of-00007.parquet:rg5:r64,,C:\Users\Mahesh\Desktop\Projects\sih-2026\data\syntheticvoice\orpheus_tts_english_indian_multispeaker\data\train-00004-of-00007.parquet,5,64,audio,Orpheus
Orpheus:train-00004-of-00007.parquet:rg5:r76,1,calibration,orpheus:recording:Orpheus:train-00004-of-00007.parquet:rg5:r76,,C:\Users\Mahesh\Desktop\Projects\sih-2026\data\syntheticvoice\orpheus_tts_english_indian_multispeaker\data\train-00004-of-00007.parquet,5,76,audio,Orpheus
Orpheus:train-00004-of-00007.parquet:rg5:r95,1,calibration,orpheus:recording:Orpheus:train-00004-of-00007.parquet:rg5:r95,,C:\Users\Mahesh\Desktop\Projects\sih-2026\data\syntheticvoice\orpheus_tts_english_indian_multispeaker\data\train-00004-of-00007.parquet,5,95,audio,Orpheus
Orpheus:train-00004-of-00007.parquet:rg6:r10,1,calibration,orpheus:recording:Orpheus:train-00004-of-00007.parquet:rg6:r10,,C:\Users\Mahesh\Desktop\Projects\sih-2026\data\syntheticvoice\orpheus_tts_english_indian_multispeaker\data\train-00004-of-00007.parquet,6,10,audio,Orpheus
Orpheus:train-00004-of-00007.parquet:rg6:r26,1,calibration,orpheus:recording:Orpheus:train-00004-of-00007.parquet:rg6:r26,,C:\Users\Mahesh\Desktop\Projects\sih-2026\data\syntheticvoice\orpheus_tts_english_indian_multispeaker\data\train-00004-of-00007.parquet,6,26,audio,Orpheus
Orpheus:train-00004-of-00007.parquet:rg6:r34,1,calibration,orpheus:recording:Orpheus:train-00004-of-00007.parquet:rg6:r34,,C:\Users\Mahesh\Desktop\Projects\sih-2026\data\syntheticvoice\orpheus_tts_english_indian_multispeaker\data\train-00004-of-00007.parquet,6,34,audio,Orpheus
Orpheus:train-00004-of-00007.parquet:rg6:r40,1,calibration,orpheus:recording:Orpheus:train-00004-of-00007.parquet:rg6:r40,,C:\Users\Mahesh\Desktop\Projects\sih-2026\data\syntheticvoice\orpheus_tts_english_indian_multispeaker\data\train-00004-of-00007.parquet,6,40,audio,Orpheus
Orpheus:train-00004-of-00007.parquet:rg6:r62,1,calibration,orpheus:recording:Orpheus:train-00004-of-00007.parquet:rg6:r62,,C:\Users\Mahesh\Desktop\Projects\sih-2026\data\syntheticvoice\orpheus_tts_english_indian_multispeaker\data\train-00004-of-00007.parquet,6,62,audio,Orpheus
Orpheus:train-00004-of-00007.parquet:rg6:r83,1,calibration,orpheus:recording:Orpheus:train-00004-of-00007.parquet:rg6:r83,,C:\Users\Mahesh\Desktop\Projects\sih-2026\data\syntheticvoice\orpheus_tts_english_indian_multispeaker\data\train-00004-of-00007.parquet,6,83,audio,Orpheus
Orpheus:train-00004-of-00007.parquet:rg6:r86,1,calibration,orpheus:recording:Orpheus:train-00004-of-00007.parquet:rg6:r86,,C:\Users\Mahesh\Desktop\Projects\sih-2026\data\syntheticvoice\orpheus_tts_english_indian_multispeaker\data\train-00004-of-00007.parquet,6,86,audio,Orpheus
Orpheus:train-00004-of-00007.parquet:rg6:r91,1,calibration,orpheus:recording:Orpheus:train-00004-of-00007.parquet:rg6:r91,,C:\Users\Mahesh\Desktop\Projects\sih-2026\data\syntheticvoice\orpheus_tts_english_indian_multispeaker\data\train-00004-of-00007.parquet,6,91,audio,Orpheus
Orpheus:train-00004-of-00007.parquet:rg6:r98,1,calibration,orpheus:recording:Orpheus:train-00004-of-00007.parquet:rg6:r98,,C:\Users\Mahesh\Desktop\Projects\sih-2026\data\syntheticvoice\orpheus_tts_english_indian_multispeaker\data\train-00004-of-00007.parquet,6,98,audio,Orpheus
Orpheus:train-00004-of-00007.parquet:rg7:r8,1,calibration,orpheus:recording:Orpheus:train-00004-of-00007.parquet:rg7:r8,,C:\Users\Mahesh\Desktop\Projects\sih-2026\data\syntheticvoice\orpheus_tts_english_indian_multispeaker\data\train-00004-of-00007.parquet,7,8,audio,Orpheus
Orpheus:train-00004-of-00007.parquet:rg7:r18,1,calibration,orpheus:recording:Orpheus:train-00004-of-00007.parquet:rg7:r18,,C:\Users\Mahesh\Desktop\Projects\sih-2026\data\syntheticvoice\orpheus_tts_english_indian_multispeaker\data\train-00004-of-00007.parquet,7,18,audio,Orpheus
Orpheus:train-00004-of-00007.parquet:rg7:r24,1,calibration,orpheus:recording:Orpheus:train-00004-of-00007.parquet:rg7:r24,,C:\Users\Mahesh\Desktop\Projects\sih-2026\data\syntheticvoice\orpheus_tts_english_indian_multispeaker\data\train-00004-of-00007.parquet,7,24,audio,Orpheus
Orpheus:train-00004-of-00007.parquet:rg7:r27,1,calibration,orpheus:recording:Orpheus:train-00004-of-00007.parquet:rg7:r27,,C:\Users\Mahesh\Desktop\Projects\sih-2026\data\syntheticvoice\orpheus_tts_english_indian_multispeaker\data\train-00004-of-00007.parquet,7,27,audio,Orpheus
Orpheus:train-00004-of-00007.parquet:rg7:r47,1,calibration,orpheus:recording:Orpheus:train-00004-of-00007.parquet:rg7:r47,,C:\Users\Mahesh\Desktop\Projects\sih-2026\data\syntheticvoice\orpheus_tts_english_indian_multispeaker\data\train-00004-of-00007.parquet,7,47,audio,Orpheus
Orpheus:train-00004-of-00007.parquet:rg7:r61,1,calibration,orpheus:recording:Orpheus:train-00004-of-00007.parquet:rg7:r61,,C:\Users\Mahesh\Desktop\Projects\sih-2026\data\syntheticvoice\orpheus_tts_english_indian_multispeaker\data\train-00004-of-00007.parquet,7,61,audio,Orpheus
Orpheus:train-00004-of-00007.parquet:rg7:r72,1,calibration,orpheus:recording:Orpheus:train-00004-of-00007.parquet:rg7:r72,,C:\Users\Mahesh\Desktop\Projects\sih-2026\data\syntheticvoice\orpheus_tts_english_indian_multispeaker\data\train-00004-of-00007.parquet,7,72,audio,Orpheus
Orpheus:train-00004-of-00007.parquet:rg7:r74,1,calibration,orpheus:recording:Orpheus:train-00004-of-00007.parquet:rg7:r74,,C:\Users\Mahesh\Desktop\Projects\sih-2026\data\syntheticvoice\orpheus_tts_english_indian_multispeaker\data\train-00004-of-00007.parquet,7,74,audio,Orpheus
Orpheus:train-00004-of-00007.parquet:rg8:r42,1,calibration,orpheus:recording:Orpheus:train-00004-of-00007.parquet:rg8:r42,,C:\Users\Mahesh\Desktop\Projects\sih-2026\data\syntheticvoice\orpheus_tts_english_indian_multispeaker\data\train-00004-of-00007.parquet,8,42,audio,Orpheus
Orpheus:train-00004-of-00007.parquet:rg8:r67,1,calibration,orpheus:recording:Orpheus:train-00004-of-00007.parquet:rg8:r67,,C:\Users\Mahesh\Desktop\Projects\sih-2026\data\syntheticvoice\orpheus_tts_english_indian_multispeaker\data\train-00004-of-00007.parquet,8,67,audio,Orpheus
Orpheus:train-00004-of-00007.parquet:rg8:r68,1,calibration,orpheus:recording:Orpheus:train-00004-of-00007.parquet:rg8:r68,,C:\Users\Mahesh\Desktop\Projects\sih-2026\data\syntheticvoice\orpheus_tts_english_indian_multispeaker\data\train-00004-of-00007.parquet,8,68,audio,Orpheus
Orpheus:train-00004-of-00007.parquet:rg8:r74,1,calibration,orpheus:recording:Orpheus:train-00004-of-00007.parquet:rg8:r74,,C:\Users\Mahesh\Desktop\Projects\sih-2026\data\syntheticvoice\orpheus_tts_english_indian_multispeaker\data\train-00004-of-00007.parquet,8,74,audio,Orpheus
Orpheus:train-00004-of-00007.parquet:rg8:r76,1,calibration,orpheus:recording:Orpheus:train-00004-of-00007.parquet:rg8:r76,,C:\Users\Mahesh\Desktop\Projects\sih-2026\data\syntheticvoice\orpheus_tts_english_indian_multispeaker\data\train-00004-of-00007.parquet,8,76,audio,Orpheus
Orpheus:train-00004-of-00007.parquet:rg8:r87,1,calibration,orpheus:recording:Orpheus:train-00004-of-00007.parquet:rg8:r87,,C:\Users\Mahesh\Desktop\Projects\sih-2026\data\syntheticvoice\orpheus_tts_english_indian_multispeaker\data\train-00004-of-00007.parquet,8,87,audio,Orpheus
Orpheus:train-00004-of-00007.parquet:rg8:r88,1,calibration,orpheus:recording:Orpheus:train-00004-of-00007.parquet:rg8:r88,,C:\Users\Mahesh\Desktop\Projects\sih-2026\data\syntheticvoice\orpheus_tts_english_indian_multispeaker\data\train-00004-of-00007.parquet,8,88,audio,Orpheus
Orpheus:train-00004-of-00007.parquet:rg8:r91,1,calibration,orpheus:recording:Orpheus:train-00004-of-00007.parquet:rg8:r91,,C:\Users\Mahesh\Desktop\Projects\sih-2026\data\syntheticvoice\orpheus_tts_english_indian_multispeaker\data\train-00004-of-00007.parquet,8,91,audio,Orpheus
Orpheus:train-00004-of-00007.parquet:rg8:r92,1,calibration,orpheus:recording:Orpheus:train-00004-of-00007.parquet:rg8:r92,,C:\Users\Mahesh\Desktop\Projects\sih-2026\data\syntheticvoice\orpheus_tts_english_indian_multispeaker\data\train-00004-of-00007.parquet,8,92,audio,Orpheus
Orpheus:train-00004-of-00007.parquet:rg9:r12,1,calibration,orpheus:recording:Orpheus:train-00004-of-00007.parquet:rg9:r12,,C:\Users\Mahesh\Desktop\Projects\sih-2026\data\syntheticvoice\orpheus_tts_english_indian_multispeaker\data\train-00004-of-00007.parquet,9,12,audio,Orpheus
Orpheus:train-00004-of-00007.parquet:rg9:r20,1,calibration,orpheus:recording:Orpheus:train-00004-of-00007.parquet:rg9:r20,,C:\Users\Mahesh\Desktop\Projects\sih-2026\data\syntheticvoice\orpheus_tts_english_indian_multispeaker\data\train-00004-of-00007.parquet,9,20,audio,Orpheus
Orpheus:train-00004-of-00007.parquet:rg9:r29,1,calibration,orpheus:recording:Orpheus:train-00004-of-00007.parquet:rg9:r29,,C:\Users\Mahesh\Desktop\Projects\sih-2026\data\syntheticvoice\orpheus_tts_english_indian_multispeaker\data\train-00004-of-00007.parquet,9,29,audio,Orpheus
Orpheus:train-00004-of-00007.parquet:rg9:r31,1,calibration,orpheus:recording:Orpheus:train-00004-of-00007.parquet:rg9:r31,,C:\Users\Mahesh\Desktop\Projects\sih-2026\data\syntheticvoice\orpheus_tts_english_indian_multispeaker\data\train-00004-of-00007.parquet,9,31,audio,Orpheus
Orpheus:train-00004-of-00007.parquet:rg9:r42,1,calibration,orpheus:recording:Orpheus:train-00004-of-00007.parquet:rg9:r42,,C:\Users\Mahesh\Desktop\Projects\sih-2026\data\syntheticvoice\orpheus_tts_english_indian_multispeaker\data\train-00004-of-00007.parquet,9,42,audio,Orpheus
Orpheus:train-00004-of-00007.parquet:rg9:r48,1,calibration,orpheus:recording:Orpheus:train-00004-of-00007.parquet:rg9:r48,,C:\Users\Mahesh\Desktop\Projects\sih-2026\data\syntheticvoice\orpheus_tts_english_indian_multispeaker\data\train-00004-of-00007.parquet,9,48,audio,Orpheus
Orpheus:train-00004-of-00007.parquet:rg9:r49,1,calibration,orpheus:recording:Orpheus:train-00004-of-00007.parquet:rg9:r49,,C:\Users\Mahesh\Desktop\Projects\sih-2026\data\syntheticvoice\orpheus_tts_english_indian_multispeaker\data\train-00004-of-00007.parquet,9,49,audio,Orpheus
Orpheus:train-00004-of-00007.parquet:rg9:r51,1,calibration,orpheus:recording:Orpheus:train-00004-of-00007.parquet:rg9:r51,,C:\Users\Mahesh\Desktop\Projects\sih-2026\data\syntheticvoice\orpheus_tts_english_indian_multispeaker\data\train-00004-of-00007.parquet,9,51,audio,Orpheus
Orpheus:train-00004-of-00007.parquet:rg9:r53,1,calibration,orpheus:recording:Orpheus:train-00004-of-00007.parquet:rg9:r53,,C:\Users\Mahesh\Desktop\Projects\sih-2026\data\syntheticvoice\orpheus_tts_english_indian_multispeaker\data\train-00004-of-00007.parquet,9,53,audio,Orpheus
Orpheus:train-00004-of-00007.parquet:rg9:r63,1,calibration,orpheus:recording:Orpheus:train-00004-of-00007.parquet:rg9:r63,,C:\Users\Mahesh\Desktop\Projects\sih-2026\data\syntheticvoice\orpheus_tts_english_indian_multispeaker\data\train-00004-of-00007.parquet,9,63,audio,Orpheus
Orpheus:train-00004-of-00007.parquet:rg9:r71,1,calibration,orpheus:recording:Orpheus:train-00004-of-00007.parquet:rg9:r71,,C:\Users\Mahesh\Desktop\Projects\sih-2026\data\syntheticvoice\orpheus_tts_english_indian_multispeaker\data\train-00004-of-00007.parquet,9,71,audio,Orpheus
Orpheus:train-00004-of-00007.parquet:rg9:r72,1,calibration,orpheus:recording:Orpheus:train-00004-of-00007.parquet:rg9:r72,,C:\Users\Mahesh\Desktop\Projects\sih-2026\data\syntheticvoice\orpheus_tts_english_indian_multispeaker\data\train-00004-of-00007.parquet,9,72,audio,Orpheus
Orpheus:train-00004-of-00007.parquet:rg9:r76,1,calibration,orpheus:recording:Orpheus:train-00004-of-00007.parquet:rg9:r76,,C:\Users\Mahesh\Desktop\Projects\sih-2026\data\syntheticvoice\orpheus_tts_english_indian_multispeaker\data\train-00004-of-00007.parquet,9,76,audio,Orpheus
Orpheus:train-00004-of-00007.parquet:rg9:r88,1,calibration,orpheus:recording:Orpheus:train-00004-of-00007.parquet:rg9:r88,,C:\Users\Mahesh\Desktop\Projects\sih-2026\data\syntheticvoice\orpheus_tts_english_indian_multispeaker\data\train-00004-of-00007.parquet,9,88,audio,Orpheus
Orpheus:train-00004-of-00007.parquet:rg9:r94,1,calibration,orpheus:recording:Orpheus:train-00004-of-00007.parquet:rg9:r94,,C:\Users\Mahesh\Desktop\Projects\sih-2026\data\syntheticvoice\orpheus_tts_english_indian_multispeaker\data\train-00004-of-00007.parquet,9,94,audio,Orpheus
Orpheus:train-00004-of-00007.parquet:rg9:r99,1,calibration,orpheus:recording:Orpheus:train-00004-of-00007.parquet:rg9:r99,,C:\Users\Mahesh\Desktop\Projects\sih-2026\data\syntheticvoice\orpheus_tts_english_indian_multispeaker\data\train-00004-of-00007.parquet,9,99,audio,Orpheus
Orpheus:train-00004-of-00007.parquet:rg10:r4,1,calibration,orpheus:recording:Orpheus:train-00004-of-00007.parquet:rg10:r4,,C:\Users\Mahesh\Desktop\Projects\sih-2026\data\syntheticvoice\orpheus_tts_english_indian_multispeaker\data\train-00004-of-00007.parquet,10,4,audio,Orpheus
Orpheus:train-00004-of-00007.parquet:rg10:r12,1,calibration,orpheus:recording:Orpheus:train-00004-of-00007.parquet:rg10:r12,,C:\Users\Mahesh\Desktop\Projects\sih-2026\data\syntheticvoice\orpheus_tts_english_indian_multispeaker\data\train-00004-of-00007.parquet,10,12,audio,Orpheus
Orpheus:train-00004-of-00007.parquet:rg10:r16,1,calibration,orpheus:recording:Orpheus:train-00004-of-00007.parquet:rg10:r16,,C:\Users\Mahesh\Desktop\Projects\sih-2026\data\syntheticvoice\orpheus_tts_english_indian_multispeaker\data\train-00004-of-00007.parquet,10,16,audio,Orpheus
Orpheus:train-00004-of-00007.parquet:rg10:r31,1,calibration,orpheus:recording:Orpheus:train-00004-of-00007.parquet:rg10:r31,,C:\Users\Mahesh\Desktop\Projects\sih-2026\data\syntheticvoice\orpheus_tts_english_indian_multispeaker\data\train-00004-of-00007.parquet,10,31,audio,Orpheus
Orpheus:train-00004-of-00007.parquet:rg10:r37,1,calibration,orpheus:recording:Orpheus:train-00004-of-00007.parquet:rg10:r37,,C:\Users\Mahesh\Desktop\Projects\sih-2026\data\syntheticvoice\orpheus_tts_english_indian_multispeaker\data\train-00004-of-00007.parquet,10,37,audio,Orpheus
Orpheus:train-00004-of-00007.parquet:rg10:r46,1,calibration,orpheus:recording:Orpheus:train-00004-of-00007.parquet:rg10:r46,,C:\Users\Mahesh\Desktop\Projects\sih-2026\data\syntheticvoice\orpheus_tts_english_indian_multispeaker\data\train-00004-of-00007.parquet,10,46,audio,Orpheus
Orpheus:train-00004-of-00007.parquet:rg10:r49,1,calibration,orpheus:recording:Orpheus:train-00004-of-00007.parquet:rg10:r49,,C:\Users\Mahesh\Desktop\Projects\sih-2026\data\syntheticvoice\orpheus_tts_english_indian_multispeaker\data\train-00004-of-00007.parquet,10,49,audio,Orpheus
Orpheus:train-00004-of-00007.parquet:rg10:r54,1,calibration,orpheus:recording:Orpheus:train-00004-of-00007.parquet:rg10:r54,,C:\Users\Mahesh\Desktop\Projects\sih-2026\data\syntheticvoice\orpheus_tts_english_indian_multispeaker\data\train-00004-of-00007.parquet,10,54,audio,Orpheus
Orpheus:train-00004-of-00007.parquet:rg10:r59,1,calibration,orpheus:recording:Orpheus:train-00004-of-00007.parquet:rg10:r59,,C:\Users\Mahesh\Desktop\Projects\sih-2026\data\syntheticvoice\orpheus_tts_english_indian_multispeaker\data\train-00004-of-00007.parquet,10,59,audio,Orpheus
Orpheus:train-00004-of-00007.parquet:rg10:r65,1,calibration,orpheus:recording:Orpheus:train-00004-of-00007.parquet:rg10:r65,,C:\Users\Mahesh\Desktop\Projects\sih-2026\data\syntheticvoice\orpheus_tts_english_indian_multispeaker\data\train-00004-of-00007.parquet,10,65,audio,Orpheus
Orpheus:train-00004-of-00007.parquet:rg10:r80,1,calibration,orpheus:recording:Orpheus:train-00004-of-00007.parquet:rg10:r80,,C:\Users\Mahesh\Desktop\Projects\sih-2026\data\syntheticvoice\orpheus_tts_english_indian_multispeaker\data\train-00004-of-00007.parquet,10,80,audio,Orpheus
Orpheus:train-00004-of-00007.parquet:rg10:r81,1,calibration,orpheus:recording:Orpheus:train-00004-of-00007.parquet:rg10:r81,,C:\Users\Mahesh\Desktop\Projects\sih-2026\data\syntheticvoice\orpheus_tts_english_indian_multispeaker\data\train-00004-of-00007.parquet,10,81,audio,Orpheus
Orpheus:train-00004-of-00007.parquet:rg10:r83,1,calibration,orpheus:recording:Orpheus:train-00004-of-00007.parquet:rg10:r83,,C:\Users\Mahesh\Desktop\Projects\sih-2026\data\syntheticvoice\orpheus_tts_english_indian_multispeaker\data\train-00004-of-00007.parquet,10,83,audio,Orpheus
Orpheus:train-00004-of-00007.parquet:rg10:r89,1,calibration,orpheus:recording:Orpheus:train-00004-of-00007.parquet:rg10:r89,,C:\Users\Mahesh\Desktop\Projects\sih-2026\data\syntheticvoice\orpheus_tts_english_indian_multispeaker\data\train-00004-of-00007.parquet,10,89,audio,Orpheus
Orpheus:train-00004-of-00007.parquet:rg10:r95,1,calibration,orpheus:recording:Orpheus:train-00004-of-00007.parquet:rg10:r95,,C:\Users\Mahesh\Desktop\Projects\sih-2026\data\syntheticvoice\orpheus_tts_english_indian_multispeaker\data\train-00004-of-00007.parquet,10,95,audio,Orpheus
Orpheus:train-00004-of-00007.parquet:rg11:r4,1,calibration,orpheus:recording:Orpheus:train-00004-of-00007.parquet:rg11:r4,,C:\Users\Mahesh\Desktop\Projects\sih-2026\data\syntheticvoice\orpheus_tts_english_indian_multispeaker\data\train-00004-of-00007.parquet,11,4,audio,Orpheus
Orpheus:train-00004-of-00007.parquet:rg11:r7,1,calibration,orpheus:recording:Orpheus:train-00004-of-00007.parquet:rg11:r7,,C:\Users\Mahesh\Desktop\Projects\sih-2026\data\syntheticvoice\orpheus_tts_english_indian_multispeaker\data\train-00004-of-00007.parquet,11,7,audio,Orpheus
Orpheus:train-00004-of-00007.parquet:rg11:r16,1,calibration,orpheus:recording:Orpheus:train-00004-of-00007.parquet:rg11:r16,,C:\Users\Mahesh\Desktop\Projects\sih-2026\data\syntheticvoice\orpheus_tts_english_indian_multispeaker\data\train-00004-of-00007.parquet,11,16,audio,Orpheus
Orpheus:train-00004-of-00007.parquet:rg11:r26,1,calibration,orpheus:recording:Orpheus:train-00004-of-00007.parquet:rg11:r26,,C:\Users\Mahesh\Desktop\Projects\sih-2026\data\syntheticvoice\orpheus_tts_english_indian_multispeaker\data\train-00004-of-00007.parquet,11,26,audio,Orpheus
Orpheus:train-00004-of-00007.parquet:rg11:r31,1,calibration,orpheus:recording:Orpheus:train-00004-of-00007.parquet:rg11:r31,,C:\Users\Mahesh\Desktop\Projects\sih-2026\data\syntheticvoice\orpheus_tts_english_indian_multispeaker\data\train-00004-of-00007.parquet,11,31,audio,Orpheus
Orpheus:train-00004-of-00007.parquet:rg11:r45,1,calibration,orpheus:recording:Orpheus:train-00004-of-00007.parquet:rg11:r45,,C:\Users\Mahesh\Desktop\Projects\sih-2026\data\syntheticvoice\orpheus_tts_english_indian_multispeaker\data\train-00004-of-00007.parquet,11,45,audio,Orpheus
Orpheus:train-00004-of-00007.parquet:rg11:r49,1,calibration,orpheus:recording:Orpheus:train-00004-of-00007.parquet:rg11:r49,,C:\Users\Mahesh\Desktop\Projects\sih-2026\data\syntheticvoice\orpheus_tts_english_indian_multispeaker\data\train-00004-of-00007.parquet,11,49,audio,Orpheus
Orpheus:train-00004-of-00007.parquet:rg11:r56,1,calibration,orpheus:recording:Orpheus:train-00004-of-00007.parquet:rg11:r56,,C:\Users\Mahesh\Desktop\Projects\sih-2026\data\syntheticvoice\orpheus_tts_english_indian_multispeaker\data\train-00004-of-00007.parquet,11,56,audio,Orpheus
Orpheus:train-00004-of-00007.parquet:rg11:r57,1,calibration,orpheus:recording:Orpheus:train-00004-of-00007.parquet:rg11:r57,,C:\Users\Mahesh\Desktop\Projects\sih-2026\data\syntheticvoice\orpheus_tts_english_indian_multispeaker\data\train-00004-of-00007.parquet,11,57,audio,Orpheus
Orpheus:train-00004-of-00007.parquet:rg11:r62,1,calibration,orpheus:recording:Orpheus:train-00004-of-00007.parquet:rg11:r62,,C:\Users\Mahesh\Desktop\Projects\sih-2026\data\syntheticvoice\orpheus_tts_english_indian_multispeaker\data\train-00004-of-00007.parquet,11,62,audio,Orpheus
Orpheus:train-00004-of-00007.parquet:rg11:r72,1,calibration,orpheus:recording:Orpheus:train-00004-of-00007.parquet:rg11:r72,,C:\Users\Mahesh\Desktop\Projects\sih-2026\data\syntheticvoice\orpheus_tts_english_indian_multispeaker\data\train-00004-of-00007.parquet,11,72,audio,Orpheus
Orpheus:train-00004-of-00007.parquet:rg11:r76,1,calibration,orpheus:recording:Orpheus:train-00004-of-00007.parquet:rg11:r76,,C:\Users\Mahesh\Desktop\Projects\sih-2026\data\syntheticvoice\orpheus_tts_english_indian_multispeaker\data\train-00004-of-00007.parquet,11,76,audio,Orpheus
Orpheus:train-00004-of-00007.parquet:rg11:r80,1,calibration,orpheus:recording:Orpheus:train-00004-of-00007.parquet:rg11:r80,,C:\Users\Mahesh\Desktop\Projects\sih-2026\data\syntheticvoice\orpheus_tts_english_indian_multispeaker\data\train-00004-of-00007.parquet,11,80,audio,Orpheus
Orpheus:train-00004-of-00007.parquet:rg11:r87,1,calibration,orpheus:recording:Orpheus:train-00004-of-00007.parquet:rg11:r87,,C:\Users\Mahesh\Desktop\Projects\sih-2026\data\syntheticvoice\orpheus_tts_english_indian_multispeaker\data\train-00004-of-00007.parquet,11,87,audio,Orpheus
Orpheus:train-00004-of-00007.parquet:rg11:r90,1,calibration,orpheus:recording:Orpheus:train-00004-of-00007.parquet:rg11:r90,,C:\Users\Mahesh\Desktop\Projects\sih-2026\data\syntheticvoice\orpheus_tts_english_indian_multispeaker\data\train-00004-of-00007.parquet,11,90,audio,Orpheus
Orpheus:train-00004-of-00007.parquet:rg11:r95,1,calibration,orpheus:recording:Orpheus:train-00004-of-00007.parquet:rg11:r95,,C:\Users\Mahesh\Desktop\Projects\sih-2026\data\syntheticvoice\orpheus_tts_english_indian_multispeaker\data\train-00004-of-00007.parquet,11,95,audio,Orpheus
Orpheus:train-00004-of-00007.parquet:rg12:r60,1,calibration,orpheus:recording:Orpheus:train-00004-of-00007.parquet:rg12:r60,,C:\Users\Mahesh\Desktop\Projects\sih-2026\data\syntheticvoice\orpheus_tts_english_indian_multispeaker\data\train-00004-of-00007.parquet,12,60,audio,Orpheus
Orpheus:train-00004-of-00007.parquet:rg12:r63,1,calibration,orpheus:recording:Orpheus:train-00004-of-00007.parquet:rg12:r63,,C:\Users\Mahesh\Desktop\Projects\sih-2026\data\syntheticvoice\orpheus_tts_english_indian_multispeaker\data\train-00004-of-00007.parquet,12,63,audio,Orpheus
Orpheus:train-00004-of-00007.parquet:rg12:r65,1,calibration,orpheus:recording:Orpheus:train-00004-of-00007.parquet:rg12:r65,,C:\Users\Mahesh\Desktop\Projects\sih-2026\data\syntheticvoice\orpheus_tts_english_indian_multispeaker\data\train-00004-of-00007.parquet,12,65,audio,Orpheus
Orpheus:train-00004-of-00007.parquet:rg12:r80,1,calibration,orpheus:recording:Orpheus:train-00004-of-00007.parquet:rg12:r80,,C:\Users\Mahesh\Desktop\Projects\sih-2026\data\syntheticvoice\orpheus_tts_english_indian_multispeaker\data\train-00004-of-00007.parquet,12,80,audio,Orpheus
Orpheus:train-00004-of-00007.parquet:rg12:r90,1,calibration,orpheus:recording:Orpheus:train-00004-of-00007.parquet:rg12:r90,,C:\Users\Mahesh\Desktop\Projects\sih-2026\data\syntheticvoice\orpheus_tts_english_indian_multispeaker\data\train-00004-of-00007.parquet,12,90,audio,Orpheus
Orpheus:train-00004-of-00007.parquet:rg13:r12,1,calibration,orpheus:recording:Orpheus:train-00004-of-00007.parquet:rg13:r12,,C:\Users\Mahesh\Desktop\Projects\sih-2026\data\syntheticvoice\orpheus_tts_english_indian_multispeaker\data\train-00004-of-00007.parquet,13,12,audio,Orpheus
Orpheus:train-00004-of-00007.parquet:rg13:r76,1,calibration,orpheus:recording:Orpheus:train-00004-of-00007.parquet:rg13:r76,,C:\Users\Mahesh\Desktop\Projects\sih-2026\data\syntheticvoice\orpheus_tts_english_indian_multispeaker\data\train-00004-of-00007.parquet,13,76,audio,Orpheus
Orpheus:train-00004-of-00007.parquet:rg13:r85,1,calibration,orpheus:recording:Orpheus:train-00004-of-00007.parquet:rg13:r85,,C:\Users\Mahesh\Desktop\Projects\sih-2026\data\syntheticvoice\orpheus_tts_english_indian_multispeaker\data\train-00004-of-00007.parquet,13,85,audio,Orpheus
Orpheus:train-00004-of-00007.parquet:rg13:r87,1,calibration,orpheus:recording:Orpheus:train-00004-of-00007.parquet:rg13:r87,,C:\Users\Mahesh\Desktop\Projects\sih-2026\data\syntheticvoice\orpheus_tts_english_indian_multispeaker\data\train-00004-of-00007.parquet,13,87,audio,Orpheus
Orpheus:train-00004-of-00007.parquet:rg14:r11,1,calibration,orpheus:recording:Orpheus:train-00004-of-00007.parquet:rg14:r11,,C:\Users\Mahesh\Desktop\Projects\sih-2026\data\syntheticvoice\orpheus_tts_english_indian_multispeaker\data\train-00004-of-00007.parquet,14,11,audio,Orpheus
Orpheus:train-00004-of-00007.parquet:rg14:r14,1,calibration,orpheus:recording:Orpheus:train-00004-of-00007.parquet:rg14:r14,,C:\Users\Mahesh\Desktop\Projects\sih-2026\data\syntheticvoice\orpheus_tts_english_indian_multispeaker\data\train-00004-of-00007.parquet,14,14,audio,Orpheus
Orpheus:train-00004-of-00007.parquet:rg14:r34,1,calibration,orpheus:recording:Orpheus:train-00004-of-00007.parquet:rg14:r34,,C:\Users\Mahesh\Desktop\Projects\sih-2026\data\syntheticvoice\orpheus_tts_english_indian_multispeaker\data\train-00004-of-00007.parquet,14,34,audio,Orpheus
Orpheus:train-00004-of-00007.parquet:rg14:r54,1,calibration,orpheus:recording:Orpheus:train-00004-of-00007.parquet:rg14:r54,,C:\Users\Mahesh\Desktop\Projects\sih-2026\data\syntheticvoice\orpheus_tts_english_indian_multispeaker\data\train-00004-of-00007.parquet,14,54,audio,Orpheus
Orpheus:train-00004-of-00007.parquet:rg14:r64,1,calibration,orpheus:recording:Orpheus:train-00004-of-00007.parquet:rg14:r64,,C:\Users\Mahesh\Desktop\Projects\sih-2026\data\syntheticvoice\orpheus_tts_english_indian_multispeaker\data\train-00004-of-00007.parquet,14,64,audio,Orpheus
Orpheus:train-00004-of-00007.parquet:rg14:r67,1,calibration,orpheus:recording:Orpheus:train-00004-of-00007.parquet:rg14:r67,,C:\Users\Mahesh\Desktop\Projects\sih-2026\data\syntheticvoice\orpheus_tts_english_indian_multispeaker\data\train-00004-of-00007.parquet,14,67,audio,Orpheus
Orpheus:train-00004-of-00007.parquet:rg14:r87,1,calibration,orpheus:recording:Orpheus:train-00004-of-00007.parquet:rg14:r87,,C:\Users\Mahesh\Desktop\Projects\sih-2026\data\syntheticvoice\orpheus_tts_english_indian_multispeaker\data\train-00004-of-00007.parquet,14,87,audio,Orpheus
Orpheus:train-00004-of-00007.parquet:rg14:r92,1,calibration,orpheus:recording:Orpheus:train-00004-of-00007.parquet:rg14:r92,,C:\Users\Mahesh\Desktop\Projects\sih-2026\data\syntheticvoice\orpheus_tts_english_indian_multispeaker\data\train-00004-of-00007.parquet,14,92,audio,Orpheus
Orpheus:train-00004-of-00007.parquet:rg14:r93,1,calibration,orpheus:recording:Orpheus:train-00004-of-00007.parquet:rg14:r93,,C:\Users\Mahesh\Desktop\Projects\sih-2026\data\syntheticvoice\orpheus_tts_english_indian_multispeaker\data\train-00004-of-00007.parquet,14,93,audio,Orpheus
Orpheus:train-00004-of-00007.parquet:rg14:r99,1,calibration,orpheus:recording:Orpheus:train-00004-of-00007.parquet:rg14:r99,,C:\Users\Mahesh\Desktop\Projects\sih-2026\data\syntheticvoice\orpheus_tts_english_indian_multispeaker\data\train-00004-of-00007.parquet,14,99,audio,Orpheus
Orpheus:train-00004-of-00007.parquet:rg15:r13,1,calibration,orpheus:recording:Orpheus:train-00004-of-00007.parquet:rg15:r13,,C:\Users\Mahesh\Desktop\Projects\sih-2026\data\syntheticvoice\orpheus_tts_english_indian_multispeaker\data\train-00004-of-00007.parquet,15,13,audio,Orpheus
Orpheus:train-00004-of-00007.parquet:rg15:r21,1,calibration,orpheus:recording:Orpheus:train-00004-of-00007.parquet:rg15:r21,,C:\Users\Mahesh\Desktop\Projects\sih-2026\data\syntheticvoice\orpheus_tts_english_indian_multispeaker\data\train-00004-of-00007.parquet,15,21,audio,Orpheus
Orpheus:train-00004-of-00007.parquet:rg15:r22,1,calibration,orpheus:recording:Orpheus:train-00004-of-00007.parquet:rg15:r22,,C:\Users\Mahesh\Desktop\Projects\sih-2026\data\syntheticvoice\orpheus_tts_english_indian_multispeaker\data\train-00004-of-00007.parquet,15,22,audio,Orpheus
Orpheus:train-00004-of-00007.parquet:rg15:r24,1,calibration,orpheus:recording:Orpheus:train-00004-of-00007.parquet:rg15:r24,,C:\Users\Mahesh\Desktop\Projects\sih-2026\data\syntheticvoice\orpheus_tts_english_indian_multispeaker\data\train-00004-of-00007.parquet,15,24,audio,Orpheus
Orpheus:train-00004-of-00007.parquet:rg15:r29,1,calibration,orpheus:recording:Orpheus:train-00004-of-00007.parquet:rg15:r29,,C:\Users\Mahesh\Desktop\Projects\sih-2026\data\syntheticvoice\orpheus_tts_english_indian_multispeaker\data\train-00004-of-00007.parquet,15,29,audio,Orpheus
Orpheus:train-00004-of-00007.parquet:rg15:r53,1,calibration,orpheus:recording:Orpheus:train-00004-of-00007.parquet:rg15:r53,,C:\Users\Mahesh\Desktop\Projects\sih-2026\data\syntheticvoice\orpheus_tts_english_indian_multispeaker\data\train-00004-of-00007.parquet,15,53,audio,Orpheus
Orpheus:train-00004-of-00007.parquet:rg15:r59,1,calibration,orpheus:recording:Orpheus:train-00004-of-00007.parquet:rg15:r59,,C:\Users\Mahesh\Desktop\Projects\sih-2026\data\syntheticvoice\orpheus_tts_english_indian_multispeaker\data\train-00004-of-00007.parquet,15,59,audio,Orpheus
Orpheus:train-00004-of-00007.parquet:rg15:r66,1,calibration,orpheus:recording:Orpheus:train-00004-of-00007.parquet:rg15:r66,,C:\Users\Mahesh\Desktop\Projects\sih-2026\data\syntheticvoice\orpheus_tts_english_indian_multispeaker\data\train-00004-of-00007.parquet,15,66,audio,Orpheus
Orpheus:train-00004-of-00007.parquet:rg15:r75,1,calibration,orpheus:recording:Orpheus:train-00004-of-00007.parquet:rg15:r75,,C:\Users\Mahesh\Desktop\Projects\sih-2026\data\syntheticvoice\orpheus_tts_english_indian_multispeaker\data\train-00004-of-00007.parquet,15,75,audio,Orpheus
Orpheus:train-00004-of-00007.parquet:rg15:r87,1,calibration,orpheus:recording:Orpheus:train-00004-of-00007.parquet:rg15:r87,,C:\Users\Mahesh\Desktop\Projects\sih-2026\data\syntheticvoice\orpheus_tts_english_indian_multispeaker\data\train-00004-of-00007.parquet,15,87,audio,Orpheus
Orpheus:train-00004-of-00007.parquet:rg15:r88,1,calibration,orpheus:recording:Orpheus:train-00004-of-00007.parquet:rg15:r88,,C:\Users\Mahesh\Desktop\Projects\sih-2026\data\syntheticvoice\orpheus_tts_english_indian_multispeaker\data\train-00004-of-00007.parquet,15,88,audio,Orpheus
Orpheus:train-00004-of-00007.parquet:rg15:r95,1,calibration,orpheus:recording:Orpheus:train-00004-of-00007.parquet:rg15:r95,,C:\Users\Mahesh\Desktop\Projects\sih-2026\data\syntheticvoice\orpheus_tts_english_indian_multispeaker\data\train-00004-of-00007.parquet,15,95,audio,Orpheus
Orpheus:train-00004-of-00007.parquet:rg16:r1,1,calibration,orpheus:recording:Orpheus:train-00004-of-00007.parquet:rg16:r1,,C:\Users\Mahesh\Desktop\Projects\sih-2026\data\syntheticvoice\orpheus_tts_english_indian_multispeaker\data\train-00004-of-00007.parquet,16,1,audio,Orpheus
Orpheus:train-00004-of-00007.parquet:rg16:r19,1,calibration,orpheus:recording:Orpheus:train-00004-of-00007.parquet:rg16:r19,,C:\Users\Mahesh\Desktop\Projects\sih-2026\data\syntheticvoice\orpheus_tts_english_indian_multispeaker\data\train-00004-of-00007.parquet,16,19,audio,Orpheus
Orpheus:train-00004-of-00007.parquet:rg16:r37,1,calibration,orpheus:recording:Orpheus:train-00004-of-00007.parquet:rg16:r37,,C:\Users\Mahesh\Desktop\Projects\sih-2026\data\syntheticvoice\orpheus_tts_english_indian_multispeaker\data\train-00004-of-00007.parquet,16,37,audio,Orpheus
Orpheus:train-00004-of-00007.parquet:rg16:r45,1,calibration,orpheus:recording:Orpheus:train-00004-of-00007.parquet:rg16:r45,,C:\Users\Mahesh\Desktop\Projects\sih-2026\data\syntheticvoice\orpheus_tts_english_indian_multispeaker\data\train-00004-of-00007.parquet,16,45,audio,Orpheus
Orpheus:train-00004-of-00007.parquet:rg16:r54,1,calibration,orpheus:recording:Orpheus:train-00004-of-00007.parquet:rg16:r54,,C:\Users\Mahesh\Desktop\Projects\sih-2026\data\syntheticvoice\orpheus_tts_english_indian_multispeaker\data\train-00004-of-00007.parquet,16,54,audio,Orpheus
Orpheus:train-00004-of-00007.parquet:rg16:r59,1,calibration,orpheus:recording:Orpheus:train-00004-of-00007.parquet:rg16:r59,,C:\Users\Mahesh\Desktop\Projects\sih-2026\data\syntheticvoice\orpheus_tts_english_indian_multispeaker\data\train-00004-of-00007.parquet,16,59,audio,Orpheus
Orpheus:train-00004-of-00007.parquet:rg16:r79,1,calibration,orpheus:recording:Orpheus:train-00004-of-00007.parquet:rg16:r79,,C:\Users\Mahesh\Desktop\Projects\sih-2026\data\syntheticvoice\orpheus_tts_english_indian_multispeaker\data\train-00004-of-00007.parquet,16,79,audio,Orpheus
Orpheus:train-00004-of-00007.parquet:rg16:r80,1,calibration,orpheus:recording:Orpheus:train-00004-of-00007.parquet:rg16:r80,,C:\Users\Mahesh\Desktop\Projects\sih-2026\data\syntheticvoice\orpheus_tts_english_indian_multispeaker\data\train-00004-of-00007.parquet,16,80,audio,Orpheus
Orpheus:train-00004-of-00007.parquet:rg17:r9,1,calibration,orpheus:recording:Orpheus:train-00004-of-00007.parquet:rg17:r9,,C:\Users\Mahesh\Desktop\Projects\sih-2026\data\syntheticvoice\orpheus_tts_english_indian_multispeaker\data\train-00004-of-00007.parquet,17,9,audio,Orpheus
Orpheus:train-00004-of-00007.parquet:rg17:r15,1,calibration,orpheus:recording:Orpheus:train-00004-of-00007.parquet:rg17:r15,,C:\Users\Mahesh\Desktop\Projects\sih-2026\data\syntheticvoice\orpheus_tts_english_indian_multispeaker\data\train-00004-of-00007.parquet,17,15,audio,Orpheus
Orpheus:train-00004-of-00007.parquet:rg17:r16,1,calibration,orpheus:recording:Orpheus:train-00004-of-00007.parquet:rg17:r16,,C:\Users\Mahesh\Desktop\Projects\sih-2026\data\syntheticvoice\orpheus_tts_english_indian_multispeaker\data\train-00004-of-00007.parquet,17,16,audio,Orpheus
Orpheus:train-00004-of-00007.parquet:rg17:r25,1,calibration,orpheus:recording:Orpheus:train-00004-of-00007.parquet:rg17:r25,,C:\Users\Mahesh\Desktop\Projects\sih-2026\data\syntheticvoice\orpheus_tts_english_indian_multispeaker\data\train-00004-of-00007.parquet,17,25,audio,Orpheus
Orpheus:train-00004-of-00007.parquet:rg17:r48,1,calibration,orpheus:recording:Orpheus:train-00004-of-00007.parquet:rg17:r48,,C:\Users\Mahesh\Desktop\Projects\sih-2026\data\syntheticvoice\orpheus_tts_english_indian_multispeaker\data\train-00004-of-00007.parquet,17,48,audio,Orpheus
Orpheus:train-00004-of-00007.parquet:rg17:r52,1,calibration,orpheus:recording:Orpheus:train-00004-of-00007.parquet:rg17:r52,,C:\Users\Mahesh\Desktop\Projects\sih-2026\data\syntheticvoice\orpheus_tts_english_indian_multispeaker\data\train-00004-of-00007.parquet,17,52,audio,Orpheus
Orpheus:train-00004-of-00007.parquet:rg17:r61,1,calibration,orpheus:recording:Orpheus:train-00004-of-00007.parquet:rg17:r61,,C:\Users\Mahesh\Desktop\Projects\sih-2026\data\syntheticvoice\orpheus_tts_english_indian_multispeaker\data\train-00004-of-00007.parquet,17,61,audio,Orpheus
Orpheus:train-00004-of-00007.parquet:rg17:r71,1,calibration,orpheus:recording:Orpheus:train-00004-of-00007.parquet:rg17:r71,,C:\Users\Mahesh\Desktop\Projects\sih-2026\data\syntheticvoice\orpheus_tts_english_indian_multispeaker\data\train-00004-of-00007.parquet,17,71,audio,Orpheus
Orpheus:train-00004-of-00007.parquet:rg17:r74,1,calibration,orpheus:recording:Orpheus:train-00004-of-00007.parquet:rg17:r74,,C:\Users\Mahesh\Desktop\Projects\sih-2026\data\syntheticvoice\orpheus_tts_english_indian_multispeaker\data\train-00004-of-00007.parquet,17,74,audio,Orpheus
Orpheus:train-00004-of-00007.parquet:rg17:r79,1,calibration,orpheus:recording:Orpheus:train-00004-of-00007.parquet:rg17:r79,,C:\Users\Mahesh\Desktop\Projects\sih-2026\data\syntheticvoice\orpheus_tts_english_indian_multispeaker\data\train-00004-of-00007.parquet,17,79,audio,Orpheus
Orpheus:train-00004-of-00007.parquet:rg17:r94,1,calibration,orpheus:recording:Orpheus:train-00004-of-00007.parquet:rg17:r94,,C:\Users\Mahesh\Desktop\Projects\sih-2026\data\syntheticvoice\orpheus_tts_english_indian_multispeaker\data\train-00004-of-00007.parquet,17,94,audio,Orpheus
Orpheus:train-00004-of-00007.parquet:rg18:r5,1,calibration,orpheus:recording:Orpheus:train-00004-of-00007.parquet:rg18:r5,,C:\Users\Mahesh\Desktop\Projects\sih-2026\data\syntheticvoice\orpheus_tts_english_indian_multispeaker\data\train-00004-of-00007.parquet,18,5,audio,Orpheus
Orpheus:train-00004-of-00007.parquet:rg18:r25,1,calibration,orpheus:recording:Orpheus:train-00004-of-00007.parquet:rg18:r25,,C:\Users\Mahesh\Desktop\Projects\sih-2026\data\syntheticvoice\orpheus_tts_english_indian_multispeaker\data\train-00004-of-00007.parquet,18,25,audio,Orpheus
Orpheus:train-00004-of-00007.parquet:rg18:r39,1,calibration,orpheus:recording:Orpheus:train-00004-of-00007.parquet:rg18:r39,,C:\Users\Mahesh\Desktop\Projects\sih-2026\data\syntheticvoice\orpheus_tts_english_indian_multispeaker\data\train-00004-of-00007.parquet,18,39,audio,Orpheus
Orpheus:train-00004-of-00007.parquet:rg18:r40,1,calibration,orpheus:recording:Orpheus:train-00004-of-00007.parquet:rg18:r40,,C:\Users\Mahesh\Desktop\Projects\sih-2026\data\syntheticvoice\orpheus_tts_english_indian_multispeaker\data\train-00004-of-00007.parquet,18,40,audio,Orpheus
Orpheus:train-00004-of-00007.parquet:rg18:r69,1,calibration,orpheus:recording:Orpheus:train-00004-of-00007.parquet:rg18:r69,,C:\Users\Mahesh\Desktop\Projects\sih-2026\data\syntheticvoice\orpheus_tts_english_indian_multispeaker\data\train-00004-of-00007.parquet,18,69,audio,Orpheus
Orpheus:train-00004-of-00007.parquet:rg18:r82,1,calibration,orpheus:recording:Orpheus:train-00004-of-00007.parquet:rg18:r82,,C:\Users\Mahesh\Desktop\Projects\sih-2026\data\syntheticvoice\orpheus_tts_english_indian_multispeaker\data\train-00004-of-00007.parquet,18,82,audio,Orpheus
Orpheus:train-00004-of-00007.parquet:rg18:r95,1,calibration,orpheus:recording:Orpheus:train-00004-of-00007.parquet:rg18:r95,,C:\Users\Mahesh\Desktop\Projects\sih-2026\data\syntheticvoice\orpheus_tts_english_indian_multispeaker\data\train-00004-of-00007.parquet,18,95,audio,Orpheus
Orpheus:train-00005-of-00007.parquet:rg0:r2,1,calibration,orpheus:recording:Orpheus:train-00005-of-00007.parquet:rg0:r2,,C:\Users\Mahesh\Desktop\Projects\sih-2026\data\syntheticvoice\orpheus_tts_english_indian_multispeaker\data\train-00005-of-00007.parquet,0,2,audio,Orpheus
Orpheus:train-00005-of-00007.parquet:rg0:r14,1,calibration,orpheus:recording:Orpheus:train-00005-of-00007.parquet:rg0:r14,,C:\Users\Mahesh\Desktop\Projects\sih-2026\data\syntheticvoice\orpheus_tts_english_indian_multispeaker\data\train-00005-of-00007.parquet,0,14,audio,Orpheus
Orpheus:train-00005-of-00007.parquet:rg0:r15,1,calibration,orpheus:recording:Orpheus:train-00005-of-00007.parquet:rg0:r15,,C:\Users\Mahesh\Desktop\Projects\sih-2026\data\syntheticvoice\orpheus_tts_english_indian_multispeaker\data\train-00005-of-00007.parquet,0,15,audio,Orpheus
Orpheus:train-00005-of-00007.parquet:rg0:r18,1,calibration,orpheus:recording:Orpheus:train-00005-of-00007.parquet:rg0:r18,,C:\Users\Mahesh\Desktop\Projects\sih-2026\data\syntheticvoice\orpheus_tts_english_indian_multispeaker\data\train-00005-of-00007.parquet,0,18,audio,Orpheus
Orpheus:train-00005-of-00007.parquet:rg0:r25,1,calibration,orpheus:recording:Orpheus:train-00005-of-00007.parquet:rg0:r25,,C:\Users\Mahesh\Desktop\Projects\sih-2026\data\syntheticvoice\orpheus_tts_english_indian_multispeaker\data\train-00005-of-00007.parquet,0,25,audio,Orpheus
Orpheus:train-00005-of-00007.parquet:rg0:r28,1,calibration,orpheus:recording:Orpheus:train-00005-of-00007.parquet:rg0:r28,,C:\Users\Mahesh\Desktop\Projects\sih-2026\data\syntheticvoice\orpheus_tts_english_indian_multispeaker\data\train-00005-of-00007.parquet,0,28,audio,Orpheus
Orpheus:train-00005-of-00007.parquet:rg0:r42,1,calibration,orpheus:recording:Orpheus:train-00005-of-00007.parquet:rg0:r42,,C:\Users\Mahesh\Desktop\Projects\sih-2026\data\syntheticvoice\orpheus_tts_english_indian_multispeaker\data\train-00005-of-00007.parquet,0,42,audio,Orpheus
Orpheus:train-00005-of-00007.parquet:rg0:r43,1,calibration,orpheus:recording:Orpheus:train-00005-of-00007.parquet:rg0:r43,,C:\Users\Mahesh\Desktop\Projects\sih-2026\data\syntheticvoice\orpheus_tts_english_indian_multispeaker\data\train-00005-of-00007.parquet,0,43,audio,Orpheus
Orpheus:train-00005-of-00007.parquet:rg0:r54,1,calibration,orpheus:recording:Orpheus:train-00005-of-00007.parquet:rg0:r54,,C:\Users\Mahesh\Desktop\Projects\sih-2026\data\syntheticvoice\orpheus_tts_english_indian_multispeaker\data\train-00005-of-00007.parquet,0,54,audio,Orpheus
Orpheus:train-00005-of-00007.parquet:rg0:r56,1,calibration,orpheus:recording:Orpheus:train-00005-of-00007.parquet:rg0:r56,,C:\Users\Mahesh\Desktop\Projects\sih-2026\data\syntheticvoice\orpheus_tts_english_indian_multispeaker\data\train-00005-of-00007.parquet,0,56,audio,Orpheus
Orpheus:train-00005-of-00007.parquet:rg0:r66,1,calibration,orpheus:recording:Orpheus:train-00005-of-00007.parquet:rg0:r66,,C:\Users\Mahesh\Desktop\Projects\sih-2026\data\syntheticvoice\orpheus_tts_english_indian_multispeaker\data\train-00005-of-00007.parquet,0,66,audio,Orpheus
Orpheus:train-00005-of-00007.parquet:rg0:r73,1,calibration,orpheus:recording:Orpheus:train-00005-of-00007.parquet:rg0:r73,,C:\Users\Mahesh\Desktop\Projects\sih-2026\data\syntheticvoice\orpheus_tts_english_indian_multispeaker\data\train-00005-of-00007.parquet,0,73,audio,Orpheus
Orpheus:train-00005-of-00007.parquet:rg0:r76,1,calibration,orpheus:recording:Orpheus:train-00005-of-00007.parquet:rg0:r76,,C:\Users\Mahesh\Desktop\Projects\sih-2026\data\syntheticvoice\orpheus_tts_english_indian_multispeaker\data\train-00005-of-00007.parquet,0,76,audio,Orpheus
Orpheus:train-00005-of-00007.parquet:rg0:r86,1,calibration,orpheus:recording:Orpheus:train-00005-of-00007.parquet:rg0:r86,,C:\Users\Mahesh\Desktop\Projects\sih-2026\data\syntheticvoice\orpheus_tts_english_indian_multispeaker\data\train-00005-of-00007.parquet,0,86,audio,Orpheus
Orpheus:train-00005-of-00007.parquet:rg0:r92,1,calibration,orpheus:recording:Orpheus:train-00005-of-00007.parquet:rg0:r92,,C:\Users\Mahesh\Desktop\Projects\sih-2026\data\syntheticvoice\orpheus_tts_english_indian_multispeaker\data\train-00005-of-00007.parquet,0,92,audio,Orpheus
Orpheus:train-00005-of-00007.parquet:rg0:r96,1,calibration,orpheus:recording:Orpheus:train-00005-of-00007.parquet:rg0:r96,,C:\Users\Mahesh\Desktop\Projects\sih-2026\data\syntheticvoice\orpheus_tts_english_indian_multispeaker\data\train-00005-of-00007.parquet,0,96,audio,Orpheus
Orpheus:train-00005-of-00007.parquet:rg1:r12,1,calibration,orpheus:recording:Orpheus:train-00005-of-00007.parquet:rg1:r12,,C:\Users\Mahesh\Desktop\Projects\sih-2026\data\syntheticvoice\orpheus_tts_english_indian_multispeaker\data\train-00005-of-00007.parquet,1,12,audio,Orpheus
Orpheus:train-00005-of-00007.parquet:rg1:r20,1,calibration,orpheus:recording:Orpheus:train-00005-of-00007.parquet:rg1:r20,,C:\Users\Mahesh\Desktop\Projects\sih-2026\data\syntheticvoice\orpheus_tts_english_indian_multispeaker\data\train-00005-of-00007.parquet,1,20,audio,Orpheus
Orpheus:train-00005-of-00007.parquet:rg1:r21,1,calibration,orpheus:recording:Orpheus:train-00005-of-00007.parquet:rg1:r21,,C:\Users\Mahesh\Desktop\Projects\sih-2026\data\syntheticvoice\orpheus_tts_english_indian_multispeaker\data\train-00005-of-00007.parquet,1,21,audio,Orpheus
Orpheus:train-00005-of-00007.parquet:rg1:r22,1,calibration,orpheus:recording:Orpheus:train-00005-of-00007.parquet:rg1:r22,,C:\Users\Mahesh\Desktop\Projects\sih-2026\data\syntheticvoice\orpheus_tts_english_indian_multispeaker\data\train-00005-of-00007.parquet,1,22,audio,Orpheus
Orpheus:train-00005-of-00007.parquet:rg1:r25,1,calibration,orpheus:recording:Orpheus:train-00005-of-00007.parquet:rg1:r25,,C:\Users\Mahesh\Desktop\Projects\sih-2026\data\syntheticvoice\orpheus_tts_english_indian_multispeaker\data\train-00005-of-00007.parquet,1,25,audio,Orpheus
Orpheus:train-00005-of-00007.parquet:rg1:r82,1,calibration,orpheus:recording:Orpheus:train-00005-of-00007.parquet:rg1:r82,,C:\Users\Mahesh\Desktop\Projects\sih-2026\data\syntheticvoice\orpheus_tts_english_indian_multispeaker\data\train-00005-of-00007.parquet,1,82,audio,Orpheus
Orpheus:train-00005-of-00007.parquet:rg1:r88,1,calibration,orpheus:recording:Orpheus:train-00005-of-00007.parquet:rg1:r88,,C:\Users\Mahesh\Desktop\Projects\sih-2026\data\syntheticvoice\orpheus_tts_english_indian_multispeaker\data\train-00005-of-00007.parquet,1,88,audio,Orpheus
Orpheus:train-00005-of-00007.parquet:rg2:r3,1,calibration,orpheus:recording:Orpheus:train-00005-of-00007.parquet:rg2:r3,,C:\Users\Mahesh\Desktop\Projects\sih-2026\data\syntheticvoice\orpheus_tts_english_indian_multispeaker\data\train-00005-of-00007.parquet,2,3,audio,Orpheus
Orpheus:train-00005-of-00007.parquet:rg2:r14,1,calibration,orpheus:recording:Orpheus:train-00005-of-00007.parquet:rg2:r14,,C:\Users\Mahesh\Desktop\Projects\sih-2026\data\syntheticvoice\orpheus_tts_english_indian_multispeaker\data\train-00005-of-00007.parquet,2,14,audio,Orpheus
Orpheus:train-00005-of-00007.parquet:rg2:r17,1,calibration,orpheus:recording:Orpheus:train-00005-of-00007.parquet:rg2:r17,,C:\Users\Mahesh\Desktop\Projects\sih-2026\data\syntheticvoice\orpheus_tts_english_indian_multispeaker\data\train-00005-of-00007.parquet,2,17,audio,Orpheus
Orpheus:train-00005-of-00007.parquet:rg2:r30,1,calibration,orpheus:recording:Orpheus:train-00005-of-00007.parquet:rg2:r30,,C:\Users\Mahesh\Desktop\Projects\sih-2026\data\syntheticvoice\orpheus_tts_english_indian_multispeaker\data\train-00005-of-00007.parquet,2,30,audio,Orpheus
Orpheus:train-00005-of-00007.parquet:rg2:r38,1,calibration,orpheus:recording:Orpheus:train-00005-of-00007.parquet:rg2:r38,,C:\Users\Mahesh\Desktop\Projects\sih-2026\data\syntheticvoice\orpheus_tts_english_indian_multispeaker\data\train-00005-of-00007.parquet,2,38,audio,Orpheus
Orpheus:train-00005-of-00007.parquet:rg2:r39,1,calibration,orpheus:recording:Orpheus:train-00005-of-00007.parquet:rg2:r39,,C:\Users\Mahesh\Desktop\Projects\sih-2026\data\syntheticvoice\orpheus_tts_english_indian_multispeaker\data\train-00005-of-00007.parquet,2,39,audio,Orpheus
Orpheus:train-00005-of-00007.parquet:rg2:r47,1,calibration,orpheus:recording:Orpheus:train-00005-of-00007.parquet:rg2:r47,,C:\Users\Mahesh\Desktop\Projects\sih-2026\data\syntheticvoice\orpheus_tts_english_indian_multispeaker\data\train-00005-of-00007.parquet,2,47,audio,Orpheus
Orpheus:train-00005-of-00007.parquet:rg2:r59,1,calibration,orpheus:recording:Orpheus:train-00005-of-00007.parquet:rg2:r59,,C:\Users\Mahesh\Desktop\Projects\sih-2026\data\syntheticvoice\orpheus_tts_english_indian_multispeaker\data\train-00005-of-00007.parquet,2,59,audio,Orpheus
Orpheus:train-00005-of-00007.parquet:rg2:r66,1,calibration,orpheus:recording:Orpheus:train-00005-of-00007.parquet:rg2:r66,,C:\Users\Mahesh\Desktop\Projects\sih-2026\data\syntheticvoice\orpheus_tts_english_indian_multispeaker\data\train-00005-of-00007.parquet,2,66,audio,Orpheus
Orpheus:train-00005-of-00007.parquet:rg2:r67,1,calibration,orpheus:recording:Orpheus:train-00005-of-00007.parquet:rg2:r67,,C:\Users\Mahesh\Desktop\Projects\sih-2026\data\syntheticvoice\orpheus_tts_english_indian_multispeaker\data\train-00005-of-00007.parquet,2,67,audio,Orpheus
Orpheus:train-00005-of-00007.parquet:rg2:r80,1,calibration,orpheus:recording:Orpheus:train-00005-of-00007.parquet:rg2:r80,,C:\Users\Mahesh\Desktop\Projects\sih-2026\data\syntheticvoice\orpheus_tts_english_indian_multispeaker\data\train-00005-of-00007.parquet,2,80,audio,Orpheus
Orpheus:train-00005-of-00007.parquet:rg2:r99,1,calibration,orpheus:recording:Orpheus:train-00005-of-00007.parquet:rg2:r99,,C:\Users\Mahesh\Desktop\Projects\sih-2026\data\syntheticvoice\orpheus_tts_english_indian_multispeaker\data\train-00005-of-00007.parquet,2,99,audio,Orpheus
Orpheus:train-00005-of-00007.parquet:rg3:r11,1,calibration,orpheus:recording:Orpheus:train-00005-of-00007.parquet:rg3:r11,,C:\Users\Mahesh\Desktop\Projects\sih-2026\data\syntheticvoice\orpheus_tts_english_indian_multispeaker\data\train-00005-of-00007.parquet,3,11,audio,Orpheus
Orpheus:train-00005-of-00007.parquet:rg3:r13,1,calibration,orpheus:recording:Orpheus:train-00005-of-00007.parquet:rg3:r13,,C:\Users\Mahesh\Desktop\Projects\sih-2026\data\syntheticvoice\orpheus_tts_english_indian_multispeaker\data\train-00005-of-00007.parquet,3,13,audio,Orpheus
Orpheus:train-00005-of-00007.parquet:rg3:r23,1,calibration,orpheus:recording:Orpheus:train-00005-of-00007.parquet:rg3:r23,,C:\Users\Mahesh\Desktop\Projects\sih-2026\data\syntheticvoice\orpheus_tts_english_indian_multispeaker\data\train-00005-of-00007.parquet,3,23,audio,Orpheus
Orpheus:train-00005-of-00007.parquet:rg3:r25,1,calibration,orpheus:recording:Orpheus:train-00005-of-00007.parquet:rg3:r25,,C:\Users\Mahesh\Desktop\Projects\sih-2026\data\syntheticvoice\orpheus_tts_english_indian_multispeaker\data\train-00005-of-00007.parquet,3,25,audio,Orpheus
Orpheus:train-00005-of-00007.parquet:rg3:r44,1,calibration,orpheus:recording:Orpheus:train-00005-of-00007.parquet:rg3:r44,,C:\Users\Mahesh\Desktop\Projects\sih-2026\data\syntheticvoice\orpheus_tts_english_indian_multispeaker\data\train-00005-of-00007.parquet,3,44,audio,Orpheus
Orpheus:train-00005-of-00007.parquet:rg3:r62,1,calibration,orpheus:recording:Orpheus:train-00005-of-00007.parquet:rg3:r62,,C:\Users\Mahesh\Desktop\Projects\sih-2026\data\syntheticvoice\orpheus_tts_english_indian_multispeaker\data\train-00005-of-00007.parquet,3,62,audio,Orpheus
Orpheus:train-00005-of-00007.parquet:rg3:r63,1,calibration,orpheus:recording:Orpheus:train-00005-of-00007.parquet:rg3:r63,,C:\Users\Mahesh\Desktop\Projects\sih-2026\data\syntheticvoice\orpheus_tts_english_indian_multispeaker\data\train-00005-of-00007.parquet,3,63,audio,Orpheus
Orpheus:train-00005-of-00007.parquet:rg3:r67,1,calibration,orpheus:recording:Orpheus:train-00005-of-00007.parquet:rg3:r67,,C:\Users\Mahesh\Desktop\Projects\sih-2026\data\syntheticvoice\orpheus_tts_english_indian_multispeaker\data\train-00005-of-00007.parquet,3,67,audio,Orpheus
Orpheus:train-00005-of-00007.parquet:rg3:r78,1,calibration,orpheus:recording:Orpheus:train-00005-of-00007.parquet:rg3:r78,,C:\Users\Mahesh\Desktop\Projects\sih-2026\data\syntheticvoice\orpheus_tts_english_indian_multispeaker\data\train-00005-of-00007.parquet,3,78,audio,Orpheus
Orpheus:train-00005-of-00007.parquet:rg3:r87,1,calibration,orpheus:recording:Orpheus:train-00005-of-00007.parquet:rg3:r87,,C:\Users\Mahesh\Desktop\Projects\sih-2026\data\syntheticvoice\orpheus_tts_english_indian_multispeaker\data\train-00005-of-00007.parquet,3,87,audio,Orpheus
Orpheus:train-00005-of-00007.parquet:rg3:r89,1,calibration,orpheus:recording:Orpheus:train-00005-of-00007.parquet:rg3:r89,,C:\Users\Mahesh\Desktop\Projects\sih-2026\data\syntheticvoice\orpheus_tts_english_indian_multispeaker\data\train-00005-of-00007.parquet,3,89,audio,Orpheus
Orpheus:train-00005-of-00007.parquet:rg4:r50,1,calibration,orpheus:recording:Orpheus:train-00005-of-00007.parquet:rg4:r50,,C:\Users\Mahesh\Desktop\Projects\sih-2026\data\syntheticvoice\orpheus_tts_english_indian_multispeaker\data\train-00005-of-00007.parquet,4,50,audio,Orpheus
Orpheus:train-00005-of-00007.parquet:rg4:r51,1,calibration,orpheus:recording:Orpheus:train-00005-of-00007.parquet:rg4:r51,,C:\Users\Mahesh\Desktop\Projects\sih-2026\data\syntheticvoice\orpheus_tts_english_indian_multispeaker\data\train-00005-of-00007.parquet,4,51,audio,Orpheus
Orpheus:train-00005-of-00007.parquet:rg4:r64,1,calibration,orpheus:recording:Orpheus:train-00005-of-00007.parquet:rg4:r64,,C:\Users\Mahesh\Desktop\Projects\sih-2026\data\syntheticvoice\orpheus_tts_english_indian_multispeaker\data\train-00005-of-00007.parquet,4,64,audio,Orpheus
Orpheus:train-00005-of-00007.parquet:rg4:r69,1,calibration,orpheus:recording:Orpheus:train-00005-of-00007.parquet:rg4:r69,,C:\Users\Mahesh\Desktop\Projects\sih-2026\data\syntheticvoice\orpheus_tts_english_indian_multispeaker\data\train-00005-of-00007.parquet,4,69,audio,Orpheus
Orpheus:train-00005-of-00007.parquet:rg4:r88,1,calibration,orpheus:recording:Orpheus:train-00005-of-00007.parquet:rg4:r88,,C:\Users\Mahesh\Desktop\Projects\sih-2026\data\syntheticvoice\orpheus_tts_english_indian_multispeaker\data\train-00005-of-00007.parquet,4,88,audio,Orpheus
Orpheus:train-00005-of-00007.parquet:rg5:r5,1,calibration,orpheus:recording:Orpheus:train-00005-of-00007.parquet:rg5:r5,,C:\Users\Mahesh\Desktop\Projects\sih-2026\data\syntheticvoice\orpheus_tts_english_indian_multispeaker\data\train-00005-of-00007.parquet,5,5,audio,Orpheus
Orpheus:train-00005-of-00007.parquet:rg5:r25,1,calibration,orpheus:recording:Orpheus:train-00005-of-00007.parquet:rg5:r25,,C:\Users\Mahesh\Desktop\Projects\sih-2026\data\syntheticvoice\orpheus_tts_english_indian_multispeaker\data\train-00005-of-00007.parquet,5,25,audio,Orpheus
Orpheus:train-00005-of-00007.parquet:rg5:r68,1,calibration,orpheus:recording:Orpheus:train-00005-of-00007.parquet:rg5:r68,,C:\Users\Mahesh\Desktop\Projects\sih-2026\data\syntheticvoice\orpheus_tts_english_indian_multispeaker\data\train-00005-of-00007.parquet,5,68,audio,Orpheus
Orpheus:train-00005-of-00007.parquet:rg5:r74,1,calibration,orpheus:recording:Orpheus:train-00005-of-00007.parquet:rg5:r74,,C:\Users\Mahesh\Desktop\Projects\sih-2026\data\syntheticvoice\orpheus_tts_english_indian_multispeaker\data\train-00005-of-00007.parquet,5,74,audio,Orpheus
Orpheus:train-00005-of-00007.parquet:rg5:r76,1,calibration,orpheus:recording:Orpheus:train-00005-of-00007.parquet:rg5:r76,,C:\Users\Mahesh\Desktop\Projects\sih-2026\data\syntheticvoice\orpheus_tts_english_indian_multispeaker\data\train-00005-of-00007.parquet,5,76,audio,Orpheus
Orpheus:train-00005-of-00007.parquet:rg5:r88,1,calibration,orpheus:recording:Orpheus:train-00005-of-00007.parquet:rg5:r88,,C:\Users\Mahesh\Desktop\Projects\sih-2026\data\syntheticvoice\orpheus_tts_english_indian_multispeaker\data\train-00005-of-00007.parquet,5,88,audio,Orpheus
Orpheus:train-00005-of-00007.parquet:rg5:r95,1,calibration,orpheus:recording:Orpheus:train-00005-of-00007.parquet:rg5:r95,,C:\Users\Mahesh\Desktop\Projects\sih-2026\data\syntheticvoice\orpheus_tts_english_indian_multispeaker\data\train-00005-of-00007.parquet,5,95,audio,Orpheus
Orpheus:train-00005-of-00007.parquet:rg6:r18,1,calibration,orpheus:recording:Orpheus:train-00005-of-00007.parquet:rg6:r18,,C:\Users\Mahesh\Desktop\Projects\sih-2026\data\syntheticvoice\orpheus_tts_english_indian_multispeaker\data\train-00005-of-00007.parquet,6,18,audio,Orpheus
Orpheus:train-00005-of-00007.parquet:rg6:r39,1,calibration,orpheus:recording:Orpheus:train-00005-of-00007.parquet:rg6:r39,,C:\Users\Mahesh\Desktop\Projects\sih-2026\data\syntheticvoice\orpheus_tts_english_indian_multispeaker\data\train-00005-of-00007.parquet,6,39,audio,Orpheus
Orpheus:train-00005-of-00007.parquet:rg6:r40,1,calibration,orpheus:recording:Orpheus:train-00005-of-00007.parquet:rg6:r40,,C:\Users\Mahesh\Desktop\Projects\sih-2026\data\syntheticvoice\orpheus_tts_english_indian_multispeaker\data\train-00005-of-00007.parquet,6,40,audio,Orpheus
Orpheus:train-00005-of-00007.parquet:rg6:r42,1,calibration,orpheus:recording:Orpheus:train-00005-of-00007.parquet:rg6:r42,,C:\Users\Mahesh\Desktop\Projects\sih-2026\data\syntheticvoice\orpheus_tts_english_indian_multispeaker\data\train-00005-of-00007.parquet,6,42,audio,Orpheus
Orpheus:train-00005-of-00007.parquet:rg6:r45,1,calibration,orpheus:recording:Orpheus:train-00005-of-00007.parquet:rg6:r45,,C:\Users\Mahesh\Desktop\Projects\sih-2026\data\syntheticvoice\orpheus_tts_english_indian_multispeaker\data\train-00005-of-00007.parquet,6,45,audio,Orpheus
Orpheus:train-00005-of-00007.parquet:rg6:r52,1,calibration,orpheus:recording:Orpheus:train-00005-of-00007.parquet:rg6:r52,,C:\Users\Mahesh\Desktop\Projects\sih-2026\data\syntheticvoice\orpheus_tts_english_indian_multispeaker\data\train-00005-of-00007.parquet,6,52,audio,Orpheus
Orpheus:train-00005-of-00007.parquet:rg6:r56,1,calibration,orpheus:recording:Orpheus:train-00005-of-00007.parquet:rg6:r56,,C:\Users\Mahesh\Desktop\Projects\sih-2026\data\syntheticvoice\orpheus_tts_english_indian_multispeaker\data\train-00005-of-00007.parquet,6,56,audio,Orpheus
Orpheus:train-00005-of-00007.parquet:rg6:r72,1,calibration,orpheus:recording:Orpheus:train-00005-of-00007.parquet:rg6:r72,,C:\Users\Mahesh\Desktop\Projects\sih-2026\data\syntheticvoice\orpheus_tts_english_indian_multispeaker\data\train-00005-of-00007.parquet,6,72,audio,Orpheus
Orpheus:train-00005-of-00007.parquet:rg6:r75,1,calibration,orpheus:recording:Orpheus:train-00005-of-00007.parquet:rg6:r75,,C:\Users\Mahesh\Desktop\Projects\sih-2026\data\syntheticvoice\orpheus_tts_english_indian_multispeaker\data\train-00005-of-00007.parquet,6,75,audio,Orpheus
Orpheus:train-00005-of-00007.parquet:rg6:r87,1,calibration,orpheus:recording:Orpheus:train-00005-of-00007.parquet:rg6:r87,,C:\Users\Mahesh\Desktop\Projects\sih-2026\data\syntheticvoice\orpheus_tts_english_indian_multispeaker\data\train-00005-of-00007.parquet,6,87,audio,Orpheus
Orpheus:train-00005-of-00007.parquet:rg7:r6,1,calibration,orpheus:recording:Orpheus:train-00005-of-00007.parquet:rg7:r6,,C:\Users\Mahesh\Desktop\Projects\sih-2026\data\syntheticvoice\orpheus_tts_english_indian_multispeaker\data\train-00005-of-00007.parquet,7,6,audio,Orpheus
Orpheus:train-00005-of-00007.parquet:rg7:r7,1,calibration,orpheus:recording:Orpheus:train-00005-of-00007.parquet:rg7:r7,,C:\Users\Mahesh\Desktop\Projects\sih-2026\data\syntheticvoice\orpheus_tts_english_indian_multispeaker\data\train-00005-of-00007.parquet,7,7,audio,Orpheus
Orpheus:train-00005-of-00007.parquet:rg7:r8,1,calibration,orpheus:recording:Orpheus:train-00005-of-00007.parquet:rg7:r8,,C:\Users\Mahesh\Desktop\Projects\sih-2026\data\syntheticvoice\orpheus_tts_english_indian_multispeaker\data\train-00005-of-00007.parquet,7,8,audio,Orpheus
Orpheus:train-00005-of-00007.parquet:rg7:r9,1,calibration,orpheus:recording:Orpheus:train-00005-of-00007.parquet:rg7:r9,,C:\Users\Mahesh\Desktop\Projects\sih-2026\data\syntheticvoice\orpheus_tts_english_indian_multispeaker\data\train-00005-of-00007.parquet,7,9,audio,Orpheus
Orpheus:train-00005-of-00007.parquet:rg7:r11,1,calibration,orpheus:recording:Orpheus:train-00005-of-00007.parquet:rg7:r11,,C:\Users\Mahesh\Desktop\Projects\sih-2026\data\syntheticvoice\orpheus_tts_english_indian_multispeaker\data\train-00005-of-00007.parquet,7,11,audio,Orpheus
Orpheus:train-00005-of-00007.parquet:rg7:r16,1,calibration,orpheus:recording:Orpheus:train-00005-of-00007.parquet:rg7:r16,,C:\Users\Mahesh\Desktop\Projects\sih-2026\data\syntheticvoice\orpheus_tts_english_indian_multispeaker\data\train-00005-of-00007.parquet,7,16,audio,Orpheus
Orpheus:train-00005-of-00007.parquet:rg7:r36,1,calibration,orpheus:recording:Orpheus:train-00005-of-00007.parquet:rg7:r36,,C:\Users\Mahesh\Desktop\Projects\sih-2026\data\syntheticvoice\orpheus_tts_english_indian_multispeaker\data\train-00005-of-00007.parquet,7,36,audio,Orpheus
Orpheus:train-00005-of-00007.parquet:rg7:r71,1,calibration,orpheus:recording:Orpheus:train-00005-of-00007.parquet:rg7:r71,,C:\Users\Mahesh\Desktop\Projects\sih-2026\data\syntheticvoice\orpheus_tts_english_indian_multispeaker\data\train-00005-of-00007.parquet,7,71,audio,Orpheus
Orpheus:train-00005-of-00007.parquet:rg7:r94,1,calibration,orpheus:recording:Orpheus:train-00005-of-00007.parquet:rg7:r94,,C:\Users\Mahesh\Desktop\Projects\sih-2026\data\syntheticvoice\orpheus_tts_english_indian_multispeaker\data\train-00005-of-00007.parquet,7,94,audio,Orpheus
Orpheus:train-00005-of-00007.parquet:rg8:r12,1,calibration,orpheus:recording:Orpheus:train-00005-of-00007.parquet:rg8:r12,,C:\Users\Mahesh\Desktop\Projects\sih-2026\data\syntheticvoice\orpheus_tts_english_indian_multispeaker\data\train-00005-of-00007.parquet,8,12,audio,Orpheus
Orpheus:train-00005-of-00007.parquet:rg8:r16,1,calibration,orpheus:recording:Orpheus:train-00005-of-00007.parquet:rg8:r16,,C:\Users\Mahesh\Desktop\Projects\sih-2026\data\syntheticvoice\orpheus_tts_english_indian_multispeaker\data\train-00005-of-00007.parquet,8,16,audio,Orpheus
Orpheus:train-00005-of-00007.parquet:rg8:r21,1,calibration,orpheus:recording:Orpheus:train-00005-of-00007.parquet:rg8:r21,,C:\Users\Mahesh\Desktop\Projects\sih-2026\data\syntheticvoice\orpheus_tts_english_indian_multispeaker\data\train-00005-of-00007.parquet,8,21,audio,Orpheus
Orpheus:train-00005-of-00007.parquet:rg8:r27,1,calibration,orpheus:recording:Orpheus:train-00005-of-00007.parquet:rg8:r27,,C:\Users\Mahesh\Desktop\Projects\sih-2026\data\syntheticvoice\orpheus_tts_english_indian_multispeaker\data\train-00005-of-00007.parquet,8,27,audio,Orpheus
Orpheus:train-00005-of-00007.parquet:rg8:r55,1,calibration,orpheus:recording:Orpheus:train-00005-of-00007.parquet:rg8:r55,,C:\Users\Mahesh\Desktop\Projects\sih-2026\data\syntheticvoice\orpheus_tts_english_indian_multispeaker\data\train-00005-of-00007.parquet,8,55,audio,Orpheus
Orpheus:train-00005-of-00007.parquet:rg8:r56,1,calibration,orpheus:recording:Orpheus:train-00005-of-00007.parquet:rg8:r56,,C:\Users\Mahesh\Desktop\Projects\sih-2026\data\syntheticvoice\orpheus_tts_english_indian_multispeaker\data\train-00005-of-00007.parquet,8,56,audio,Orpheus
Orpheus:train-00005-of-00007.parquet:rg8:r82,1,calibration,orpheus:recording:Orpheus:train-00005-of-00007.parquet:rg8:r82,,C:\Users\Mahesh\Desktop\Projects\sih-2026\data\syntheticvoice\orpheus_tts_english_indian_multispeaker\data\train-00005-of-00007.parquet,8,82,audio,Orpheus
Orpheus:train-00005-of-00007.parquet:rg8:r87,1,calibration,orpheus:recording:Orpheus:train-00005-of-00007.parquet:rg8:r87,,C:\Users\Mahesh\Desktop\Projects\sih-2026\data\syntheticvoice\orpheus_tts_english_indian_multispeaker\data\train-00005-of-00007.parquet,8,87,audio,Orpheus
Orpheus:train-00005-of-00007.parquet:rg8:r90,1,calibration,orpheus:recording:Orpheus:train-00005-of-00007.parquet:rg8:r90,,C:\Users\Mahesh\Desktop\Projects\sih-2026\data\syntheticvoice\orpheus_tts_english_indian_multispeaker\data\train-00005-of-00007.parquet,8,90,audio,Orpheus
Orpheus:train-00005-of-00007.parquet:rg8:r91,1,calibration,orpheus:recording:Orpheus:train-00005-of-00007.parquet:rg8:r91,,C:\Users\Mahesh\Desktop\Projects\sih-2026\data\syntheticvoice\orpheus_tts_english_indian_multispeaker\data\train-00005-of-00007.parquet,8,91,audio,Orpheus
Orpheus:train-00005-of-00007.parquet:rg8:r94,1,calibration,orpheus:recording:Orpheus:train-00005-of-00007.parquet:rg8:r94,,C:\Users\Mahesh\Desktop\Projects\sih-2026\data\syntheticvoice\orpheus_tts_english_indian_multispeaker\data\train-00005-of-00007.parquet,8,94,audio,Orpheus
Orpheus:train-00005-of-00007.parquet:rg9:r14,1,calibration,orpheus:recording:Orpheus:train-00005-of-00007.parquet:rg9:r14,,C:\Users\Mahesh\Desktop\Projects\sih-2026\data\syntheticvoice\orpheus_tts_english_indian_multispeaker\data\train-00005-of-00007.parquet,9,14,audio,Orpheus
Orpheus:train-00005-of-00007.parquet:rg9:r50,1,calibration,orpheus:recording:Orpheus:train-00005-of-00007.parquet:rg9:r50,,C:\Users\Mahesh\Desktop\Projects\sih-2026\data\syntheticvoice\orpheus_tts_english_indian_multispeaker\data\train-00005-of-00007.parquet,9,50,audio,Orpheus
Orpheus:train-00005-of-00007.parquet:rg9:r70,1,calibration,orpheus:recording:Orpheus:train-00005-of-00007.parquet:rg9:r70,,C:\Users\Mahesh\Desktop\Projects\sih-2026\data\syntheticvoice\orpheus_tts_english_indian_multispeaker\data\train-00005-of-00007.parquet,9,70,audio,Orpheus
Orpheus:train-00005-of-00007.parquet:rg9:r75,1,calibration,orpheus:recording:Orpheus:train-00005-of-00007.parquet:rg9:r75,,C:\Users\Mahesh\Desktop\Projects\sih-2026\data\syntheticvoice\orpheus_tts_english_indian_multispeaker\data\train-00005-of-00007.parquet,9,75,audio,Orpheus
Orpheus:train-00005-of-00007.parquet:rg9:r78,1,calibration,orpheus:recording:Orpheus:train-00005-of-00007.parquet:rg9:r78,,C:\Users\Mahesh\Desktop\Projects\sih-2026\data\syntheticvoice\orpheus_tts_english_indian_multispeaker\data\train-00005-of-00007.parquet,9,78,audio,Orpheus
Orpheus:train-00005-of-00007.parquet:rg9:r80,1,calibration,orpheus:recording:Orpheus:train-00005-of-00007.parquet:rg9:r80,,C:\Users\Mahesh\Desktop\Projects\sih-2026\data\syntheticvoice\orpheus_tts_english_indian_multispeaker\data\train-00005-of-00007.parquet,9,80,audio,Orpheus
Orpheus:train-00005-of-00007.parquet:rg9:r95,1,calibration,orpheus:recording:Orpheus:train-00005-of-00007.parquet:rg9:r95,,C:\Users\Mahesh\Desktop\Projects\sih-2026\data\syntheticvoice\orpheus_tts_english_indian_multispeaker\data\train-00005-of-00007.parquet,9,95,audio,Orpheus
Orpheus:train-00005-of-00007.parquet:rg9:r98,1,calibration,orpheus:recording:Orpheus:train-00005-of-00007.parquet:rg9:r98,,C:\Users\Mahesh\Desktop\Projects\sih-2026\data\syntheticvoice\orpheus_tts_english_indian_multispeaker\data\train-00005-of-00007.parquet,9,98,audio,Orpheus
Orpheus:train-00005-of-00007.parquet:rg9:r99,1,calibration,orpheus:recording:Orpheus:train-00005-of-00007.parquet:rg9:r99,,C:\Users\Mahesh\Desktop\Projects\sih-2026\data\syntheticvoice\orpheus_tts_english_indian_multispeaker\data\train-00005-of-00007.parquet,9,99,audio,Orpheus
Orpheus:train-00005-of-00007.parquet:rg10:r7,1,calibration,orpheus:recording:Orpheus:train-00005-of-00007.parquet:rg10:r7,,C:\Users\Mahesh\Desktop\Projects\sih-2026\data\syntheticvoice\orpheus_tts_english_indian_multispeaker\data\train-00005-of-00007.parquet,10,7,audio,Orpheus
Orpheus:train-00005-of-00007.parquet:rg10:r13,1,calibration,orpheus:recording:Orpheus:train-00005-of-00007.parquet:rg10:r13,,C:\Users\Mahesh\Desktop\Projects\sih-2026\data\syntheticvoice\orpheus_tts_english_indian_multispeaker\data\train-00005-of-00007.parquet,10,13,audio,Orpheus
Orpheus:train-00005-of-00007.parquet:rg10:r63,1,calibration,orpheus:recording:Orpheus:train-00005-of-00007.parquet:rg10:r63,,C:\Users\Mahesh\Desktop\Projects\sih-2026\data\syntheticvoice\orpheus_tts_english_indian_multispeaker\data\train-00005-of-00007.parquet,10,63,audio,Orpheus
Orpheus:train-00005-of-00007.parquet:rg10:r70,1,calibration,orpheus:recording:Orpheus:train-00005-of-00007.parquet:rg10:r70,,C:\Users\Mahesh\Desktop\Projects\sih-2026\data\syntheticvoice\orpheus_tts_english_indian_multispeaker\data\train-00005-of-00007.parquet,10,70,audio,Orpheus
Orpheus:train-00005-of-00007.parquet:rg10:r73,1,calibration,orpheus:recording:Orpheus:train-00005-of-00007.parquet:rg10:r73,,C:\Users\Mahesh\Desktop\Projects\sih-2026\data\syntheticvoice\orpheus_tts_english_indian_multispeaker\data\train-00005-of-00007.parquet,10,73,audio,Orpheus
Orpheus:train-00005-of-00007.parquet:rg10:r75,1,calibration,orpheus:recording:Orpheus:train-00005-of-00007.parquet:rg10:r75,,C:\Users\Mahesh\Desktop\Projects\sih-2026\data\syntheticvoice\orpheus_tts_english_indian_multispeaker\data\train-00005-of-00007.parquet,10,75,audio,Orpheus
Orpheus:train-00005-of-00007.parquet:rg10:r80,1,calibration,orpheus:recording:Orpheus:train-00005-of-00007.parquet:rg10:r80,,C:\Users\Mahesh\Desktop\Projects\sih-2026\data\syntheticvoice\orpheus_tts_english_indian_multispeaker\data\train-00005-of-00007.parquet,10,80,audio,Orpheus
Orpheus:train-00005-of-00007.parquet:rg10:r85,1,calibration,orpheus:recording:Orpheus:train-00005-of-00007.parquet:rg10:r85,,C:\Users\Mahesh\Desktop\Projects\sih-2026\data\syntheticvoice\orpheus_tts_english_indian_multispeaker\data\train-00005-of-00007.parquet,10,85,audio,Orpheus
Orpheus:train-00005-of-00007.parquet:rg11:r8,1,calibration,orpheus:recording:Orpheus:train-00005-of-00007.parquet:rg11:r8,,C:\Users\Mahesh\Desktop\Projects\sih-2026\data\syntheticvoice\orpheus_tts_english_indian_multispeaker\data\train-00005-of-00007.parquet,11,8,audio,Orpheus
Orpheus:train-00005-of-00007.parquet:rg11:r9,1,calibration,orpheus:recording:Orpheus:train-00005-of-00007.parquet:rg11:r9,,C:\Users\Mahesh\Desktop\Projects\sih-2026\data\syntheticvoice\orpheus_tts_english_indian_multispeaker\data\train-00005-of-00007.parquet,11,9,audio,Orpheus
Orpheus:train-00005-of-00007.parquet:rg11:r30,1,calibration,orpheus:recording:Orpheus:train-00005-of-00007.parquet:rg11:r30,,C:\Users\Mahesh\Desktop\Projects\sih-2026\data\syntheticvoice\orpheus_tts_english_indian_multispeaker\data\train-00005-of-00007.parquet,11,30,audio,Orpheus
Orpheus:train-00005-of-00007.parquet:rg11:r38,1,calibration,orpheus:recording:Orpheus:train-00005-of-00007.parquet:rg11:r38,,C:\Users\Mahesh\Desktop\Projects\sih-2026\data\syntheticvoice\orpheus_tts_english_indian_multispeaker\data\train-00005-of-00007.parquet,11,38,audio,Orpheus
Orpheus:train-00005-of-00007.parquet:rg11:r39,1,calibration,orpheus:recording:Orpheus:train-00005-of-00007.parquet:rg11:r39,,C:\Users\Mahesh\Desktop\Projects\sih-2026\data\syntheticvoice\orpheus_tts_english_indian_multispeaker\data\train-00005-of-00007.parquet,11,39,audio,Orpheus
Orpheus:train-00005-of-00007.parquet:rg11:r47,1,calibration,orpheus:recording:Orpheus:train-00005-of-00007.parquet:rg11:r47,,C:\Users\Mahesh\Desktop\Projects\sih-2026\data\syntheticvoice\orpheus_tts_english_indian_multispeaker\data\train-00005-of-00007.parquet,11,47,audio,Orpheus
Orpheus:train-00005-of-00007.parquet:rg11:r71,1,calibration,orpheus:recording:Orpheus:train-00005-of-00007.parquet:rg11:r71,,C:\Users\Mahesh\Desktop\Projects\sih-2026\data\syntheticvoice\orpheus_tts_english_indian_multispeaker\data\train-00005-of-00007.parquet,11,71,audio,Orpheus
Orpheus:train-00005-of-00007.parquet:rg11:r85,1,calibration,orpheus:recording:Orpheus:train-00005-of-00007.parquet:rg11:r85,,C:\Users\Mahesh\Desktop\Projects\sih-2026\data\syntheticvoice\orpheus_tts_english_indian_multispeaker\data\train-00005-of-00007.parquet,11,85,audio,Orpheus
Orpheus:train-00005-of-00007.parquet:rg12:r8,1,calibration,orpheus:recording:Orpheus:train-00005-of-00007.parquet:rg12:r8,,C:\Users\Mahesh\Desktop\Projects\sih-2026\data\syntheticvoice\orpheus_tts_english_indian_multispeaker\data\train-00005-of-00007.parquet,12,8,audio,Orpheus
Orpheus:train-00005-of-00007.parquet:rg12:r20,1,calibration,orpheus:recording:Orpheus:train-00005-of-00007.parquet:rg12:r20,,C:\Users\Mahesh\Desktop\Projects\sih-2026\data\syntheticvoice\orpheus_tts_english_indian_multispeaker\data\train-00005-of-00007.parquet,12,20,audio,Orpheus
Orpheus:train-00005-of-00007.parquet:rg12:r27,1,calibration,orpheus:recording:Orpheus:train-00005-of-00007.parquet:rg12:r27,,C:\Users\Mahesh\Desktop\Projects\sih-2026\data\syntheticvoice\orpheus_tts_english_indian_multispeaker\data\train-00005-of-00007.parquet,12,27,audio,Orpheus
Orpheus:train-00005-of-00007.parquet:rg12:r53,1,calibration,orpheus:recording:Orpheus:train-00005-of-00007.parquet:rg12:r53,,C:\Users\Mahesh\Desktop\Projects\sih-2026\data\syntheticvoice\orpheus_tts_english_indian_multispeaker\data\train-00005-of-00007.parquet,12,53,audio,Orpheus
Orpheus:train-00005-of-00007.parquet:rg12:r56,1,calibration,orpheus:recording:Orpheus:train-00005-of-00007.parquet:rg12:r56,,C:\Users\Mahesh\Desktop\Projects\sih-2026\data\syntheticvoice\orpheus_tts_english_indian_multispeaker\data\train-00005-of-00007.parquet,12,56,audio,Orpheus
Orpheus:train-00005-of-00007.parquet:rg12:r63,1,calibration,orpheus:recording:Orpheus:train-00005-of-00007.parquet:rg12:r63,,C:\Users\Mahesh\Desktop\Projects\sih-2026\data\syntheticvoice\orpheus_tts_english_indian_multispeaker\data\train-00005-of-00007.parquet,12,63,audio,Orpheus
Orpheus:train-00005-of-00007.parquet:rg12:r64,1,calibration,orpheus:recording:Orpheus:train-00005-of-00007.parquet:rg12:r64,,C:\Users\Mahesh\Desktop\Projects\sih-2026\data\syntheticvoice\orpheus_tts_english_indian_multispeaker\data\train-00005-of-00007.parquet,12,64,audio,Orpheus
Orpheus:train-00005-of-00007.parquet:rg12:r73,1,calibration,orpheus:recording:Orpheus:train-00005-of-00007.parquet:rg12:r73,,C:\Users\Mahesh\Desktop\Projects\sih-2026\data\syntheticvoice\orpheus_tts_english_indian_multispeaker\data\train-00005-of-00007.parquet,12,73,audio,Orpheus
Orpheus:train-00005-of-00007.parquet:rg12:r74,1,calibration,orpheus:recording:Orpheus:train-00005-of-00007.parquet:rg12:r74,,C:\Users\Mahesh\Desktop\Projects\sih-2026\data\syntheticvoice\orpheus_tts_english_indian_multispeaker\data\train-00005-of-00007.parquet,12,74,audio,Orpheus
Orpheus:train-00005-of-00007.parquet:rg12:r78,1,calibration,orpheus:recording:Orpheus:train-00005-of-00007.parquet:rg12:r78,,C:\Users\Mahesh\Desktop\Projects\sih-2026\data\syntheticvoice\orpheus_tts_english_indian_multispeaker\data\train-00005-of-00007.parquet,12,78,audio,Orpheus
Orpheus:train-00005-of-00007.parquet:rg13:r11,1,calibration,orpheus:recording:Orpheus:train-00005-of-00007.parquet:rg13:r11,,C:\Users\Mahesh\Desktop\Projects\sih-2026\data\syntheticvoice\orpheus_tts_english_indian_multispeaker\data\train-00005-of-00007.parquet,13,11,audio,Orpheus
Orpheus:train-00005-of-00007.parquet:rg13:r12,1,calibration,orpheus:recording:Orpheus:train-00005-of-00007.parquet:rg13:r12,,C:\Users\Mahesh\Desktop\Projects\sih-2026\data\syntheticvoice\orpheus_tts_english_indian_multispeaker\data\train-00005-of-00007.parquet,13,12,audio,Orpheus
Orpheus:train-00005-of-00007.parquet:rg13:r34,1,calibration,orpheus:recording:Orpheus:train-00005-of-00007.parquet:rg13:r34,,C:\Users\Mahesh\Desktop\Projects\sih-2026\data\syntheticvoice\orpheus_tts_english_indian_multispeaker\data\train-00005-of-00007.parquet,13,34,audio,Orpheus
Orpheus:train-00005-of-00007.parquet:rg13:r57,1,calibration,orpheus:recording:Orpheus:train-00005-of-00007.parquet:rg13:r57,,C:\Users\Mahesh\Desktop\Projects\sih-2026\data\syntheticvoice\orpheus_tts_english_indian_multispeaker\data\train-00005-of-00007.parquet,13,57,audio,Orpheus
Orpheus:train-00005-of-00007.parquet:rg13:r63,1,calibration,orpheus:recording:Orpheus:train-00005-of-00007.parquet:rg13:r63,,C:\Users\Mahesh\Desktop\Projects\sih-2026\data\syntheticvoice\orpheus_tts_english_indian_multispeaker\data\train-00005-of-00007.parquet,13,63,audio,Orpheus
Orpheus:train-00005-of-00007.parquet:rg13:r68,1,calibration,orpheus:recording:Orpheus:train-00005-of-00007.parquet:rg13:r68,,C:\Users\Mahesh\Desktop\Projects\sih-2026\data\syntheticvoice\orpheus_tts_english_indian_multispeaker\data\train-00005-of-00007.parquet,13,68,audio,Orpheus
Orpheus:train-00005-of-00007.parquet:rg14:r11,1,calibration,orpheus:recording:Orpheus:train-00005-of-00007.parquet:rg14:r11,,C:\Users\Mahesh\Desktop\Projects\sih-2026\data\syntheticvoice\orpheus_tts_english_indian_multispeaker\data\train-00005-of-00007.parquet,14,11,audio,Orpheus
Orpheus:train-00005-of-00007.parquet:rg14:r13,1,calibration,orpheus:recording:Orpheus:train-00005-of-00007.parquet:rg14:r13,,C:\Users\Mahesh\Desktop\Projects\sih-2026\data\syntheticvoice\orpheus_tts_english_indian_multispeaker\data\train-00005-of-00007.parquet,14,13,audio,Orpheus
Orpheus:train-00005-of-00007.parquet:rg14:r21,1,calibration,orpheus:recording:Orpheus:train-00005-of-00007.parquet:rg14:r21,,C:\Users\Mahesh\Desktop\Projects\sih-2026\data\syntheticvoice\orpheus_tts_english_indian_multispeaker\data\train-00005-of-00007.parquet,14,21,audio,Orpheus
Orpheus:train-00005-of-00007.parquet:rg14:r23,1,calibration,orpheus:recording:Orpheus:train-00005-of-00007.parquet:rg14:r23,,C:\Users\Mahesh\Desktop\Projects\sih-2026\data\syntheticvoice\orpheus_tts_english_indian_multispeaker\data\train-00005-of-00007.parquet,14,23,audio,Orpheus
Orpheus:train-00005-of-00007.parquet:rg14:r24,1,calibration,orpheus:recording:Orpheus:train-00005-of-00007.parquet:rg14:r24,,C:\Users\Mahesh\Desktop\Projects\sih-2026\data\syntheticvoice\orpheus_tts_english_indian_multispeaker\data\train-00005-of-00007.parquet,14,24,audio,Orpheus
Orpheus:train-00005-of-00007.parquet:rg14:r29,1,calibration,orpheus:recording:Orpheus:train-00005-of-00007.parquet:rg14:r29,,C:\Users\Mahesh\Desktop\Projects\sih-2026\data\syntheticvoice\orpheus_tts_english_indian_multispeaker\data\train-00005-of-00007.parquet,14,29,audio,Orpheus
Orpheus:train-00005-of-00007.parquet:rg14:r44,1,calibration,orpheus:recording:Orpheus:train-00005-of-00007.parquet:rg14:r44,,C:\Users\Mahesh\Desktop\Projects\sih-2026\data\syntheticvoice\orpheus_tts_english_indian_multispeaker\data\train-00005-of-00007.parquet,14,44,audio,Orpheus
Orpheus:train-00005-of-00007.parquet:rg14:r81,1,calibration,orpheus:recording:Orpheus:train-00005-of-00007.parquet:rg14:r81,,C:\Users\Mahesh\Desktop\Projects\sih-2026\data\syntheticvoice\orpheus_tts_english_indian_multispeaker\data\train-00005-of-00007.parquet,14,81,audio,Orpheus
Orpheus:train-00005-of-00007.parquet:rg14:r93,1,calibration,orpheus:recording:Orpheus:train-00005-of-00007.parquet:rg14:r93,,C:\Users\Mahesh\Desktop\Projects\sih-2026\data\syntheticvoice\orpheus_tts_english_indian_multispeaker\data\train-00005-of-00007.parquet,14,93,audio,Orpheus
Orpheus:train-00005-of-00007.parquet:rg15:r0,1,calibration,orpheus:recording:Orpheus:train-00005-of-00007.parquet:rg15:r0,,C:\Users\Mahesh\Desktop\Projects\sih-2026\data\syntheticvoice\orpheus_tts_english_indian_multispeaker\data\train-00005-of-00007.parquet,15,0,audio,Orpheus
Orpheus:train-00005-of-00007.parquet:rg15:r2,1,calibration,orpheus:recording:Orpheus:train-00005-of-00007.parquet:rg15:r2,,C:\Users\Mahesh\Desktop\Projects\sih-2026\data\syntheticvoice\orpheus_tts_english_indian_multispeaker\data\train-00005-of-00007.parquet,15,2,audio,Orpheus
Orpheus:train-00005-of-00007.parquet:rg15:r16,1,calibration,orpheus:recording:Orpheus:train-00005-of-00007.parquet:rg15:r16,,C:\Users\Mahesh\Desktop\Projects\sih-2026\data\syntheticvoice\orpheus_tts_english_indian_multispeaker\data\train-00005-of-00007.parquet,15,16,audio,Orpheus
Orpheus:train-00005-of-00007.parquet:rg15:r21,1,calibration,orpheus:recording:Orpheus:train-00005-of-00007.parquet:rg15:r21,,C:\Users\Mahesh\Desktop\Projects\sih-2026\data\syntheticvoice\orpheus_tts_english_indian_multispeaker\data\train-00005-of-00007.parquet,15,21,audio,Orpheus
Orpheus:train-00005-of-00007.parquet:rg15:r24,1,calibration,orpheus:recording:Orpheus:train-00005-of-00007.parquet:rg15:r24,,C:\Users\Mahesh\Desktop\Projects\sih-2026\data\syntheticvoice\orpheus_tts_english_indian_multispeaker\data\train-00005-of-00007.parquet,15,24,audio,Orpheus
Orpheus:train-00005-of-00007.parquet:rg15:r38,1,calibration,orpheus:recording:Orpheus:train-00005-of-00007.parquet:rg15:r38,,C:\Users\Mahesh\Desktop\Projects\sih-2026\data\syntheticvoice\orpheus_tts_english_indian_multispeaker\data\train-00005-of-00007.parquet,15,38,audio,Orpheus
Orpheus:train-00005-of-00007.parquet:rg15:r41,1,calibration,orpheus:recording:Orpheus:train-00005-of-00007.parquet:rg15:r41,,C:\Users\Mahesh\Desktop\Projects\sih-2026\data\syntheticvoice\orpheus_tts_english_indian_multispeaker\data\train-00005-of-00007.parquet,15,41,audio,Orpheus
Orpheus:train-00005-of-00007.parquet:rg15:r55,1,calibration,orpheus:recording:Orpheus:train-00005-of-00007.parquet:rg15:r55,,C:\Users\Mahesh\Desktop\Projects\sih-2026\data\syntheticvoice\orpheus_tts_english_indian_multispeaker\data\train-00005-of-00007.parquet,15,55,audio,Orpheus
Orpheus:train-00005-of-00007.parquet:rg15:r60,1,calibration,orpheus:recording:Orpheus:train-00005-of-00007.parquet:rg15:r60,,C:\Users\Mahesh\Desktop\Projects\sih-2026\data\syntheticvoice\orpheus_tts_english_indian_multispeaker\data\train-00005-of-00007.parquet,15,60,audio,Orpheus
Orpheus:train-00005-of-00007.parquet:rg15:r64,1,calibration,orpheus:recording:Orpheus:train-00005-of-00007.parquet:rg15:r64,,C:\Users\Mahesh\Desktop\Projects\sih-2026\data\syntheticvoice\orpheus_tts_english_indian_multispeaker\data\train-00005-of-00007.parquet,15,64,audio,Orpheus
Orpheus:train-00005-of-00007.parquet:rg15:r94,1,calibration,orpheus:recording:Orpheus:train-00005-of-00007.parquet:rg15:r94,,C:\Users\Mahesh\Desktop\Projects\sih-2026\data\syntheticvoice\orpheus_tts_english_indian_multispeaker\data\train-00005-of-00007.parquet,15,94,audio,Orpheus
Orpheus:train-00005-of-00007.parquet:rg16:r17,1,calibration,orpheus:recording:Orpheus:train-00005-of-00007.parquet:rg16:r17,,C:\Users\Mahesh\Desktop\Projects\sih-2026\data\syntheticvoice\orpheus_tts_english_indian_multispeaker\data\train-00005-of-00007.parquet,16,17,audio,Orpheus
Orpheus:train-00005-of-00007.parquet:rg16:r18,1,calibration,orpheus:recording:Orpheus:train-00005-of-00007.parquet:rg16:r18,,C:\Users\Mahesh\Desktop\Projects\sih-2026\data\syntheticvoice\orpheus_tts_english_indian_multispeaker\data\train-00005-of-00007.parquet,16,18,audio,Orpheus
Orpheus:train-00005-of-00007.parquet:rg16:r21,1,calibration,orpheus:recording:Orpheus:train-00005-of-00007.parquet:rg16:r21,,C:\Users\Mahesh\Desktop\Projects\sih-2026\data\syntheticvoice\orpheus_tts_english_indian_multispeaker\data\train-00005-of-00007.parquet,16,21,audio,Orpheus
Orpheus:train-00005-of-00007.parquet:rg16:r26,1,calibration,orpheus:recording:Orpheus:train-00005-of-00007.parquet:rg16:r26,,C:\Users\Mahesh\Desktop\Projects\sih-2026\data\syntheticvoice\orpheus_tts_english_indian_multispeaker\data\train-00005-of-00007.parquet,16,26,audio,Orpheus
Orpheus:train-00005-of-00007.parquet:rg16:r28,1,calibration,orpheus:recording:Orpheus:train-00005-of-00007.parquet:rg16:r28,,C:\Users\Mahesh\Desktop\Projects\sih-2026\data\syntheticvoice\orpheus_tts_english_indian_multispeaker\data\train-00005-of-00007.parquet,16,28,audio,Orpheus
Orpheus:train-00005-of-00007.parquet:rg16:r33,1,calibration,orpheus:recording:Orpheus:train-00005-of-00007.parquet:rg16:r33,,C:\Users\Mahesh\Desktop\Projects\sih-2026\data\syntheticvoice\orpheus_tts_english_indian_multispeaker\data\train-00005-of-00007.parquet,16,33,audio,Orpheus
Orpheus:train-00005-of-00007.parquet:rg16:r43,1,calibration,orpheus:recording:Orpheus:train-00005-of-00007.parquet:rg16:r43,,C:\Users\Mahesh\Desktop\Projects\sih-2026\data\syntheticvoice\orpheus_tts_english_indian_multispeaker\data\train-00005-of-00007.parquet,16,43,audio,Orpheus
Orpheus:train-00005-of-00007.parquet:rg16:r53,1,calibration,orpheus:recording:Orpheus:train-00005-of-00007.parquet:rg16:r53,,C:\Users\Mahesh\Desktop\Projects\sih-2026\data\syntheticvoice\orpheus_tts_english_indian_multispeaker\data\train-00005-of-00007.parquet,16,53,audio,Orpheus
Orpheus:train-00005-of-00007.parquet:rg16:r62,1,calibration,orpheus:recording:Orpheus:train-00005-of-00007.parquet:rg16:r62,,C:\Users\Mahesh\Desktop\Projects\sih-2026\data\syntheticvoice\orpheus_tts_english_indian_multispeaker\data\train-00005-of-00007.parquet,16,62,audio,Orpheus
Orpheus:train-00005-of-00007.parquet:rg16:r69,1,calibration,orpheus:recording:Orpheus:train-00005-of-00007.parquet:rg16:r69,,C:\Users\Mahesh\Desktop\Projects\sih-2026\data\syntheticvoice\orpheus_tts_english_indian_multispeaker\data\train-00005-of-00007.parquet,16,69,audio,Orpheus
Orpheus:train-00005-of-00007.parquet:rg16:r73,1,calibration,orpheus:recording:Orpheus:train-00005-of-00007.parquet:rg16:r73,,C:\Users\Mahesh\Desktop\Projects\sih-2026\data\syntheticvoice\orpheus_tts_english_indian_multispeaker\data\train-00005-of-00007.parquet,16,73,audio,Orpheus
Orpheus:train-00005-of-00007.parquet:rg16:r77,1,calibration,orpheus:recording:Orpheus:train-00005-of-00007.parquet:rg16:r77,,C:\Users\Mahesh\Desktop\Projects\sih-2026\data\syntheticvoice\orpheus_tts_english_indian_multispeaker\data\train-00005-of-00007.parquet,16,77,audio,Orpheus
Orpheus:train-00005-of-00007.parquet:rg16:r80,1,calibration,orpheus:recording:Orpheus:train-00005-of-00007.parquet:rg16:r80,,C:\Users\Mahesh\Desktop\Projects\sih-2026\data\syntheticvoice\orpheus_tts_english_indian_multispeaker\data\train-00005-of-00007.parquet,16,80,audio,Orpheus
Orpheus:train-00005-of-00007.parquet:rg16:r81,1,calibration,orpheus:recording:Orpheus:train-00005-of-00007.parquet:rg16:r81,,C:\Users\Mahesh\Desktop\Projects\sih-2026\data\syntheticvoice\orpheus_tts_english_indian_multispeaker\data\train-00005-of-00007.parquet,16,81,audio,Orpheus
Orpheus:train-00005-of-00007.parquet:rg16:r86,1,calibration,orpheus:recording:Orpheus:train-00005-of-00007.parquet:rg16:r86,,C:\Users\Mahesh\Desktop\Projects\sih-2026\data\syntheticvoice\orpheus_tts_english_indian_multispeaker\data\train-00005-of-00007.parquet,16,86,audio,Orpheus
Orpheus:train-00005-of-00007.parquet:rg17:r1,1,calibration,orpheus:recording:Orpheus:train-00005-of-00007.parquet:rg17:r1,,C:\Users\Mahesh\Desktop\Projects\sih-2026\data\syntheticvoice\orpheus_tts_english_indian_multispeaker\data\train-00005-of-00007.parquet,17,1,audio,Orpheus
Orpheus:train-00005-of-00007.parquet:rg17:r13,1,calibration,orpheus:recording:Orpheus:train-00005-of-00007.parquet:rg17:r13,,C:\Users\Mahesh\Desktop\Projects\sih-2026\data\syntheticvoice\orpheus_tts_english_indian_multispeaker\data\train-00005-of-00007.parquet,17,13,audio,Orpheus
Orpheus:train-00005-of-00007.parquet:rg17:r24,1,calibration,orpheus:recording:Orpheus:train-00005-of-00007.parquet:rg17:r24,,C:\Users\Mahesh\Desktop\Projects\sih-2026\data\syntheticvoice\orpheus_tts_english_indian_multispeaker\data\train-00005-of-00007.parquet,17,24,audio,Orpheus
Orpheus:train-00005-of-00007.parquet:rg17:r42,1,calibration,orpheus:recording:Orpheus:train-00005-of-00007.parquet:rg17:r42,,C:\Users\Mahesh\Desktop\Projects\sih-2026\data\syntheticvoice\orpheus_tts_english_indian_multispeaker\data\train-00005-of-00007.parquet,17,42,audio,Orpheus
Orpheus:train-00005-of-00007.parquet:rg17:r78,1,calibration,orpheus:recording:Orpheus:train-00005-of-00007.parquet:rg17:r78,,C:\Users\Mahesh\Desktop\Projects\sih-2026\data\syntheticvoice\orpheus_tts_english_indian_multispeaker\data\train-00005-of-00007.parquet,17,78,audio,Orpheus
Orpheus:train-00005-of-00007.parquet:rg17:r81,1,calibration,orpheus:recording:Orpheus:train-00005-of-00007.parquet:rg17:r81,,C:\Users\Mahesh\Desktop\Projects\sih-2026\data\syntheticvoice\orpheus_tts_english_indian_multispeaker\data\train-00005-of-00007.parquet,17,81,audio,Orpheus
Orpheus:train-00005-of-00007.parquet:rg17:r85,1,calibration,orpheus:recording:Orpheus:train-00005-of-00007.parquet:rg17:r85,,C:\Users\Mahesh\Desktop\Projects\sih-2026\data\syntheticvoice\orpheus_tts_english_indian_multispeaker\data\train-00005-of-00007.parquet,17,85,audio,Orpheus
Orpheus:train-00005-of-00007.parquet:rg17:r94,1,calibration,orpheus:recording:Orpheus:train-00005-of-00007.parquet:rg17:r94,,C:\Users\Mahesh\Desktop\Projects\sih-2026\data\syntheticvoice\orpheus_tts_english_indian_multispeaker\data\train-00005-of-00007.parquet,17,94,audio,Orpheus
Orpheus:train-00005-of-00007.parquet:rg17:r97,1,calibration,orpheus:recording:Orpheus:train-00005-of-00007.parquet:rg17:r97,,C:\Users\Mahesh\Desktop\Projects\sih-2026\data\syntheticvoice\orpheus_tts_english_indian_multispeaker\data\train-00005-of-00007.parquet,17,97,audio,Orpheus
Orpheus:train-00005-of-00007.parquet:rg17:r98,1,calibration,orpheus:recording:Orpheus:train-00005-of-00007.parquet:rg17:r98,,C:\Users\Mahesh\Desktop\Projects\sih-2026\data\syntheticvoice\orpheus_tts_english_indian_multispeaker\data\train-00005-of-00007.parquet,17,98,audio,Orpheus
Orpheus:train-00005-of-00007.parquet:rg18:r9,1,calibration,orpheus:recording:Orpheus:train-00005-of-00007.parquet:rg18:r9,,C:\Users\Mahesh\Desktop\Projects\sih-2026\data\syntheticvoice\orpheus_tts_english_indian_multispeaker\data\train-00005-of-00007.parquet,18,9,audio,Orpheus
Orpheus:train-00005-of-00007.parquet:rg18:r16,1,calibration,orpheus:recording:Orpheus:train-00005-of-00007.parquet:rg18:r16,,C:\Users\Mahesh\Desktop\Projects\sih-2026\data\syntheticvoice\orpheus_tts_english_indian_multispeaker\data\train-00005-of-00007.parquet,18,16,audio,Orpheus
Orpheus:train-00005-of-00007.parquet:rg18:r21,1,calibration,orpheus:recording:Orpheus:train-00005-of-00007.parquet:rg18:r21,,C:\Users\Mahesh\Desktop\Projects\sih-2026\data\syntheticvoice\orpheus_tts_english_indian_multispeaker\data\train-00005-of-00007.parquet,18,21,audio,Orpheus
Orpheus:train-00005-of-00007.parquet:rg18:r26,1,calibration,orpheus:recording:Orpheus:train-00005-of-00007.parquet:rg18:r26,,C:\Users\Mahesh\Desktop\Projects\sih-2026\data\syntheticvoice\orpheus_tts_english_indian_multispeaker\data\train-00005-of-00007.parquet,18,26,audio,Orpheus
Orpheus:train-00005-of-00007.parquet:rg18:r53,1,calibration,orpheus:recording:Orpheus:train-00005-of-00007.parquet:rg18:r53,,C:\Users\Mahesh\Desktop\Projects\sih-2026\data\syntheticvoice\orpheus_tts_english_indian_multispeaker\data\train-00005-of-00007.parquet,18,53,audio,Orpheus
Orpheus:train-00005-of-00007.parquet:rg18:r62,1,calibration,orpheus:recording:Orpheus:train-00005-of-00007.parquet:rg18:r62,,C:\Users\Mahesh\Desktop\Projects\sih-2026\data\syntheticvoice\orpheus_tts_english_indian_multispeaker\data\train-00005-of-00007.parquet,18,62,audio,Orpheus
Orpheus:train-00005-of-00007.parquet:rg18:r72,1,calibration,orpheus:recording:Orpheus:train-00005-of-00007.parquet:rg18:r72,,C:\Users\Mahesh\Desktop\Projects\sih-2026\data\syntheticvoice\orpheus_tts_english_indian_multispeaker\data\train-00005-of-00007.parquet,18,72,audio,Orpheus
Orpheus:train-00005-of-00007.parquet:rg18:r78,1,calibration,orpheus:recording:Orpheus:train-00005-of-00007.parquet:rg18:r78,,C:\Users\Mahesh\Desktop\Projects\sih-2026\data\syntheticvoice\orpheus_tts_english_indian_multispeaker\data\train-00005-of-00007.parquet,18,78,audio,Orpheus
Orpheus:train-00005-of-00007.parquet:rg18:r86,1,calibration,orpheus:recording:Orpheus:train-00005-of-00007.parquet:rg18:r86,,C:\Users\Mahesh\Desktop\Projects\sih-2026\data\syntheticvoice\orpheus_tts_english_indian_multispeaker\data\train-00005-of-00007.parquet,18,86,audio,Orpheus
Orpheus:train-00005-of-00007.parquet:rg18:r89,1,calibration,orpheus:recording:Orpheus:train-00005-of-00007.parquet:rg18:r89,,C:\Users\Mahesh\Desktop\Projects\sih-2026\data\syntheticvoice\orpheus_tts_english_indian_multispeaker\data\train-00005-of-00007.parquet,18,89,audio,Orpheus
Orpheus:train-00005-of-00007.parquet:rg18:r92,1,calibration,orpheus:recording:Orpheus:train-00005-of-00007.parquet:rg18:r92,,C:\Users\Mahesh\Desktop\Projects\sih-2026\data\syntheticvoice\orpheus_tts_english_indian_multispeaker\data\train-00005-of-00007.parquet,18,92,audio,Orpheus
Orpheus:train-00006-of-00007.parquet:rg0:r0,1,calibration,orpheus:recording:Orpheus:train-00006-of-00007.parquet:rg0:r0,,C:\Users\Mahesh\Desktop\Projects\sih-2026\data\syntheticvoice\orpheus_tts_english_indian_multispeaker\data\train-00006-of-00007.parquet,0,0,audio,Orpheus
Orpheus:train-00006-of-00007.parquet:rg0:r1,1,calibration,orpheus:recording:Orpheus:train-00006-of-00007.parquet:rg0:r1,,C:\Users\Mahesh\Desktop\Projects\sih-2026\data\syntheticvoice\orpheus_tts_english_indian_multispeaker\data\train-00006-of-00007.parquet,0,1,audio,Orpheus
Orpheus:train-00006-of-00007.parquet:rg0:r10,1,calibration,orpheus:recording:Orpheus:train-00006-of-00007.parquet:rg0:r10,,C:\Users\Mahesh\Desktop\Projects\sih-2026\data\syntheticvoice\orpheus_tts_english_indian_multispeaker\data\train-00006-of-00007.parquet,0,10,audio,Orpheus
Orpheus:train-00006-of-00007.parquet:rg0:r25,1,calibration,orpheus:recording:Orpheus:train-00006-of-00007.parquet:rg0:r25,,C:\Users\Mahesh\Desktop\Projects\sih-2026\data\syntheticvoice\orpheus_tts_english_indian_multispeaker\data\train-00006-of-00007.parquet,0,25,audio,Orpheus
Orpheus:train-00006-of-00007.parquet:rg0:r26,1,calibration,orpheus:recording:Orpheus:train-00006-of-00007.parquet:rg0:r26,,C:\Users\Mahesh\Desktop\Projects\sih-2026\data\syntheticvoice\orpheus_tts_english_indian_multispeaker\data\train-00006-of-00007.parquet,0,26,audio,Orpheus
Orpheus:train-00006-of-00007.parquet:rg0:r43,1,calibration,orpheus:recording:Orpheus:train-00006-of-00007.parquet:rg0:r43,,C:\Users\Mahesh\Desktop\Projects\sih-2026\data\syntheticvoice\orpheus_tts_english_indian_multispeaker\data\train-00006-of-00007.parquet,0,43,audio,Orpheus
Orpheus:train-00006-of-00007.parquet:rg0:r67,1,calibration,orpheus:recording:Orpheus:train-00006-of-00007.parquet:rg0:r67,,C:\Users\Mahesh\Desktop\Projects\sih-2026\data\syntheticvoice\orpheus_tts_english_indian_multispeaker\data\train-00006-of-00007.parquet,0,67,audio,Orpheus
Orpheus:train-00006-of-00007.parquet:rg0:r70,1,calibration,orpheus:recording:Orpheus:train-00006-of-00007.parquet:rg0:r70,,C:\Users\Mahesh\Desktop\Projects\sih-2026\data\syntheticvoice\orpheus_tts_english_indian_multispeaker\data\train-00006-of-00007.parquet,0,70,audio,Orpheus
Orpheus:train-00006-of-00007.parquet:rg0:r81,1,calibration,orpheus:recording:Orpheus:train-00006-of-00007.parquet:rg0:r81,,C:\Users\Mahesh\Desktop\Projects\sih-2026\data\syntheticvoice\orpheus_tts_english_indian_multispeaker\data\train-00006-of-00007.parquet,0,81,audio,Orpheus
Orpheus:train-00006-of-00007.parquet:rg0:r84,1,calibration,orpheus:recording:Orpheus:train-00006-of-00007.parquet:rg0:r84,,C:\Users\Mahesh\Desktop\Projects\sih-2026\data\syntheticvoice\orpheus_tts_english_indian_multispeaker\data\train-00006-of-00007.parquet,0,84,audio,Orpheus
Orpheus:train-00006-of-00007.parquet:rg0:r88,1,calibration,orpheus:recording:Orpheus:train-00006-of-00007.parquet:rg0:r88,,C:\Users\Mahesh\Desktop\Projects\sih-2026\data\syntheticvoice\orpheus_tts_english_indian_multispeaker\data\train-00006-of-00007.parquet,0,88,audio,Orpheus
Orpheus:train-00006-of-00007.parquet:rg0:r89,1,calibration,orpheus:recording:Orpheus:train-00006-of-00007.parquet:rg0:r89,,C:\Users\Mahesh\Desktop\Projects\sih-2026\data\syntheticvoice\orpheus_tts_english_indian_multispeaker\data\train-00006-of-00007.parquet,0,89,audio,Orpheus
Orpheus:train-00006-of-00007.parquet:rg1:r2,1,calibration,orpheus:recording:Orpheus:train-00006-of-00007.parquet:rg1:r2,,C:\Users\Mahesh\Desktop\Projects\sih-2026\data\syntheticvoice\orpheus_tts_english_indian_multispeaker\data\train-00006-of-00007.parquet,1,2,audio,Orpheus
Orpheus:train-00006-of-00007.parquet:rg1:r3,1,calibration,orpheus:recording:Orpheus:train-00006-of-00007.parquet:rg1:r3,,C:\Users\Mahesh\Desktop\Projects\sih-2026\data\syntheticvoice\orpheus_tts_english_indian_multispeaker\data\train-00006-of-00007.parquet,1,3,audio,Orpheus
Orpheus:train-00006-of-00007.parquet:rg1:r28,1,calibration,orpheus:recording:Orpheus:train-00006-of-00007.parquet:rg1:r28,,C:\Users\Mahesh\Desktop\Projects\sih-2026\data\syntheticvoice\orpheus_tts_english_indian_multispeaker\data\train-00006-of-00007.parquet,1,28,audio,Orpheus
Orpheus:train-00006-of-00007.parquet:rg1:r35,1,calibration,orpheus:recording:Orpheus:train-00006-of-00007.parquet:rg1:r35,,C:\Users\Mahesh\Desktop\Projects\sih-2026\data\syntheticvoice\orpheus_tts_english_indian_multispeaker\data\train-00006-of-00007.parquet,1,35,audio,Orpheus
Orpheus:train-00006-of-00007.parquet:rg1:r38,1,calibration,orpheus:recording:Orpheus:train-00006-of-00007.parquet:rg1:r38,,C:\Users\Mahesh\Desktop\Projects\sih-2026\data\syntheticvoice\orpheus_tts_english_indian_multispeaker\data\train-00006-of-00007.parquet,1,38,audio,Orpheus
Orpheus:train-00006-of-00007.parquet:rg1:r42,1,calibration,orpheus:recording:Orpheus:train-00006-of-00007.parquet:rg1:r42,,C:\Users\Mahesh\Desktop\Projects\sih-2026\data\syntheticvoice\orpheus_tts_english_indian_multispeaker\data\train-00006-of-00007.parquet,1,42,audio,Orpheus
Orpheus:train-00006-of-00007.parquet:rg1:r54,1,calibration,orpheus:recording:Orpheus:train-00006-of-00007.parquet:rg1:r54,,C:\Users\Mahesh\Desktop\Projects\sih-2026\data\syntheticvoice\orpheus_tts_english_indian_multispeaker\data\train-00006-of-00007.parquet,1,54,audio,Orpheus
Orpheus:train-00006-of-00007.parquet:rg1:r59,1,calibration,orpheus:recording:Orpheus:train-00006-of-00007.parquet:rg1:r59,,C:\Users\Mahesh\Desktop\Projects\sih-2026\data\syntheticvoice\orpheus_tts_english_indian_multispeaker\data\train-00006-of-00007.parquet,1,59,audio,Orpheus
Orpheus:train-00006-of-00007.parquet:rg1:r72,1,calibration,orpheus:recording:Orpheus:train-00006-of-00007.parquet:rg1:r72,,C:\Users\Mahesh\Desktop\Projects\sih-2026\data\syntheticvoice\orpheus_tts_english_indian_multispeaker\data\train-00006-of-00007.parquet,1,72,audio,Orpheus
Orpheus:train-00006-of-00007.parquet:rg1:r76,1,calibration,orpheus:recording:Orpheus:train-00006-of-00007.parquet:rg1:r76,,C:\Users\Mahesh\Desktop\Projects\sih-2026\data\syntheticvoice\orpheus_tts_english_indian_multispeaker\data\train-00006-of-00007.parquet,1,76,audio,Orpheus
Orpheus:train-00006-of-00007.parquet:rg1:r94,1,calibration,orpheus:recording:Orpheus:train-00006-of-00007.parquet:rg1:r94,,C:\Users\Mahesh\Desktop\Projects\sih-2026\data\syntheticvoice\orpheus_tts_english_indian_multispeaker\data\train-00006-of-00007.parquet,1,94,audio,Orpheus
Orpheus:train-00006-of-00007.parquet:rg2:r1,1,calibration,orpheus:recording:Orpheus:train-00006-of-00007.parquet:rg2:r1,,C:\Users\Mahesh\Desktop\Projects\sih-2026\data\syntheticvoice\orpheus_tts_english_indian_multispeaker\data\train-00006-of-00007.parquet,2,1,audio,Orpheus
Orpheus:train-00006-of-00007.parquet:rg2:r8,1,calibration,orpheus:recording:Orpheus:train-00006-of-00007.parquet:rg2:r8,,C:\Users\Mahesh\Desktop\Projects\sih-2026\data\syntheticvoice\orpheus_tts_english_indian_multispeaker\data\train-00006-of-00007.parquet,2,8,audio,Orpheus
Orpheus:train-00006-of-00007.parquet:rg2:r10,1,calibration,orpheus:recording:Orpheus:train-00006-of-00007.parquet:rg2:r10,,C:\Users\Mahesh\Desktop\Projects\sih-2026\data\syntheticvoice\orpheus_tts_english_indian_multispeaker\data\train-00006-of-00007.parquet,2,10,audio,Orpheus
Orpheus:train-00006-of-00007.parquet:rg2:r13,1,calibration,orpheus:recording:Orpheus:train-00006-of-00007.parquet:rg2:r13,,C:\Users\Mahesh\Desktop\Projects\sih-2026\data\syntheticvoice\orpheus_tts_english_indian_multispeaker\data\train-00006-of-00007.parquet,2,13,audio,Orpheus
Orpheus:train-00006-of-00007.parquet:rg2:r41,1,calibration,orpheus:recording:Orpheus:train-00006-of-00007.parquet:rg2:r41,,C:\Users\Mahesh\Desktop\Projects\sih-2026\data\syntheticvoice\orpheus_tts_english_indian_multispeaker\data\train-00006-of-00007.parquet,2,41,audio,Orpheus
Orpheus:train-00006-of-00007.parquet:rg2:r64,1,calibration,orpheus:recording:Orpheus:train-00006-of-00007.parquet:rg2:r64,,C:\Users\Mahesh\Desktop\Projects\sih-2026\data\syntheticvoice\orpheus_tts_english_indian_multispeaker\data\train-00006-of-00007.parquet,2,64,audio,Orpheus
Orpheus:train-00006-of-00007.parquet:rg2:r65,1,calibration,orpheus:recording:Orpheus:train-00006-of-00007.parquet:rg2:r65,,C:\Users\Mahesh\Desktop\Projects\sih-2026\data\syntheticvoice\orpheus_tts_english_indian_multispeaker\data\train-00006-of-00007.parquet,2,65,audio,Orpheus
Orpheus:train-00006-of-00007.parquet:rg2:r67,1,calibration,orpheus:recording:Orpheus:train-00006-of-00007.parquet:rg2:r67,,C:\Users\Mahesh\Desktop\Projects\sih-2026\data\syntheticvoice\orpheus_tts_english_indian_multispeaker\data\train-00006-of-00007.parquet,2,67,audio,Orpheus
Orpheus:train-00006-of-00007.parquet:rg2:r86,1,calibration,orpheus:recording:Orpheus:train-00006-of-00007.parquet:rg2:r86,,C:\Users\Mahesh\Desktop\Projects\sih-2026\data\syntheticvoice\orpheus_tts_english_indian_multispeaker\data\train-00006-of-00007.parquet,2,86,audio,Orpheus
Orpheus:train-00006-of-00007.parquet:rg2:r88,1,calibration,orpheus:recording:Orpheus:train-00006-of-00007.parquet:rg2:r88,,C:\Users\Mahesh\Desktop\Projects\sih-2026\data\syntheticvoice\orpheus_tts_english_indian_multispeaker\data\train-00006-of-00007.parquet,2,88,audio,Orpheus
Orpheus:train-00006-of-00007.parquet:rg3:r12,1,calibration,orpheus:recording:Orpheus:train-00006-of-00007.parquet:rg3:r12,,C:\Users\Mahesh\Desktop\Projects\sih-2026\data\syntheticvoice\orpheus_tts_english_indian_multispeaker\data\train-00006-of-00007.parquet,3,12,audio,Orpheus
Orpheus:train-00006-of-00007.parquet:rg3:r31,1,calibration,orpheus:recording:Orpheus:train-00006-of-00007.parquet:rg3:r31,,C:\Users\Mahesh\Desktop\Projects\sih-2026\data\syntheticvoice\orpheus_tts_english_indian_multispeaker\data\train-00006-of-00007.parquet,3,31,audio,Orpheus
Orpheus:train-00006-of-00007.parquet:rg3:r44,1,calibration,orpheus:recording:Orpheus:train-00006-of-00007.parquet:rg3:r44,,C:\Users\Mahesh\Desktop\Projects\sih-2026\data\syntheticvoice\orpheus_tts_english_indian_multispeaker\data\train-00006-of-00007.parquet,3,44,audio,Orpheus
Orpheus:train-00006-of-00007.parquet:rg3:r54,1,calibration,orpheus:recording:Orpheus:train-00006-of-00007.parquet:rg3:r54,,C:\Users\Mahesh\Desktop\Projects\sih-2026\data\syntheticvoice\orpheus_tts_english_indian_multispeaker\data\train-00006-of-00007.parquet,3,54,audio,Orpheus
Orpheus:train-00006-of-00007.parquet:rg3:r66,1,calibration,orpheus:recording:Orpheus:train-00006-of-00007.parquet:rg3:r66,,C:\Users\Mahesh\Desktop\Projects\sih-2026\data\syntheticvoice\orpheus_tts_english_indian_multispeaker\data\train-00006-of-00007.parquet,3,66,audio,Orpheus
Orpheus:train-00006-of-00007.parquet:rg3:r71,1,calibration,orpheus:recording:Orpheus:train-00006-of-00007.parquet:rg3:r71,,C:\Users\Mahesh\Desktop\Projects\sih-2026\data\syntheticvoice\orpheus_tts_english_indian_multispeaker\data\train-00006-of-00007.parquet,3,71,audio,Orpheus
Orpheus:train-00006-of-00007.parquet:rg3:r79,1,calibration,orpheus:recording:Orpheus:train-00006-of-00007.parquet:rg3:r79,,C:\Users\Mahesh\Desktop\Projects\sih-2026\data\syntheticvoice\orpheus_tts_english_indian_multispeaker\data\train-00006-of-00007.parquet,3,79,audio,Orpheus
Orpheus:train-00006-of-00007.parquet:rg3:r85,1,calibration,orpheus:recording:Orpheus:train-00006-of-00007.parquet:rg3:r85,,C:\Users\Mahesh\Desktop\Projects\sih-2026\data\syntheticvoice\orpheus_tts_english_indian_multispeaker\data\train-00006-of-00007.parquet,3,85,audio,Orpheus
Orpheus:train-00006-of-00007.parquet:rg3:r86,1,calibration,orpheus:recording:Orpheus:train-00006-of-00007.parquet:rg3:r86,,C:\Users\Mahesh\Desktop\Projects\sih-2026\data\syntheticvoice\orpheus_tts_english_indian_multispeaker\data\train-00006-of-00007.parquet,3,86,audio,Orpheus
Orpheus:train-00006-of-00007.parquet:rg3:r88,1,calibration,orpheus:recording:Orpheus:train-00006-of-00007.parquet:rg3:r88,,C:\Users\Mahesh\Desktop\Projects\sih-2026\data\syntheticvoice\orpheus_tts_english_indian_multispeaker\data\train-00006-of-00007.parquet,3,88,audio,Orpheus
Orpheus:train-00006-of-00007.parquet:rg3:r95,1,calibration,orpheus:recording:Orpheus:train-00006-of-00007.parquet:rg3:r95,,C:\Users\Mahesh\Desktop\Projects\sih-2026\data\syntheticvoice\orpheus_tts_english_indian_multispeaker\data\train-00006-of-00007.parquet,3,95,audio,Orpheus
Orpheus:train-00006-of-00007.parquet:rg3:r96,1,calibration,orpheus:recording:Orpheus:train-00006-of-00007.parquet:rg3:r96,,C:\Users\Mahesh\Desktop\Projects\sih-2026\data\syntheticvoice\orpheus_tts_english_indian_multispeaker\data\train-00006-of-00007.parquet,3,96,audio,Orpheus
Orpheus:train-00006-of-00007.parquet:rg4:r16,1,calibration,orpheus:recording:Orpheus:train-00006-of-00007.parquet:rg4:r16,,C:\Users\Mahesh\Desktop\Projects\sih-2026\data\syntheticvoice\orpheus_tts_english_indian_multispeaker\data\train-00006-of-00007.parquet,4,16,audio,Orpheus
Orpheus:train-00006-of-00007.parquet:rg4:r18,1,calibration,orpheus:recording:Orpheus:train-00006-of-00007.parquet:rg4:r18,,C:\Users\Mahesh\Desktop\Projects\sih-2026\data\syntheticvoice\orpheus_tts_english_indian_multispeaker\data\train-00006-of-00007.parquet,4,18,audio,Orpheus
Orpheus:train-00006-of-00007.parquet:rg4:r31,1,calibration,orpheus:recording:Orpheus:train-00006-of-00007.parquet:rg4:r31,,C:\Users\Mahesh\Desktop\Projects\sih-2026\data\syntheticvoice\orpheus_tts_english_indian_multispeaker\data\train-00006-of-00007.parquet,4,31,audio,Orpheus
Orpheus:train-00006-of-00007.parquet:rg4:r33,1,calibration,orpheus:recording:Orpheus:train-00006-of-00007.parquet:rg4:r33,,C:\Users\Mahesh\Desktop\Projects\sih-2026\data\syntheticvoice\orpheus_tts_english_indian_multispeaker\data\train-00006-of-00007.parquet,4,33,audio,Orpheus
Orpheus:train-00006-of-00007.parquet:rg4:r40,1,calibration,orpheus:recording:Orpheus:train-00006-of-00007.parquet:rg4:r40,,C:\Users\Mahesh\Desktop\Projects\sih-2026\data\syntheticvoice\orpheus_tts_english_indian_multispeaker\data\train-00006-of-00007.parquet,4,40,audio,Orpheus
Orpheus:train-00006-of-00007.parquet:rg4:r47,1,calibration,orpheus:recording:Orpheus:train-00006-of-00007.parquet:rg4:r47,,C:\Users\Mahesh\Desktop\Projects\sih-2026\data\syntheticvoice\orpheus_tts_english_indian_multispeaker\data\train-00006-of-00007.parquet,4,47,audio,Orpheus
Orpheus:train-00006-of-00007.parquet:rg4:r59,1,calibration,orpheus:recording:Orpheus:train-00006-of-00007.parquet:rg4:r59,,C:\Users\Mahesh\Desktop\Projects\sih-2026\data\syntheticvoice\orpheus_tts_english_indian_multispeaker\data\train-00006-of-00007.parquet,4,59,audio,Orpheus
Orpheus:train-00006-of-00007.parquet:rg4:r66,1,calibration,orpheus:recording:Orpheus:train-00006-of-00007.parquet:rg4:r66,,C:\Users\Mahesh\Desktop\Projects\sih-2026\data\syntheticvoice\orpheus_tts_english_indian_multispeaker\data\train-00006-of-00007.parquet,4,66,audio,Orpheus
Orpheus:train-00006-of-00007.parquet:rg4:r70,1,calibration,orpheus:recording:Orpheus:train-00006-of-00007.parquet:rg4:r70,,C:\Users\Mahesh\Desktop\Projects\sih-2026\data\syntheticvoice\orpheus_tts_english_indian_multispeaker\data\train-00006-of-00007.parquet,4,70,audio,Orpheus
Orpheus:train-00006-of-00007.parquet:rg4:r75,1,calibration,orpheus:recording:Orpheus:train-00006-of-00007.parquet:rg4:r75,,C:\Users\Mahesh\Desktop\Projects\sih-2026\data\syntheticvoice\orpheus_tts_english_indian_multispeaker\data\train-00006-of-00007.parquet,4,75,audio,Orpheus
Orpheus:train-00006-of-00007.parquet:rg4:r79,1,calibration,orpheus:recording:Orpheus:train-00006-of-00007.parquet:rg4:r79,,C:\Users\Mahesh\Desktop\Projects\sih-2026\data\syntheticvoice\orpheus_tts_english_indian_multispeaker\data\train-00006-of-00007.parquet,4,79,audio,Orpheus
Orpheus:train-00006-of-00007.parquet:rg4:r82,1,calibration,orpheus:recording:Orpheus:train-00006-of-00007.parquet:rg4:r82,,C:\Users\Mahesh\Desktop\Projects\sih-2026\data\syntheticvoice\orpheus_tts_english_indian_multispeaker\data\train-00006-of-00007.parquet,4,82,audio,Orpheus
Orpheus:train-00006-of-00007.parquet:rg4:r90,1,calibration,orpheus:recording:Orpheus:train-00006-of-00007.parquet:rg4:r90,,C:\Users\Mahesh\Desktop\Projects\sih-2026\data\syntheticvoice\orpheus_tts_english_indian_multispeaker\data\train-00006-of-00007.parquet,4,90,audio,Orpheus
Orpheus:train-00006-of-00007.parquet:rg5:r16,1,calibration,orpheus:recording:Orpheus:train-00006-of-00007.parquet:rg5:r16,,C:\Users\Mahesh\Desktop\Projects\sih-2026\data\syntheticvoice\orpheus_tts_english_indian_multispeaker\data\train-00006-of-00007.parquet,5,16,audio,Orpheus
Orpheus:train-00006-of-00007.parquet:rg5:r20,1,calibration,orpheus:recording:Orpheus:train-00006-of-00007.parquet:rg5:r20,,C:\Users\Mahesh\Desktop\Projects\sih-2026\data\syntheticvoice\orpheus_tts_english_indian_multispeaker\data\train-00006-of-00007.parquet,5,20,audio,Orpheus
Orpheus:train-00006-of-00007.parquet:rg5:r26,1,calibration,orpheus:recording:Orpheus:train-00006-of-00007.parquet:rg5:r26,,C:\Users\Mahesh\Desktop\Projects\sih-2026\data\syntheticvoice\orpheus_tts_english_indian_multispeaker\data\train-00006-of-00007.parquet,5,26,audio,Orpheus
Orpheus:train-00006-of-00007.parquet:rg5:r47,1,calibration,orpheus:recording:Orpheus:train-00006-of-00007.parquet:rg5:r47,,C:\Users\Mahesh\Desktop\Projects\sih-2026\data\syntheticvoice\orpheus_tts_english_indian_multispeaker\data\train-00006-of-00007.parquet,5,47,audio,Orpheus
Orpheus:train-00006-of-00007.parquet:rg5:r63,1,calibration,orpheus:recording:Orpheus:train-00006-of-00007.parquet:rg5:r63,,C:\Users\Mahesh\Desktop\Projects\sih-2026\data\syntheticvoice\orpheus_tts_english_indian_multispeaker\data\train-00006-of-00007.parquet,5,63,audio,Orpheus
Orpheus:train-00006-of-00007.parquet:rg5:r79,1,calibration,orpheus:recording:Orpheus:train-00006-of-00007.parquet:rg5:r79,,C:\Users\Mahesh\Desktop\Projects\sih-2026\data\syntheticvoice\orpheus_tts_english_indian_multispeaker\data\train-00006-of-00007.parquet,5,79,audio,Orpheus
Orpheus:train-00006-of-00007.parquet:rg5:r94,1,calibration,orpheus:recording:Orpheus:train-00006-of-00007.parquet:rg5:r94,,C:\Users\Mahesh\Desktop\Projects\sih-2026\data\syntheticvoice\orpheus_tts_english_indian_multispeaker\data\train-00006-of-00007.parquet,5,94,audio,Orpheus
Orpheus:train-00006-of-00007.parquet:rg5:r96,1,calibration,orpheus:recording:Orpheus:train-00006-of-00007.parquet:rg5:r96,,C:\Users\Mahesh\Desktop\Projects\sih-2026\data\syntheticvoice\orpheus_tts_english_indian_multispeaker\data\train-00006-of-00007.parquet,5,96,audio,Orpheus
Orpheus:train-00006-of-00007.parquet:rg6:r0,1,calibration,orpheus:recording:Orpheus:train-00006-of-00007.parquet:rg6:r0,,C:\Users\Mahesh\Desktop\Projects\sih-2026\data\syntheticvoice\orpheus_tts_english_indian_multispeaker\data\train-00006-of-00007.parquet,6,0,audio,Orpheus
Orpheus:train-00006-of-00007.parquet:rg6:r33,1,calibration,orpheus:recording:Orpheus:train-00006-of-00007.parquet:rg6:r33,,C:\Users\Mahesh\Desktop\Projects\sih-2026\data\syntheticvoice\orpheus_tts_english_indian_multispeaker\data\train-00006-of-00007.parquet,6,33,audio,Orpheus
Orpheus:train-00006-of-00007.parquet:rg6:r35,1,calibration,orpheus:recording:Orpheus:train-00006-of-00007.parquet:rg6:r35,,C:\Users\Mahesh\Desktop\Projects\sih-2026\data\syntheticvoice\orpheus_tts_english_indian_multispeaker\data\train-00006-of-00007.parquet,6,35,audio,Orpheus
Orpheus:train-00006-of-00007.parquet:rg6:r40,1,calibration,orpheus:recording:Orpheus:train-00006-of-00007.parquet:rg6:r40,,C:\Users\Mahesh\Desktop\Projects\sih-2026\data\syntheticvoice\orpheus_tts_english_indian_multispeaker\data\train-00006-of-00007.parquet,6,40,audio,Orpheus
Orpheus:train-00006-of-00007.parquet:rg6:r54,1,calibration,orpheus:recording:Orpheus:train-00006-of-00007.parquet:rg6:r54,,C:\Users\Mahesh\Desktop\Projects\sih-2026\data\syntheticvoice\orpheus_tts_english_indian_multispeaker\data\train-00006-of-00007.parquet,6,54,audio,Orpheus
Orpheus:train-00006-of-00007.parquet:rg6:r55,1,calibration,orpheus:recording:Orpheus:train-00006-of-00007.parquet:rg6:r55,,C:\Users\Mahesh\Desktop\Projects\sih-2026\data\syntheticvoice\orpheus_tts_english_indian_multispeaker\data\train-00006-of-00007.parquet,6,55,audio,Orpheus
Orpheus:train-00006-of-00007.parquet:rg6:r73,1,calibration,orpheus:recording:Orpheus:train-00006-of-00007.parquet:rg6:r73,,C:\Users\Mahesh\Desktop\Projects\sih-2026\data\syntheticvoice\orpheus_tts_english_indian_multispeaker\data\train-00006-of-00007.parquet,6,73,audio,Orpheus
Orpheus:train-00006-of-00007.parquet:rg6:r93,1,calibration,orpheus:recording:Orpheus:train-00006-of-00007.parquet:rg6:r93,,C:\Users\Mahesh\Desktop\Projects\sih-2026\data\syntheticvoice\orpheus_tts_english_indian_multispeaker\data\train-00006-of-00007.parquet,6,93,audio,Orpheus
Orpheus:train-00006-of-00007.parquet:rg6:r95,1,calibration,orpheus:recording:Orpheus:train-00006-of-00007.parquet:rg6:r95,,C:\Users\Mahesh\Desktop\Projects\sih-2026\data\syntheticvoice\orpheus_tts_english_indian_multispeaker\data\train-00006-of-00007.parquet,6,95,audio,Orpheus
Orpheus:train-00006-of-00007.parquet:rg7:r17,1,calibration,orpheus:recording:Orpheus:train-00006-of-00007.parquet:rg7:r17,,C:\Users\Mahesh\Desktop\Projects\sih-2026\data\syntheticvoice\orpheus_tts_english_indian_multispeaker\data\train-00006-of-00007.parquet,7,17,audio,Orpheus
Orpheus:train-00006-of-00007.parquet:rg7:r21,1,calibration,orpheus:recording:Orpheus:train-00006-of-00007.parquet:rg7:r21,,C:\Users\Mahesh\Desktop\Projects\sih-2026\data\syntheticvoice\orpheus_tts_english_indian_multispeaker\data\train-00006-of-00007.parquet,7,21,audio,Orpheus
Orpheus:train-00006-of-00007.parquet:rg7:r34,1,calibration,orpheus:recording:Orpheus:train-00006-of-00007.parquet:rg7:r34,,C:\Users\Mahesh\Desktop\Projects\sih-2026\data\syntheticvoice\orpheus_tts_english_indian_multispeaker\data\train-00006-of-00007.parquet,7,34,audio,Orpheus
Orpheus:train-00006-of-00007.parquet:rg7:r66,1,calibration,orpheus:recording:Orpheus:train-00006-of-00007.parquet:rg7:r66,,C:\Users\Mahesh\Desktop\Projects\sih-2026\data\syntheticvoice\orpheus_tts_english_indian_multispeaker\data\train-00006-of-00007.parquet,7,66,audio,Orpheus
Orpheus:train-00006-of-00007.parquet:rg7:r67,1,calibration,orpheus:recording:Orpheus:train-00006-of-00007.parquet:rg7:r67,,C:\Users\Mahesh\Desktop\Projects\sih-2026\data\syntheticvoice\orpheus_tts_english_indian_multispeaker\data\train-00006-of-00007.parquet,7,67,audio,Orpheus
Orpheus:train-00006-of-00007.parquet:rg7:r71,1,calibration,orpheus:recording:Orpheus:train-00006-of-00007.parquet:rg7:r71,,C:\Users\Mahesh\Desktop\Projects\sih-2026\data\syntheticvoice\orpheus_tts_english_indian_multispeaker\data\train-00006-of-00007.parquet,7,71,audio,Orpheus
Orpheus:train-00006-of-00007.parquet:rg7:r77,1,calibration,orpheus:recording:Orpheus:train-00006-of-00007.parquet:rg7:r77,,C:\Users\Mahesh\Desktop\Projects\sih-2026\data\syntheticvoice\orpheus_tts_english_indian_multispeaker\data\train-00006-of-00007.parquet,7,77,audio,Orpheus
Orpheus:train-00006-of-00007.parquet:rg7:r83,1,calibration,orpheus:recording:Orpheus:train-00006-of-00007.parquet:rg7:r83,,C:\Users\Mahesh\Desktop\Projects\sih-2026\data\syntheticvoice\orpheus_tts_english_indian_multispeaker\data\train-00006-of-00007.parquet,7,83,audio,Orpheus
Orpheus:train-00006-of-00007.parquet:rg7:r85,1,calibration,orpheus:recording:Orpheus:train-00006-of-00007.parquet:rg7:r85,,C:\Users\Mahesh\Desktop\Projects\sih-2026\data\syntheticvoice\orpheus_tts_english_indian_multispeaker\data\train-00006-of-00007.parquet,7,85,audio,Orpheus
Orpheus:train-00006-of-00007.parquet:rg7:r95,1,calibration,orpheus:recording:Orpheus:train-00006-of-00007.parquet:rg7:r95,,C:\Users\Mahesh\Desktop\Projects\sih-2026\data\syntheticvoice\orpheus_tts_english_indian_multispeaker\data\train-00006-of-00007.parquet,7,95,audio,Orpheus
Orpheus:train-00006-of-00007.parquet:rg7:r96,1,calibration,orpheus:recording:Orpheus:train-00006-of-00007.parquet:rg7:r96,,C:\Users\Mahesh\Desktop\Projects\sih-2026\data\syntheticvoice\orpheus_tts_english_indian_multispeaker\data\train-00006-of-00007.parquet,7,96,audio,Orpheus
Orpheus:train-00006-of-00007.parquet:rg8:r11,1,calibration,orpheus:recording:Orpheus:train-00006-of-00007.parquet:rg8:r11,,C:\Users\Mahesh\Desktop\Projects\sih-2026\data\syntheticvoice\orpheus_tts_english_indian_multispeaker\data\train-00006-of-00007.parquet,8,11,audio,Orpheus
Orpheus:train-00006-of-00007.parquet:rg8:r20,1,calibration,orpheus:recording:Orpheus:train-00006-of-00007.parquet:rg8:r20,,C:\Users\Mahesh\Desktop\Projects\sih-2026\data\syntheticvoice\orpheus_tts_english_indian_multispeaker\data\train-00006-of-00007.parquet,8,20,audio,Orpheus
Orpheus:train-00006-of-00007.parquet:rg8:r27,1,calibration,orpheus:recording:Orpheus:train-00006-of-00007.parquet:rg8:r27,,C:\Users\Mahesh\Desktop\Projects\sih-2026\data\syntheticvoice\orpheus_tts_english_indian_multispeaker\data\train-00006-of-00007.parquet,8,27,audio,Orpheus
Orpheus:train-00006-of-00007.parquet:rg8:r30,1,calibration,orpheus:recording:Orpheus:train-00006-of-00007.parquet:rg8:r30,,C:\Users\Mahesh\Desktop\Projects\sih-2026\data\syntheticvoice\orpheus_tts_english_indian_multispeaker\data\train-00006-of-00007.parquet,8,30,audio,Orpheus
Orpheus:train-00006-of-00007.parquet:rg8:r38,1,calibration,orpheus:recording:Orpheus:train-00006-of-00007.parquet:rg8:r38,,C:\Users\Mahesh\Desktop\Projects\sih-2026\data\syntheticvoice\orpheus_tts_english_indian_multispeaker\data\train-00006-of-00007.parquet,8,38,audio,Orpheus
Orpheus:train-00006-of-00007.parquet:rg8:r61,1,calibration,orpheus:recording:Orpheus:train-00006-of-00007.parquet:rg8:r61,,C:\Users\Mahesh\Desktop\Projects\sih-2026\data\syntheticvoice\orpheus_tts_english_indian_multispeaker\data\train-00006-of-00007.parquet,8,61,audio,Orpheus
Orpheus:train-00006-of-00007.parquet:rg8:r62,1,calibration,orpheus:recording:Orpheus:train-00006-of-00007.parquet:rg8:r62,,C:\Users\Mahesh\Desktop\Projects\sih-2026\data\syntheticvoice\orpheus_tts_english_indian_multispeaker\data\train-00006-of-00007.parquet,8,62,audio,Orpheus
Orpheus:train-00006-of-00007.parquet:rg8:r67,1,calibration,orpheus:recording:Orpheus:train-00006-of-00007.parquet:rg8:r67,,C:\Users\Mahesh\Desktop\Projects\sih-2026\data\syntheticvoice\orpheus_tts_english_indian_multispeaker\data\train-00006-of-00007.parquet,8,67,audio,Orpheus
Orpheus:train-00006-of-00007.parquet:rg8:r73,1,calibration,orpheus:recording:Orpheus:train-00006-of-00007.parquet:rg8:r73,,C:\Users\Mahesh\Desktop\Projects\sih-2026\data\syntheticvoice\orpheus_tts_english_indian_multispeaker\data\train-00006-of-00007.parquet,8,73,audio,Orpheus
Orpheus:train-00006-of-00007.parquet:rg8:r86,1,calibration,orpheus:recording:Orpheus:train-00006-of-00007.parquet:rg8:r86,,C:\Users\Mahesh\Desktop\Projects\sih-2026\data\syntheticvoice\orpheus_tts_english_indian_multispeaker\data\train-00006-of-00007.parquet,8,86,audio,Orpheus
Orpheus:train-00006-of-00007.parquet:rg8:r89,1,calibration,orpheus:recording:Orpheus:train-00006-of-00007.parquet:rg8:r89,,C:\Users\Mahesh\Desktop\Projects\sih-2026\data\syntheticvoice\orpheus_tts_english_indian_multispeaker\data\train-00006-of-00007.parquet,8,89,audio,Orpheus
Orpheus:train-00006-of-00007.parquet:rg9:r4,1,calibration,orpheus:recording:Orpheus:train-00006-of-00007.parquet:rg9:r4,,C:\Users\Mahesh\Desktop\Projects\sih-2026\data\syntheticvoice\orpheus_tts_english_indian_multispeaker\data\train-00006-of-00007.parquet,9,4,audio,Orpheus
Orpheus:train-00006-of-00007.parquet:rg9:r9,1,calibration,orpheus:recording:Orpheus:train-00006-of-00007.parquet:rg9:r9,,C:\Users\Mahesh\Desktop\Projects\sih-2026\data\syntheticvoice\orpheus_tts_english_indian_multispeaker\data\train-00006-of-00007.parquet,9,9,audio,Orpheus
Orpheus:train-00006-of-00007.parquet:rg9:r13,1,calibration,orpheus:recording:Orpheus:train-00006-of-00007.parquet:rg9:r13,,C:\Users\Mahesh\Desktop\Projects\sih-2026\data\syntheticvoice\orpheus_tts_english_indian_multispeaker\data\train-00006-of-00007.parquet,9,13,audio,Orpheus
Orpheus:train-00006-of-00007.parquet:rg9:r32,1,calibration,orpheus:recording:Orpheus:train-00006-of-00007.parquet:rg9:r32,,C:\Users\Mahesh\Desktop\Projects\sih-2026\data\syntheticvoice\orpheus_tts_english_indian_multispeaker\data\train-00006-of-00007.parquet,9,32,audio,Orpheus
Orpheus:train-00006-of-00007.parquet:rg9:r39,1,calibration,orpheus:recording:Orpheus:train-00006-of-00007.parquet:rg9:r39,,C:\Users\Mahesh\Desktop\Projects\sih-2026\data\syntheticvoice\orpheus_tts_english_indian_multispeaker\data\train-00006-of-00007.parquet,9,39,audio,Orpheus
Orpheus:train-00006-of-00007.parquet:rg9:r45,1,calibration,orpheus:recording:Orpheus:train-00006-of-00007.parquet:rg9:r45,,C:\Users\Mahesh\Desktop\Projects\sih-2026\data\syntheticvoice\orpheus_tts_english_indian_multispeaker\data\train-00006-of-00007.parquet,9,45,audio,Orpheus
Orpheus:train-00006-of-00007.parquet:rg9:r62,1,calibration,orpheus:recording:Orpheus:train-00006-of-00007.parquet:rg9:r62,,C:\Users\Mahesh\Desktop\Projects\sih-2026\data\syntheticvoice\orpheus_tts_english_indian_multispeaker\data\train-00006-of-00007.parquet,9,62,audio,Orpheus
Orpheus:train-00006-of-00007.parquet:rg9:r92,1,calibration,orpheus:recording:Orpheus:train-00006-of-00007.parquet:rg9:r92,,C:\Users\Mahesh\Desktop\Projects\sih-2026\data\syntheticvoice\orpheus_tts_english_indian_multispeaker\data\train-00006-of-00007.parquet,9,92,audio,Orpheus
Orpheus:train-00006-of-00007.parquet:rg10:r3,1,calibration,orpheus:recording:Orpheus:train-00006-of-00007.parquet:rg10:r3,,C:\Users\Mahesh\Desktop\Projects\sih-2026\data\syntheticvoice\orpheus_tts_english_indian_multispeaker\data\train-00006-of-00007.parquet,10,3,audio,Orpheus
Orpheus:train-00006-of-00007.parquet:rg10:r10,1,calibration,orpheus:recording:Orpheus:train-00006-of-00007.parquet:rg10:r10,,C:\Users\Mahesh\Desktop\Projects\sih-2026\data\syntheticvoice\orpheus_tts_english_indian_multispeaker\data\train-00006-of-00007.parquet,10,10,audio,Orpheus
Orpheus:train-00006-of-00007.parquet:rg10:r15,1,calibration,orpheus:recording:Orpheus:train-00006-of-00007.parquet:rg10:r15,,C:\Users\Mahesh\Desktop\Projects\sih-2026\data\syntheticvoice\orpheus_tts_english_indian_multispeaker\data\train-00006-of-00007.parquet,10,15,audio,Orpheus
Orpheus:train-00006-of-00007.parquet:rg10:r45,1,calibration,orpheus:recording:Orpheus:train-00006-of-00007.parquet:rg10:r45,,C:\Users\Mahesh\Desktop\Projects\sih-2026\data\syntheticvoice\orpheus_tts_english_indian_multispeaker\data\train-00006-of-00007.parquet,10,45,audio,Orpheus
Orpheus:train-00006-of-00007.parquet:rg10:r57,1,calibration,orpheus:recording:Orpheus:train-00006-of-00007.parquet:rg10:r57,,C:\Users\Mahesh\Desktop\Projects\sih-2026\data\syntheticvoice\orpheus_tts_english_indian_multispeaker\data\train-00006-of-00007.parquet,10,57,audio,Orpheus
Orpheus:train-00006-of-00007.parquet:rg10:r58,1,calibration,orpheus:recording:Orpheus:train-00006-of-00007.parquet:rg10:r58,,C:\Users\Mahesh\Desktop\Projects\sih-2026\data\syntheticvoice\orpheus_tts_english_indian_multispeaker\data\train-00006-of-00007.parquet,10,58,audio,Orpheus
Orpheus:train-00006-of-00007.parquet:rg10:r80,1,calibration,orpheus:recording:Orpheus:train-00006-of-00007.parquet:rg10:r80,,C:\Users\Mahesh\Desktop\Projects\sih-2026\data\syntheticvoice\orpheus_tts_english_indian_multispeaker\data\train-00006-of-00007.parquet,10,80,audio,Orpheus
Orpheus:train-00006-of-00007.parquet:rg10:r87,1,calibration,orpheus:recording:Orpheus:train-00006-of-00007.parquet:rg10:r87,,C:\Users\Mahesh\Desktop\Projects\sih-2026\data\syntheticvoice\orpheus_tts_english_indian_multispeaker\data\train-00006-of-00007.parquet,10,87,audio,Orpheus
Orpheus:train-00006-of-00007.parquet:rg10:r90,1,calibration,orpheus:recording:Orpheus:train-00006-of-00007.parquet:rg10:r90,,C:\Users\Mahesh\Desktop\Projects\sih-2026\data\syntheticvoice\orpheus_tts_english_indian_multispeaker\data\train-00006-of-00007.parquet,10,90,audio,Orpheus
Orpheus:train-00006-of-00007.parquet:rg10:r91,1,calibration,orpheus:recording:Orpheus:train-00006-of-00007.parquet:rg10:r91,,C:\Users\Mahesh\Desktop\Projects\sih-2026\data\syntheticvoice\orpheus_tts_english_indian_multispeaker\data\train-00006-of-00007.parquet,10,91,audio,Orpheus
Orpheus:train-00006-of-00007.parquet:rg10:r99,1,calibration,orpheus:recording:Orpheus:train-00006-of-00007.parquet:rg10:r99,,C:\Users\Mahesh\Desktop\Projects\sih-2026\data\syntheticvoice\orpheus_tts_english_indian_multispeaker\data\train-00006-of-00007.parquet,10,99,audio,Orpheus
Orpheus:train-00006-of-00007.parquet:rg11:r4,1,calibration,orpheus:recording:Orpheus:train-00006-of-00007.parquet:rg11:r4,,C:\Users\Mahesh\Desktop\Projects\sih-2026\data\syntheticvoice\orpheus_tts_english_indian_multispeaker\data\train-00006-of-00007.parquet,11,4,audio,Orpheus
Orpheus:train-00006-of-00007.parquet:rg11:r29,1,calibration,orpheus:recording:Orpheus:train-00006-of-00007.parquet:rg11:r29,,C:\Users\Mahesh\Desktop\Projects\sih-2026\data\syntheticvoice\orpheus_tts_english_indian_multispeaker\data\train-00006-of-00007.parquet,11,29,audio,Orpheus
Orpheus:train-00006-of-00007.parquet:rg11:r46,1,calibration,orpheus:recording:Orpheus:train-00006-of-00007.parquet:rg11:r46,,C:\Users\Mahesh\Desktop\Projects\sih-2026\data\syntheticvoice\orpheus_tts_english_indian_multispeaker\data\train-00006-of-00007.parquet,11,46,audio,Orpheus
Orpheus:train-00006-of-00007.parquet:rg11:r60,1,calibration,orpheus:recording:Orpheus:train-00006-of-00007.parquet:rg11:r60,,C:\Users\Mahesh\Desktop\Projects\sih-2026\data\syntheticvoice\orpheus_tts_english_indian_multispeaker\data\train-00006-of-00007.parquet,11,60,audio,Orpheus
Orpheus:train-00006-of-00007.parquet:rg11:r61,1,calibration,orpheus:recording:Orpheus:train-00006-of-00007.parquet:rg11:r61,,C:\Users\Mahesh\Desktop\Projects\sih-2026\data\syntheticvoice\orpheus_tts_english_indian_multispeaker\data\train-00006-of-00007.parquet,11,61,audio,Orpheus
Orpheus:train-00006-of-00007.parquet:rg11:r62,1,calibration,orpheus:recording:Orpheus:train-00006-of-00007.parquet:rg11:r62,,C:\Users\Mahesh\Desktop\Projects\sih-2026\data\syntheticvoice\orpheus_tts_english_indian_multispeaker\data\train-00006-of-00007.parquet,11,62,audio,Orpheus
Orpheus:train-00006-of-00007.parquet:rg11:r75,1,calibration,orpheus:recording:Orpheus:train-00006-of-00007.parquet:rg11:r75,,C:\Users\Mahesh\Desktop\Projects\sih-2026\data\syntheticvoice\orpheus_tts_english_indian_multispeaker\data\train-00006-of-00007.parquet,11,75,audio,Orpheus
Orpheus:train-00006-of-00007.parquet:rg11:r76,1,calibration,orpheus:recording:Orpheus:train-00006-of-00007.parquet:rg11:r76,,C:\Users\Mahesh\Desktop\Projects\sih-2026\data\syntheticvoice\orpheus_tts_english_indian_multispeaker\data\train-00006-of-00007.parquet,11,76,audio,Orpheus
Orpheus:train-00006-of-00007.parquet:rg11:r95,1,calibration,orpheus:recording:Orpheus:train-00006-of-00007.parquet:rg11:r95,,C:\Users\Mahesh\Desktop\Projects\sih-2026\data\syntheticvoice\orpheus_tts_english_indian_multispeaker\data\train-00006-of-00007.parquet,11,95,audio,Orpheus
Orpheus:train-00006-of-00007.parquet:rg12:r2,1,calibration,orpheus:recording:Orpheus:train-00006-of-00007.parquet:rg12:r2,,C:\Users\Mahesh\Desktop\Projects\sih-2026\data\syntheticvoice\orpheus_tts_english_indian_multispeaker\data\train-00006-of-00007.parquet,12,2,audio,Orpheus
Orpheus:train-00006-of-00007.parquet:rg12:r26,1,calibration,orpheus:recording:Orpheus:train-00006-of-00007.parquet:rg12:r26,,C:\Users\Mahesh\Desktop\Projects\sih-2026\data\syntheticvoice\orpheus_tts_english_indian_multispeaker\data\train-00006-of-00007.parquet,12,26,audio,Orpheus
Orpheus:train-00006-of-00007.parquet:rg12:r30,1,calibration,orpheus:recording:Orpheus:train-00006-of-00007.parquet:rg12:r30,,C:\Users\Mahesh\Desktop\Projects\sih-2026\data\syntheticvoice\orpheus_tts_english_indian_multispeaker\data\train-00006-of-00007.parquet,12,30,audio,Orpheus
Orpheus:train-00006-of-00007.parquet:rg12:r38,1,calibration,orpheus:recording:Orpheus:train-00006-of-00007.parquet:rg12:r38,,C:\Users\Mahesh\Desktop\Projects\sih-2026\data\syntheticvoice\orpheus_tts_english_indian_multispeaker\data\train-00006-of-00007.parquet,12,38,audio,Orpheus
Orpheus:train-00006-of-00007.parquet:rg12:r40,1,calibration,orpheus:recording:Orpheus:train-00006-of-00007.parquet:rg12:r40,,C:\Users\Mahesh\Desktop\Projects\sih-2026\data\syntheticvoice\orpheus_tts_english_indian_multispeaker\data\train-00006-of-00007.parquet,12,40,audio,Orpheus
Orpheus:train-00006-of-00007.parquet:rg12:r47,1,calibration,orpheus:recording:Orpheus:train-00006-of-00007.parquet:rg12:r47,,C:\Users\Mahesh\Desktop\Projects\sih-2026\data\syntheticvoice\orpheus_tts_english_indian_multispeaker\data\train-00006-of-00007.parquet,12,47,audio,Orpheus
Orpheus:train-00006-of-00007.parquet:rg12:r49,1,calibration,orpheus:recording:Orpheus:train-00006-of-00007.parquet:rg12:r49,,C:\Users\Mahesh\Desktop\Projects\sih-2026\data\syntheticvoice\orpheus_tts_english_indian_multispeaker\data\train-00006-of-00007.parquet,12,49,audio,Orpheus
Orpheus:train-00006-of-00007.parquet:rg12:r64,1,calibration,orpheus:recording:Orpheus:train-00006-of-00007.parquet:rg12:r64,,C:\Users\Mahesh\Desktop\Projects\sih-2026\data\syntheticvoice\orpheus_tts_english_indian_multispeaker\data\train-00006-of-00007.parquet,12,64,audio,Orpheus
Orpheus:train-00006-of-00007.parquet:rg12:r87,1,calibration,orpheus:recording:Orpheus:train-00006-of-00007.parquet:rg12:r87,,C:\Users\Mahesh\Desktop\Projects\sih-2026\data\syntheticvoice\orpheus_tts_english_indian_multispeaker\data\train-00006-of-00007.parquet,12,87,audio,Orpheus
Orpheus:train-00006-of-00007.parquet:rg12:r92,1,calibration,orpheus:recording:Orpheus:train-00006-of-00007.parquet:rg12:r92,,C:\Users\Mahesh\Desktop\Projects\sih-2026\data\syntheticvoice\orpheus_tts_english_indian_multispeaker\data\train-00006-of-00007.parquet,12,92,audio,Orpheus
Orpheus:train-00006-of-00007.parquet:rg12:r99,1,calibration,orpheus:recording:Orpheus:train-00006-of-00007.parquet:rg12:r99,,C:\Users\Mahesh\Desktop\Projects\sih-2026\data\syntheticvoice\orpheus_tts_english_indian_multispeaker\data\train-00006-of-00007.parquet,12,99,audio,Orpheus
Orpheus:train-00006-of-00007.parquet:rg13:r17,1,calibration,orpheus:recording:Orpheus:train-00006-of-00007.parquet:rg13:r17,,C:\Users\Mahesh\Desktop\Projects\sih-2026\data\syntheticvoice\orpheus_tts_english_indian_multispeaker\data\train-00006-of-00007.parquet,13,17,audio,Orpheus
Orpheus:train-00006-of-00007.parquet:rg13:r19,1,calibration,orpheus:recording:Orpheus:train-00006-of-00007.parquet:rg13:r19,,C:\Users\Mahesh\Desktop\Projects\sih-2026\data\syntheticvoice\orpheus_tts_english_indian_multispeaker\data\train-00006-of-00007.parquet,13,19,audio,Orpheus
Orpheus:train-00006-of-00007.parquet:rg13:r31,1,calibration,orpheus:recording:Orpheus:train-00006-of-00007.parquet:rg13:r31,,C:\Users\Mahesh\Desktop\Projects\sih-2026\data\syntheticvoice\orpheus_tts_english_indian_multispeaker\data\train-00006-of-00007.parquet,13,31,audio,Orpheus
Orpheus:train-00006-of-00007.parquet:rg13:r36,1,calibration,orpheus:recording:Orpheus:train-00006-of-00007.parquet:rg13:r36,,C:\Users\Mahesh\Desktop\Projects\sih-2026\data\syntheticvoice\orpheus_tts_english_indian_multispeaker\data\train-00006-of-00007.parquet,13,36,audio,Orpheus
Orpheus:train-00006-of-00007.parquet:rg13:r40,1,calibration,orpheus:recording:Orpheus:train-00006-of-00007.parquet:rg13:r40,,C:\Users\Mahesh\Desktop\Projects\sih-2026\data\syntheticvoice\orpheus_tts_english_indian_multispeaker\data\train-00006-of-00007.parquet,13,40,audio,Orpheus
Orpheus:train-00006-of-00007.parquet:rg13:r49,1,calibration,orpheus:recording:Orpheus:train-00006-of-00007.parquet:rg13:r49,,C:\Users\Mahesh\Desktop\Projects\sih-2026\data\syntheticvoice\orpheus_tts_english_indian_multispeaker\data\train-00006-of-00007.parquet,13,49,audio,Orpheus
Orpheus:train-00006-of-00007.parquet:rg13:r53,1,calibration,orpheus:recording:Orpheus:train-00006-of-00007.parquet:rg13:r53,,C:\Users\Mahesh\Desktop\Projects\sih-2026\data\syntheticvoice\orpheus_tts_english_indian_multispeaker\data\train-00006-of-00007.parquet,13,53,audio,Orpheus
Orpheus:train-00006-of-00007.parquet:rg13:r60,1,calibration,orpheus:recording:Orpheus:train-00006-of-00007.parquet:rg13:r60,,C:\Users\Mahesh\Desktop\Projects\sih-2026\data\syntheticvoice\orpheus_tts_english_indian_multispeaker\data\train-00006-of-00007.parquet,13,60,audio,Orpheus
Orpheus:train-00006-of-00007.parquet:rg13:r90,1,calibration,orpheus:recording:Orpheus:train-00006-of-00007.parquet:rg13:r90,,C:\Users\Mahesh\Desktop\Projects\sih-2026\data\syntheticvoice\orpheus_tts_english_indian_multispeaker\data\train-00006-of-00007.parquet,13,90,audio,Orpheus
Orpheus:train-00006-of-00007.parquet:rg14:r1,1,calibration,orpheus:recording:Orpheus:train-00006-of-00007.parquet:rg14:r1,,C:\Users\Mahesh\Desktop\Projects\sih-2026\data\syntheticvoice\orpheus_tts_english_indian_multispeaker\data\train-00006-of-00007.parquet,14,1,audio,Orpheus
Orpheus:train-00006-of-00007.parquet:rg14:r16,1,calibration,orpheus:recording:Orpheus:train-00006-of-00007.parquet:rg14:r16,,C:\Users\Mahesh\Desktop\Projects\sih-2026\data\syntheticvoice\orpheus_tts_english_indian_multispeaker\data\train-00006-of-00007.parquet,14,16,audio,Orpheus
Orpheus:train-00006-of-00007.parquet:rg14:r51,1,calibration,orpheus:recording:Orpheus:train-00006-of-00007.parquet:rg14:r51,,C:\Users\Mahesh\Desktop\Projects\sih-2026\data\syntheticvoice\orpheus_tts_english_indian_multispeaker\data\train-00006-of-00007.parquet,14,51,audio,Orpheus
Orpheus:train-00006-of-00007.parquet:rg14:r74,1,calibration,orpheus:recording:Orpheus:train-00006-of-00007.parquet:rg14:r74,,C:\Users\Mahesh\Desktop\Projects\sih-2026\data\syntheticvoice\orpheus_tts_english_indian_multispeaker\data\train-00006-of-00007.parquet,14,74,audio,Orpheus
Orpheus:train-00006-of-00007.parquet:rg14:r87,1,calibration,orpheus:recording:Orpheus:train-00006-of-00007.parquet:rg14:r87,,C:\Users\Mahesh\Desktop\Projects\sih-2026\data\syntheticvoice\orpheus_tts_english_indian_multispeaker\data\train-00006-of-00007.parquet,14,87,audio,Orpheus
Orpheus:train-00006-of-00007.parquet:rg15:r11,1,calibration,orpheus:recording:Orpheus:train-00006-of-00007.parquet:rg15:r11,,C:\Users\Mahesh\Desktop\Projects\sih-2026\data\syntheticvoice\orpheus_tts_english_indian_multispeaker\data\train-00006-of-00007.parquet,15,11,audio,Orpheus
Orpheus:train-00006-of-00007.parquet:rg15:r22,1,calibration,orpheus:recording:Orpheus:train-00006-of-00007.parquet:rg15:r22,,C:\Users\Mahesh\Desktop\Projects\sih-2026\data\syntheticvoice\orpheus_tts_english_indian_multispeaker\data\train-00006-of-00007.parquet,15,22,audio,Orpheus
Orpheus:train-00006-of-00007.parquet:rg15:r24,1,calibration,orpheus:recording:Orpheus:train-00006-of-00007.parquet:rg15:r24,,C:\Users\Mahesh\Desktop\Projects\sih-2026\data\syntheticvoice\orpheus_tts_english_indian_multispeaker\data\train-00006-of-00007.parquet,15,24,audio,Orpheus
Orpheus:train-00006-of-00007.parquet:rg15:r42,1,calibration,orpheus:recording:Orpheus:train-00006-of-00007.parquet:rg15:r42,,C:\Users\Mahesh\Desktop\Projects\sih-2026\data\syntheticvoice\orpheus_tts_english_indian_multispeaker\data\train-00006-of-00007.parquet,15,42,audio,Orpheus
Orpheus:train-00006-of-00007.parquet:rg15:r58,1,calibration,orpheus:recording:Orpheus:train-00006-of-00007.parquet:rg15:r58,,C:\Users\Mahesh\Desktop\Projects\sih-2026\data\syntheticvoice\orpheus_tts_english_indian_multispeaker\data\train-00006-of-00007.parquet,15,58,audio,Orpheus
Orpheus:train-00006-of-00007.parquet:rg15:r60,1,calibration,orpheus:recording:Orpheus:train-00006-of-00007.parquet:rg15:r60,,C:\Users\Mahesh\Desktop\Projects\sih-2026\data\syntheticvoice\orpheus_tts_english_indian_multispeaker\data\train-00006-of-00007.parquet,15,60,audio,Orpheus
Orpheus:train-00006-of-00007.parquet:rg15:r65,1,calibration,orpheus:recording:Orpheus:train-00006-of-00007.parquet:rg15:r65,,C:\Users\Mahesh\Desktop\Projects\sih-2026\data\syntheticvoice\orpheus_tts_english_indian_multispeaker\data\train-00006-of-00007.parquet,15,65,audio,Orpheus
Orpheus:train-00006-of-00007.parquet:rg15:r83,1,calibration,orpheus:recording:Orpheus:train-00006-of-00007.parquet:rg15:r83,,C:\Users\Mahesh\Desktop\Projects\sih-2026\data\syntheticvoice\orpheus_tts_english_indian_multispeaker\data\train-00006-of-00007.parquet,15,83,audio,Orpheus
Orpheus:train-00006-of-00007.parquet:rg15:r89,1,calibration,orpheus:recording:Orpheus:train-00006-of-00007.parquet:rg15:r89,,C:\Users\Mahesh\Desktop\Projects\sih-2026\data\syntheticvoice\orpheus_tts_english_indian_multispeaker\data\train-00006-of-00007.parquet,15,89,audio,Orpheus
Orpheus:train-00006-of-00007.parquet:rg15:r93,1,calibration,orpheus:recording:Orpheus:train-00006-of-00007.parquet:rg15:r93,,C:\Users\Mahesh\Desktop\Projects\sih-2026\data\syntheticvoice\orpheus_tts_english_indian_multispeaker\data\train-00006-of-00007.parquet,15,93,audio,Orpheus
Orpheus:train-00006-of-00007.parquet:rg15:r95,1,calibration,orpheus:recording:Orpheus:train-00006-of-00007.parquet:rg15:r95,,C:\Users\Mahesh\Desktop\Projects\sih-2026\data\syntheticvoice\orpheus_tts_english_indian_multispeaker\data\train-00006-of-00007.parquet,15,95,audio,Orpheus
Orpheus:train-00006-of-00007.parquet:rg16:r3,1,calibration,orpheus:recording:Orpheus:train-00006-of-00007.parquet:rg16:r3,,C:\Users\Mahesh\Desktop\Projects\sih-2026\data\syntheticvoice\orpheus_tts_english_indian_multispeaker\data\train-00006-of-00007.parquet,16,3,audio,Orpheus
Orpheus:train-00006-of-00007.parquet:rg16:r10,1,calibration,orpheus:recording:Orpheus:train-00006-of-00007.parquet:rg16:r10,,C:\Users\Mahesh\Desktop\Projects\sih-2026\data\syntheticvoice\orpheus_tts_english_indian_multispeaker\data\train-00006-of-00007.parquet,16,10,audio,Orpheus
Orpheus:train-00006-of-00007.parquet:rg16:r16,1,calibration,orpheus:recording:Orpheus:train-00006-of-00007.parquet:rg16:r16,,C:\Users\Mahesh\Desktop\Projects\sih-2026\data\syntheticvoice\orpheus_tts_english_indian_multispeaker\data\train-00006-of-00007.parquet,16,16,audio,Orpheus
Orpheus:train-00006-of-00007.parquet:rg16:r24,1,calibration,orpheus:recording:Orpheus:train-00006-of-00007.parquet:rg16:r24,,C:\Users\Mahesh\Desktop\Projects\sih-2026\data\syntheticvoice\orpheus_tts_english_indian_multispeaker\data\train-00006-of-00007.parquet,16,24,audio,Orpheus
Orpheus:train-00006-of-00007.parquet:rg16:r25,1,calibration,orpheus:recording:Orpheus:train-00006-of-00007.parquet:rg16:r25,,C:\Users\Mahesh\Desktop\Projects\sih-2026\data\syntheticvoice\orpheus_tts_english_indian_multispeaker\data\train-00006-of-00007.parquet,16,25,audio,Orpheus
Orpheus:train-00006-of-00007.parquet:rg16:r27,1,calibration,orpheus:recording:Orpheus:train-00006-of-00007.parquet:rg16:r27,,C:\Users\Mahesh\Desktop\Projects\sih-2026\data\syntheticvoice\orpheus_tts_english_indian_multispeaker\data\train-00006-of-00007.parquet,16,27,audio,Orpheus
Orpheus:train-00006-of-00007.parquet:rg16:r28,1,calibration,orpheus:recording:Orpheus:train-00006-of-00007.parquet:rg16:r28,,C:\Users\Mahesh\Desktop\Projects\sih-2026\data\syntheticvoice\orpheus_tts_english_indian_multispeaker\data\train-00006-of-00007.parquet,16,28,audio,Orpheus
Orpheus:train-00006-of-00007.parquet:rg16:r30,1,calibration,orpheus:recording:Orpheus:train-00006-of-00007.parquet:rg16:r30,,C:\Users\Mahesh\Desktop\Projects\sih-2026\data\syntheticvoice\orpheus_tts_english_indian_multispeaker\data\train-00006-of-00007.parquet,16,30,audio,Orpheus
Orpheus:train-00006-of-00007.parquet:rg16:r38,1,calibration,orpheus:recording:Orpheus:train-00006-of-00007.parquet:rg16:r38,,C:\Users\Mahesh\Desktop\Projects\sih-2026\data\syntheticvoice\orpheus_tts_english_indian_multispeaker\data\train-00006-of-00007.parquet,16,38,audio,Orpheus
Orpheus:train-00006-of-00007.parquet:rg16:r40,1,calibration,orpheus:recording:Orpheus:train-00006-of-00007.parquet:rg16:r40,,C:\Users\Mahesh\Desktop\Projects\sih-2026\data\syntheticvoice\orpheus_tts_english_indian_multispeaker\data\train-00006-of-00007.parquet,16,40,audio,Orpheus
Orpheus:train-00006-of-00007.parquet:rg16:r45,1,calibration,orpheus:recording:Orpheus:train-00006-of-00007.parquet:rg16:r45,,C:\Users\Mahesh\Desktop\Projects\sih-2026\data\syntheticvoice\orpheus_tts_english_indian_multispeaker\data\train-00006-of-00007.parquet,16,45,audio,Orpheus
Orpheus:train-00006-of-00007.parquet:rg16:r65,1,calibration,orpheus:recording:Orpheus:train-00006-of-00007.parquet:rg16:r65,,C:\Users\Mahesh\Desktop\Projects\sih-2026\data\syntheticvoice\orpheus_tts_english_indian_multispeaker\data\train-00006-of-00007.parquet,16,65,audio,Orpheus
Orpheus:train-00006-of-00007.parquet:rg16:r71,1,calibration,orpheus:recording:Orpheus:train-00006-of-00007.parquet:rg16:r71,,C:\Users\Mahesh\Desktop\Projects\sih-2026\data\syntheticvoice\orpheus_tts_english_indian_multispeaker\data\train-00006-of-00007.parquet,16,71,audio,Orpheus
Orpheus:train-00006-of-00007.parquet:rg16:r75,1,calibration,orpheus:recording:Orpheus:train-00006-of-00007.parquet:rg16:r75,,C:\Users\Mahesh\Desktop\Projects\sih-2026\data\syntheticvoice\orpheus_tts_english_indian_multispeaker\data\train-00006-of-00007.parquet,16,75,audio,Orpheus
Orpheus:train-00006-of-00007.parquet:rg16:r80,1,calibration,orpheus:recording:Orpheus:train-00006-of-00007.parquet:rg16:r80,,C:\Users\Mahesh\Desktop\Projects\sih-2026\data\syntheticvoice\orpheus_tts_english_indian_multispeaker\data\train-00006-of-00007.parquet,16,80,audio,Orpheus
Orpheus:train-00006-of-00007.parquet:rg16:r85,1,calibration,orpheus:recording:Orpheus:train-00006-of-00007.parquet:rg16:r85,,C:\Users\Mahesh\Desktop\Projects\sih-2026\data\syntheticvoice\orpheus_tts_english_indian_multispeaker\data\train-00006-of-00007.parquet,16,85,audio,Orpheus
Orpheus:train-00006-of-00007.parquet:rg16:r91,1,calibration,orpheus:recording:Orpheus:train-00006-of-00007.parquet:rg16:r91,,C:\Users\Mahesh\Desktop\Projects\sih-2026\data\syntheticvoice\orpheus_tts_english_indian_multispeaker\data\train-00006-of-00007.parquet,16,91,audio,Orpheus
Orpheus:train-00006-of-00007.parquet:rg17:r7,1,calibration,orpheus:recording:Orpheus:train-00006-of-00007.parquet:rg17:r7,,C:\Users\Mahesh\Desktop\Projects\sih-2026\data\syntheticvoice\orpheus_tts_english_indian_multispeaker\data\train-00006-of-00007.parquet,17,7,audio,Orpheus
Orpheus:train-00006-of-00007.parquet:rg17:r9,1,calibration,orpheus:recording:Orpheus:train-00006-of-00007.parquet:rg17:r9,,C:\Users\Mahesh\Desktop\Projects\sih-2026\data\syntheticvoice\orpheus_tts_english_indian_multispeaker\data\train-00006-of-00007.parquet,17,9,audio,Orpheus
Orpheus:train-00006-of-00007.parquet:rg17:r27,1,calibration,orpheus:recording:Orpheus:train-00006-of-00007.parquet:rg17:r27,,C:\Users\Mahesh\Desktop\Projects\sih-2026\data\syntheticvoice\orpheus_tts_english_indian_multispeaker\data\train-00006-of-00007.parquet,17,27,audio,Orpheus
Orpheus:train-00006-of-00007.parquet:rg17:r30,1,calibration,orpheus:recording:Orpheus:train-00006-of-00007.parquet:rg17:r30,,C:\Users\Mahesh\Desktop\Projects\sih-2026\data\syntheticvoice\orpheus_tts_english_indian_multispeaker\data\train-00006-of-00007.parquet,17,30,audio,Orpheus
Orpheus:train-00006-of-00007.parquet:rg17:r41,1,calibration,orpheus:recording:Orpheus:train-00006-of-00007.parquet:rg17:r41,,C:\Users\Mahesh\Desktop\Projects\sih-2026\data\syntheticvoice\orpheus_tts_english_indian_multispeaker\data\train-00006-of-00007.parquet,17,41,audio,Orpheus
Orpheus:train-00006-of-00007.parquet:rg17:r53,1,calibration,orpheus:recording:Orpheus:train-00006-of-00007.parquet:rg17:r53,,C:\Users\Mahesh\Desktop\Projects\sih-2026\data\syntheticvoice\orpheus_tts_english_indian_multispeaker\data\train-00006-of-00007.parquet,17,53,audio,Orpheus
Orpheus:train-00006-of-00007.parquet:rg17:r54,1,calibration,orpheus:recording:Orpheus:train-00006-of-00007.parquet:rg17:r54,,C:\Users\Mahesh\Desktop\Projects\sih-2026\data\syntheticvoice\orpheus_tts_english_indian_multispeaker\data\train-00006-of-00007.parquet,17,54,audio,Orpheus
Orpheus:train-00006-of-00007.parquet:rg17:r65,1,calibration,orpheus:recording:Orpheus:train-00006-of-00007.parquet:rg17:r65,,C:\Users\Mahesh\Desktop\Projects\sih-2026\data\syntheticvoice\orpheus_tts_english_indian_multispeaker\data\train-00006-of-00007.parquet,17,65,audio,Orpheus
Orpheus:train-00006-of-00007.parquet:rg17:r72,1,calibration,orpheus:recording:Orpheus:train-00006-of-00007.parquet:rg17:r72,,C:\Users\Mahesh\Desktop\Projects\sih-2026\data\syntheticvoice\orpheus_tts_english_indian_multispeaker\data\train-00006-of-00007.parquet,17,72,audio,Orpheus
Orpheus:train-00006-of-00007.parquet:rg17:r76,1,calibration,orpheus:recording:Orpheus:train-00006-of-00007.parquet:rg17:r76,,C:\Users\Mahesh\Desktop\Projects\sih-2026\data\syntheticvoice\orpheus_tts_english_indian_multispeaker\data\train-00006-of-00007.parquet,17,76,audio,Orpheus
Orpheus:train-00006-of-00007.parquet:rg17:r85,1,calibration,orpheus:recording:Orpheus:train-00006-of-00007.parquet:rg17:r85,,C:\Users\Mahesh\Desktop\Projects\sih-2026\data\syntheticvoice\orpheus_tts_english_indian_multispeaker\data\train-00006-of-00007.parquet,17,85,audio,Orpheus
Orpheus:train-00006-of-00007.parquet:rg17:r87,1,calibration,orpheus:recording:Orpheus:train-00006-of-00007.parquet:rg17:r87,,C:\Users\Mahesh\Desktop\Projects\sih-2026\data\syntheticvoice\orpheus_tts_english_indian_multispeaker\data\train-00006-of-00007.parquet,17,87,audio,Orpheus
Orpheus:train-00006-of-00007.parquet:rg18:r14,1,calibration,orpheus:recording:Orpheus:train-00006-of-00007.parquet:rg18:r14,,C:\Users\Mahesh\Desktop\Projects\sih-2026\data\syntheticvoice\orpheus_tts_english_indian_multispeaker\data\train-00006-of-00007.parquet,18,14,audio,Orpheus
Orpheus:train-00006-of-00007.parquet:rg18:r17,1,calibration,orpheus:recording:Orpheus:train-00006-of-00007.parquet:rg18:r17,,C:\Users\Mahesh\Desktop\Projects\sih-2026\data\syntheticvoice\orpheus_tts_english_indian_multispeaker\data\train-00006-of-00007.parquet,18,17,audio,Orpheus
Orpheus:train-00006-of-00007.parquet:rg18:r27,1,calibration,orpheus:recording:Orpheus:train-00006-of-00007.parquet:rg18:r27,,C:\Users\Mahesh\Desktop\Projects\sih-2026\data\syntheticvoice\orpheus_tts_english_indian_multispeaker\data\train-00006-of-00007.parquet,18,27,audio,Orpheus
Orpheus:train-00006-of-00007.parquet:rg18:r53,1,calibration,orpheus:recording:Orpheus:train-00006-of-00007.parquet:rg18:r53,,C:\Users\Mahesh\Desktop\Projects\sih-2026\data\syntheticvoice\orpheus_tts_english_indian_multispeaker\data\train-00006-of-00007.parquet,18,53,audio,Orpheus
Orpheus:train-00006-of-00007.parquet:rg18:r80,1,calibration,orpheus:recording:Orpheus:train-00006-of-00007.parquet:rg18:r80,,C:\Users\Mahesh\Desktop\Projects\sih-2026\data\syntheticvoice\orpheus_tts_english_indian_multispeaker\data\train-00006-of-00007.parquet,18,80,audio,Orpheus
Orpheus:train-00006-of-00007.parquet:rg18:r87,1,calibration,orpheus:recording:Orpheus:train-00006-of-00007.parquet:rg18:r87,,C:\Users\Mahesh\Desktop\Projects\sih-2026\data\syntheticvoice\orpheus_tts_english_indian_multispeaker\data\train-00006-of-00007.parquet,18,87,audio,Orpheus
indic-audio:bed_hindi:0002.wav,1,calibration,indic-audio:recording:indic-audio:bed_hindi:0002.wav,C:\Users\Mahesh\Desktop\Projects\sih-2026\data\syntheticvoice\indic-audio\audio\bed_hindi\0002.wav,,-1,-1,,indic-audio
indic-audio:bed_hindi:0005.wav,1,calibration,indic-audio:recording:indic-audio:bed_hindi:0005.wav,C:\Users\Mahesh\Desktop\Projects\sih-2026\data\syntheticvoice\indic-audio\audio\bed_hindi\0005.wav,,-1,-1,,indic-audio
indic-audio:bed_hindi:0010.wav,1,calibration,indic-audio:recording:indic-audio:bed_hindi:0010.wav,C:\Users\Mahesh\Desktop\Projects\sih-2026\data\syntheticvoice\indic-audio\audio\bed_hindi\0010.wav,,-1,-1,,indic-audio
indic-audio:bed_hindi:0028.wav,1,calibration,indic-audio:recording:indic-audio:bed_hindi:0028.wav,C:\Users\Mahesh\Desktop\Projects\sih-2026\data\syntheticvoice\indic-audio\audio\bed_hindi\0028.wav,,-1,-1,,indic-audio
indic-audio:bed_hindi:0034.wav,1,calibration,indic-audio:recording:indic-audio:bed_hindi:0034.wav,C:\Users\Mahesh\Desktop\Projects\sih-2026\data\syntheticvoice\indic-audio\audio\bed_hindi\0034.wav,,-1,-1,,indic-audio
indic-audio:bed_hindi:0065.wav,1,calibration,indic-audio:recording:indic-audio:bed_hindi:0065.wav,C:\Users\Mahesh\Desktop\Projects\sih-2026\data\syntheticvoice\indic-audio\audio\bed_hindi\0065.wav,,-1,-1,,indic-audio
indic-audio:bed_hindi:0069.wav,1,calibration,indic-audio:recording:indic-audio:bed_hindi:0069.wav,C:\Users\Mahesh\Desktop\Projects\sih-2026\data\syntheticvoice\indic-audio\audio\bed_hindi\0069.wav,,-1,-1,,indic-audio
indic-audio:bed_hindi:0073.wav,1,calibration,indic-audio:recording:indic-audio:bed_hindi:0073.wav,C:\Users\Mahesh\Desktop\Projects\sih-2026\data\syntheticvoice\indic-audio\audio\bed_hindi\0073.wav,,-1,-1,,indic-audio
indic-audio:bed_hindi:0075.wav,1,calibration,indic-audio:recording:indic-audio:bed_hindi:0075.wav,C:\Users\Mahesh\Desktop\Projects\sih-2026\data\syntheticvoice\indic-audio\audio\bed_hindi\0075.wav,,-1,-1,,indic-audio
indic-audio:bed_hindi:0090.wav,1,calibration,indic-audio:recording:indic-audio:bed_hindi:0090.wav,C:\Users\Mahesh\Desktop\Projects\sih-2026\data\syntheticvoice\indic-audio\audio\bed_hindi\0090.wav,,-1,-1,,indic-audio
indic-audio:bed_hindi:0102.wav,1,calibration,indic-audio:recording:indic-audio:bed_hindi:0102.wav,C:\Users\Mahesh\Desktop\Projects\sih-2026\data\syntheticvoice\indic-audio\audio\bed_hindi\0102.wav,,-1,-1,,indic-audio
indic-audio:bed_hindi:0113.wav,1,calibration,indic-audio:recording:indic-audio:bed_hindi:0113.wav,C:\Users\Mahesh\Desktop\Projects\sih-2026\data\syntheticvoice\indic-audio\audio\bed_hindi\0113.wav,,-1,-1,,indic-audio
indic-audio:bed_hindi:0120.wav,1,calibration,indic-audio:recording:indic-audio:bed_hindi:0120.wav,C:\Users\Mahesh\Desktop\Projects\sih-2026\data\syntheticvoice\indic-audio\audio\bed_hindi\0120.wav,,-1,-1,,indic-audio
indic-audio:bed_hindi:0133.wav,1,calibration,indic-audio:recording:indic-audio:bed_hindi:0133.wav,C:\Users\Mahesh\Desktop\Projects\sih-2026\data\syntheticvoice\indic-audio\audio\bed_hindi\0133.wav,,-1,-1,,indic-audio
indic-audio:bed_hindi:0132.wav,1,calibration,indic-audio:recording:indic-audio:bed_hindi:0132.wav,C:\Users\Mahesh\Desktop\Projects\sih-2026\data\syntheticvoice\indic-audio\audio\bed_hindi\0132.wav,,-1,-1,,indic-audio
indic-audio:bed_hindi:0137.wav,1,calibration,indic-audio:recording:indic-audio:bed_hindi:0137.wav,C:\Users\Mahesh\Desktop\Projects\sih-2026\data\syntheticvoice\indic-audio\audio\bed_hindi\0137.wav,,-1,-1,,indic-audio
indic-audio:bed_hindi:0155.wav,1,calibration,indic-audio:recording:indic-audio:bed_hindi:0155.wav,C:\Users\Mahesh\Desktop\Projects\sih-2026\data\syntheticvoice\indic-audio\audio\bed_hindi\0155.wav,,-1,-1,,indic-audio
indic-audio:bed_hindi:0175.wav,1,calibration,indic-audio:recording:indic-audio:bed_hindi:0175.wav,C:\Users\Mahesh\Desktop\Projects\sih-2026\data\syntheticvoice\indic-audio\audio\bed_hindi\0175.wav,,-1,-1,,indic-audio
indic-audio:bed_hindi:0210.wav,1,calibration,indic-audio:recording:indic-audio:bed_hindi:0210.wav,C:\Users\Mahesh\Desktop\Projects\sih-2026\data\syntheticvoice\indic-audio\audio\bed_hindi\0210.wav,,-1,-1,,indic-audio
indic-audio:bed_hindi:0214.wav,1,calibration,indic-audio:recording:indic-audio:bed_hindi:0214.wav,C:\Users\Mahesh\Desktop\Projects\sih-2026\data\syntheticvoice\indic-audio\audio\bed_hindi\0214.wav,,-1,-1,,indic-audio
indic-audio:bed_hindi:0222.wav,1,calibration,indic-audio:recording:indic-audio:bed_hindi:0222.wav,C:\Users\Mahesh\Desktop\Projects\sih-2026\data\syntheticvoice\indic-audio\audio\bed_hindi\0222.wav,,-1,-1,,indic-audio
indic-audio:bed_hindi:0267.wav,1,calibration,indic-audio:recording:indic-audio:bed_hindi:0267.wav,C:\Users\Mahesh\Desktop\Projects\sih-2026\data\syntheticvoice\indic-audio\audio\bed_hindi\0267.wav,,-1,-1,,indic-audio
indic-audio:bed_hindi:0279.wav,1,calibration,indic-audio:recording:indic-audio:bed_hindi:0279.wav,C:\Users\Mahesh\Desktop\Projects\sih-2026\data\syntheticvoice\indic-audio\audio\bed_hindi\0279.wav,,-1,-1,,indic-audio
indic-audio:bed_hindi:0291.wav,1,calibration,indic-audio:recording:indic-audio:bed_hindi:0291.wav,C:\Users\Mahesh\Desktop\Projects\sih-2026\data\syntheticvoice\indic-audio\audio\bed_hindi\0291.wav,,-1,-1,,indic-audio
indic-audio:bed_hindi:0304.wav,1,calibration,indic-audio:recording:indic-audio:bed_hindi:0304.wav,C:\Users\Mahesh\Desktop\Projects\sih-2026\data\syntheticvoice\indic-audio\audio\bed_hindi\0304.wav,,-1,-1,,indic-audio
indic-audio:bed_hindi:0315.wav,1,calibration,indic-audio:recording:indic-audio:bed_hindi:0315.wav,C:\Users\Mahesh\Desktop\Projects\sih-2026\data\syntheticvoice\indic-audio\audio\bed_hindi\0315.wav,,-1,-1,,indic-audio
indic-audio:bed_hindi:0330.wav,1,calibration,indic-audio:recording:indic-audio:bed_hindi:0330.wav,C:\Users\Mahesh\Desktop\Projects\sih-2026\data\syntheticvoice\indic-audio\audio\bed_hindi\0330.wav,,-1,-1,,indic-audio
indic-audio:bed_hindi:0350.wav,1,calibration,indic-audio:recording:indic-audio:bed_hindi:0350.wav,C:\Users\Mahesh\Desktop\Projects\sih-2026\data\syntheticvoice\indic-audio\audio\bed_hindi\0350.wav,,-1,-1,,indic-audio
indic-audio:bed_hindi:0386.wav,1,calibration,indic-audio:recording:indic-audio:bed_hindi:0386.wav,C:\Users\Mahesh\Desktop\Projects\sih-2026\data\syntheticvoice\indic-audio\audio\bed_hindi\0386.wav,,-1,-1,,indic-audio
indic-audio:bed_hindi:0399.wav,1,calibration,indic-audio:recording:indic-audio:bed_hindi:0399.wav,C:\Users\Mahesh\Desktop\Projects\sih-2026\data\syntheticvoice\indic-audio\audio\bed_hindi\0399.wav,,-1,-1,,indic-audio
indic-audio:bed_hindi:0409.wav,1,calibration,indic-audio:recording:indic-audio:bed_hindi:0409.wav,C:\Users\Mahesh\Desktop\Projects\sih-2026\data\syntheticvoice\indic-audio\audio\bed_hindi\0409.wav,,-1,-1,,indic-audio
indic-audio:bed_hindi:0419.wav,1,calibration,indic-audio:recording:indic-audio:bed_hindi:0419.wav,C:\Users\Mahesh\Desktop\Projects\sih-2026\data\syntheticvoice\indic-audio\audio\bed_hindi\0419.wav,,-1,-1,,indic-audio
indic-audio:bed_hindi:0422.wav,1,calibration,indic-audio:recording:indic-audio:bed_hindi:0422.wav,C:\Users\Mahesh\Desktop\Projects\sih-2026\data\syntheticvoice\indic-audio\audio\bed_hindi\0422.wav,,-1,-1,,indic-audio
indic-audio:bed_hindi:0437.wav,1,calibration,indic-audio:recording:indic-audio:bed_hindi:0437.wav,C:\Users\Mahesh\Desktop\Projects\sih-2026\data\syntheticvoice\indic-audio\audio\bed_hindi\0437.wav,,-1,-1,,indic-audio
indic-audio:bed_hindi:0453.wav,1,calibration,indic-audio:recording:indic-audio:bed_hindi:0453.wav,C:\Users\Mahesh\Desktop\Projects\sih-2026\data\syntheticvoice\indic-audio\audio\bed_hindi\0453.wav,,-1,-1,,indic-audio
indic-audio:bed_hindi:0464.wav,1,calibration,indic-audio:recording:indic-audio:bed_hindi:0464.wav,C:\Users\Mahesh\Desktop\Projects\sih-2026\data\syntheticvoice\indic-audio\audio\bed_hindi\0464.wav,,-1,-1,,indic-audio
indic-audio:bed_hindi:0470.wav,1,calibration,indic-audio:recording:indic-audio:bed_hindi:0470.wav,C:\Users\Mahesh\Desktop\Projects\sih-2026\data\syntheticvoice\indic-audio\audio\bed_hindi\0470.wav,,-1,-1,,indic-audio
indic-audio:bed_hindi:0469.wav,1,calibration,indic-audio:recording:indic-audio:bed_hindi:0469.wav,C:\Users\Mahesh\Desktop\Projects\sih-2026\data\syntheticvoice\indic-audio\audio\bed_hindi\0469.wav,,-1,-1,,indic-audio
indic-audio:bed_hindi:0473.wav,1,calibration,indic-audio:recording:indic-audio:bed_hindi:0473.wav,C:\Users\Mahesh\Desktop\Projects\sih-2026\data\syntheticvoice\indic-audio\audio\bed_hindi\0473.wav,,-1,-1,,indic-audio
indic-audio:bed_hindi:0477.wav,1,calibration,indic-audio:recording:indic-audio:bed_hindi:0477.wav,C:\Users\Mahesh\Desktop\Projects\sih-2026\data\syntheticvoice\indic-audio\audio\bed_hindi\0477.wav,,-1,-1,,indic-audio
indic-audio:bed_hindi:0497.wav,1,calibration,indic-audio:recording:indic-audio:bed_hindi:0497.wav,C:\Users\Mahesh\Desktop\Projects\sih-2026\data\syntheticvoice\indic-audio\audio\bed_hindi\0497.wav,,-1,-1,,indic-audio
indic-audio:bed_hindi:0506.wav,1,calibration,indic-audio:recording:indic-audio:bed_hindi:0506.wav,C:\Users\Mahesh\Desktop\Projects\sih-2026\data\syntheticvoice\indic-audio\audio\bed_hindi\0506.wav,,-1,-1,,indic-audio
indic-audio:bed_hindi:0561.wav,1,calibration,indic-audio:recording:indic-audio:bed_hindi:0561.wav,C:\Users\Mahesh\Desktop\Projects\sih-2026\data\syntheticvoice\indic-audio\audio\bed_hindi\0561.wav,,-1,-1,,indic-audio
indic-audio:bed_hindi:0572.wav,1,calibration,indic-audio:recording:indic-audio:bed_hindi:0572.wav,C:\Users\Mahesh\Desktop\Projects\sih-2026\data\syntheticvoice\indic-audio\audio\bed_hindi\0572.wav,,-1,-1,,indic-audio
indic-audio:bed_hindi:0577.wav,1,calibration,indic-audio:recording:indic-audio:bed_hindi:0577.wav,C:\Users\Mahesh\Desktop\Projects\sih-2026\data\syntheticvoice\indic-audio\audio\bed_hindi\0577.wav,,-1,-1,,indic-audio
indic-audio:bed_hindi:0584.wav,1,calibration,indic-audio:recording:indic-audio:bed_hindi:0584.wav,C:\Users\Mahesh\Desktop\Projects\sih-2026\data\syntheticvoice\indic-audio\audio\bed_hindi\0584.wav,,-1,-1,,indic-audio
indic-audio:bed_hindi:0596.wav,1,calibration,indic-audio:recording:indic-audio:bed_hindi:0596.wav,C:\Users\Mahesh\Desktop\Projects\sih-2026\data\syntheticvoice\indic-audio\audio\bed_hindi\0596.wav,,-1,-1,,indic-audio
indic-audio:bed_hindi:0597.wav,1,calibration,indic-audio:recording:indic-audio:bed_hindi:0597.wav,C:\Users\Mahesh\Desktop\Projects\sih-2026\data\syntheticvoice\indic-audio\audio\bed_hindi\0597.wav,,-1,-1,,indic-audio
indic-audio:bed_hindi:0610.wav,1,calibration,indic-audio:recording:indic-audio:bed_hindi:0610.wav,C:\Users\Mahesh\Desktop\Projects\sih-2026\data\syntheticvoice\indic-audio\audio\bed_hindi\0610.wav,,-1,-1,,indic-audio
indic-audio:bed_hindi:0616.wav,1,calibration,indic-audio:recording:indic-audio:bed_hindi:0616.wav,C:\Users\Mahesh\Desktop\Projects\sih-2026\data\syntheticvoice\indic-audio\audio\bed_hindi\0616.wav,,-1,-1,,indic-audio
indic-audio:bed_hindi:0622.wav,1,calibration,indic-audio:recording:indic-audio:bed_hindi:0622.wav,C:\Users\Mahesh\Desktop\Projects\sih-2026\data\syntheticvoice\indic-audio\audio\bed_hindi\0622.wav,,-1,-1,,indic-audio
indic-audio:bed_hindi:0647.wav,1,calibration,indic-audio:recording:indic-audio:bed_hindi:0647.wav,C:\Users\Mahesh\Desktop\Projects\sih-2026\data\syntheticvoice\indic-audio\audio\bed_hindi\0647.wav,,-1,-1,,indic-audio
indic-audio:bed_hindi:0659.wav,1,calibration,indic-audio:recording:indic-audio:bed_hindi:0659.wav,C:\Users\Mahesh\Desktop\Projects\sih-2026\data\syntheticvoice\indic-audio\audio\bed_hindi\0659.wav,,-1,-1,,indic-audio
indic-audio:bed_hindi:0671.wav,1,calibration,indic-audio:recording:indic-audio:bed_hindi:0671.wav,C:\Users\Mahesh\Desktop\Projects\sih-2026\data\syntheticvoice\indic-audio\audio\bed_hindi\0671.wav,,-1,-1,,indic-audio
indic-audio:bed_hindi:0682.wav,1,calibration,indic-audio:recording:indic-audio:bed_hindi:0682.wav,C:\Users\Mahesh\Desktop\Projects\sih-2026\data\syntheticvoice\indic-audio\audio\bed_hindi\0682.wav,,-1,-1,,indic-audio
indic-audio:bed_hindi:0685.wav,1,calibration,indic-audio:recording:indic-audio:bed_hindi:0685.wav,C:\Users\Mahesh\Desktop\Projects\sih-2026\data\syntheticvoice\indic-audio\audio\bed_hindi\0685.wav,,-1,-1,,indic-audio
indic-audio:bed_hindi:0699.wav,1,calibration,indic-audio:recording:indic-audio:bed_hindi:0699.wav,C:\Users\Mahesh\Desktop\Projects\sih-2026\data\syntheticvoice\indic-audio\audio\bed_hindi\0699.wav,,-1,-1,,indic-audio
indic-audio:bed_hindi:0712.wav,1,calibration,indic-audio:recording:indic-audio:bed_hindi:0712.wav,C:\Users\Mahesh\Desktop\Projects\sih-2026\data\syntheticvoice\indic-audio\audio\bed_hindi\0712.wav,,-1,-1,,indic-audio
indic-audio:bed_hindi:0731.wav,1,calibration,indic-audio:recording:indic-audio:bed_hindi:0731.wav,C:\Users\Mahesh\Desktop\Projects\sih-2026\data\syntheticvoice\indic-audio\audio\bed_hindi\0731.wav,,-1,-1,,indic-audio
indic-audio:bed_hindi:0752.wav,1,calibration,indic-audio:recording:indic-audio:bed_hindi:0752.wav,C:\Users\Mahesh\Desktop\Projects\sih-2026\data\syntheticvoice\indic-audio\audio\bed_hindi\0752.wav,,-1,-1,,indic-audio
indic-audio:bed_hindi:0761.wav,1,calibration,indic-audio:recording:indic-audio:bed_hindi:0761.wav,C:\Users\Mahesh\Desktop\Projects\sih-2026\data\syntheticvoice\indic-audio\audio\bed_hindi\0761.wav,,-1,-1,,indic-audio
indic-audio:bed_hindi:0764.wav,1,calibration,indic-audio:recording:indic-audio:bed_hindi:0764.wav,C:\Users\Mahesh\Desktop\Projects\sih-2026\data\syntheticvoice\indic-audio\audio\bed_hindi\0764.wav,,-1,-1,,indic-audio
indic-audio:bed_hindi:0768.wav,1,calibration,indic-audio:recording:indic-audio:bed_hindi:0768.wav,C:\Users\Mahesh\Desktop\Projects\sih-2026\data\syntheticvoice\indic-audio\audio\bed_hindi\0768.wav,,-1,-1,,indic-audio
indic-audio:bed_hindi:0803.wav,1,calibration,indic-audio:recording:indic-audio:bed_hindi:0803.wav,C:\Users\Mahesh\Desktop\Projects\sih-2026\data\syntheticvoice\indic-audio\audio\bed_hindi\0803.wav,,-1,-1,,indic-audio
indic-audio:bed_hindi:0821.wav,1,calibration,indic-audio:recording:indic-audio:bed_hindi:0821.wav,C:\Users\Mahesh\Desktop\Projects\sih-2026\data\syntheticvoice\indic-audio\audio\bed_hindi\0821.wav,,-1,-1,,indic-audio
indic-audio:bed_hindi:0831.wav,1,calibration,indic-audio:recording:indic-audio:bed_hindi:0831.wav,C:\Users\Mahesh\Desktop\Projects\sih-2026\data\syntheticvoice\indic-audio\audio\bed_hindi\0831.wav,,-1,-1,,indic-audio
indic-audio:bed_hindi:0842.wav,1,calibration,indic-audio:recording:indic-audio:bed_hindi:0842.wav,C:\Users\Mahesh\Desktop\Projects\sih-2026\data\syntheticvoice\indic-audio\audio\bed_hindi\0842.wav,,-1,-1,,indic-audio
indic-audio:bed_hindi:0841.wav,1,calibration,indic-audio:recording:indic-audio:bed_hindi:0841.wav,C:\Users\Mahesh\Desktop\Projects\sih-2026\data\syntheticvoice\indic-audio\audio\bed_hindi\0841.wav,,-1,-1,,indic-audio
indic-audio:bed_hindi:0849.wav,1,calibration,indic-audio:recording:indic-audio:bed_hindi:0849.wav,C:\Users\Mahesh\Desktop\Projects\sih-2026\data\syntheticvoice\indic-audio\audio\bed_hindi\0849.wav,,-1,-1,,indic-audio
indic-audio:bed_hindi:0861.wav,1,calibration,indic-audio:recording:indic-audio:bed_hindi:0861.wav,C:\Users\Mahesh\Desktop\Projects\sih-2026\data\syntheticvoice\indic-audio\audio\bed_hindi\0861.wav,,-1,-1,,indic-audio
indic-audio:bed_hindi:0866.wav,1,calibration,indic-audio:recording:indic-audio:bed_hindi:0866.wav,C:\Users\Mahesh\Desktop\Projects\sih-2026\data\syntheticvoice\indic-audio\audio\bed_hindi\0866.wav,,-1,-1,,indic-audio
indic-audio:bed_hindi:0869.wav,1,calibration,indic-audio:recording:indic-audio:bed_hindi:0869.wav,C:\Users\Mahesh\Desktop\Projects\sih-2026\data\syntheticvoice\indic-audio\audio\bed_hindi\0869.wav,,-1,-1,,indic-audio
indic-audio:bed_hindi:0872.wav,1,calibration,indic-audio:recording:indic-audio:bed_hindi:0872.wav,C:\Users\Mahesh\Desktop\Projects\sih-2026\data\syntheticvoice\indic-audio\audio\bed_hindi\0872.wav,,-1,-1,,indic-audio
indic-audio:bed_hindi:0879.wav,1,calibration,indic-audio:recording:indic-audio:bed_hindi:0879.wav,C:\Users\Mahesh\Desktop\Projects\sih-2026\data\syntheticvoice\indic-audio\audio\bed_hindi\0879.wav,,-1,-1,,indic-audio
indic-audio:bed_hindi:0889.wav,1,calibration,indic-audio:recording:indic-audio:bed_hindi:0889.wav,C:\Users\Mahesh\Desktop\Projects\sih-2026\data\syntheticvoice\indic-audio\audio\bed_hindi\0889.wav,,-1,-1,,indic-audio
indic-audio:bed_hindi:0894.wav,1,calibration,indic-audio:recording:indic-audio:bed_hindi:0894.wav,C:\Users\Mahesh\Desktop\Projects\sih-2026\data\syntheticvoice\indic-audio\audio\bed_hindi\0894.wav,,-1,-1,,indic-audio
indic-audio:bed_hindi:0900.wav,1,calibration,indic-audio:recording:indic-audio:bed_hindi:0900.wav,C:\Users\Mahesh\Desktop\Projects\sih-2026\data\syntheticvoice\indic-audio\audio\bed_hindi\0900.wav,,-1,-1,,indic-audio
indic-audio:bed_hindi:0902.wav,1,calibration,indic-audio:recording:indic-audio:bed_hindi:0902.wav,C:\Users\Mahesh\Desktop\Projects\sih-2026\data\syntheticvoice\indic-audio\audio\bed_hindi\0902.wav,,-1,-1,,indic-audio
indic-audio:bed_hindi:0917.wav,1,calibration,indic-audio:recording:indic-audio:bed_hindi:0917.wav,C:\Users\Mahesh\Desktop\Projects\sih-2026\data\syntheticvoice\indic-audio\audio\bed_hindi\0917.wav,,-1,-1,,indic-audio
indic-audio:bed_hindi:0924.wav,1,calibration,indic-audio:recording:indic-audio:bed_hindi:0924.wav,C:\Users\Mahesh\Desktop\Projects\sih-2026\data\syntheticvoice\indic-audio\audio\bed_hindi\0924.wav,,-1,-1,,indic-audio
indic-audio:bed_hindi:0932.wav,1,calibration,indic-audio:recording:indic-audio:bed_hindi:0932.wav,C:\Users\Mahesh\Desktop\Projects\sih-2026\data\syntheticvoice\indic-audio\audio\bed_hindi\0932.wav,,-1,-1,,indic-audio
indic-audio:bed_hindi:0943.wav,1,calibration,indic-audio:recording:indic-audio:bed_hindi:0943.wav,C:\Users\Mahesh\Desktop\Projects\sih-2026\data\syntheticvoice\indic-audio\audio\bed_hindi\0943.wav,,-1,-1,,indic-audio
indic-audio:bed_hindi:0964.wav,1,calibration,indic-audio:recording:indic-audio:bed_hindi:0964.wav,C:\Users\Mahesh\Desktop\Projects\sih-2026\data\syntheticvoice\indic-audio\audio\bed_hindi\0964.wav,,-1,-1,,indic-audio
indic-audio:bed_hindi:0983.wav,1,calibration,indic-audio:recording:indic-audio:bed_hindi:0983.wav,C:\Users\Mahesh\Desktop\Projects\sih-2026\data\syntheticvoice\indic-audio\audio\bed_hindi\0983.wav,,-1,-1,,indic-audio
indic-audio:bed_hindi:0992.wav,1,calibration,indic-audio:recording:indic-audio:bed_hindi:0992.wav,C:\Users\Mahesh\Desktop\Projects\sih-2026\data\syntheticvoice\indic-audio\audio\bed_hindi\0992.wav,,-1,-1,,indic-audio
indic-audio:bed_hindi:0994.wav,1,calibration,indic-audio:recording:indic-audio:bed_hindi:0994.wav,C:\Users\Mahesh\Desktop\Projects\sih-2026\data\syntheticvoice\indic-audio\audio\bed_hindi\0994.wav,,-1,-1,,indic-audio
indic-audio:bed_hindi:0997.wav,1,calibration,indic-audio:recording:indic-audio:bed_hindi:0997.wav,C:\Users\Mahesh\Desktop\Projects\sih-2026\data\syntheticvoice\indic-audio\audio\bed_hindi\0997.wav,,-1,-1,,indic-audio
indic-audio:bed_hindi:0998.wav,1,calibration,indic-audio:recording:indic-audio:bed_hindi:0998.wav,C:\Users\Mahesh\Desktop\Projects\sih-2026\data\syntheticvoice\indic-audio\audio\bed_hindi\0998.wav,,-1,-1,,indic-audio
indic-audio:bed_hindi:1003.wav,1,calibration,indic-audio:recording:indic-audio:bed_hindi:1003.wav,C:\Users\Mahesh\Desktop\Projects\sih-2026\data\syntheticvoice\indic-audio\audio\bed_hindi\1003.wav,,-1,-1,,indic-audio
indic-audio:bed_hindi:1006.wav,1,calibration,indic-audio:recording:indic-audio:bed_hindi:1006.wav,C:\Users\Mahesh\Desktop\Projects\sih-2026\data\syntheticvoice\indic-audio\audio\bed_hindi\1006.wav,,-1,-1,,indic-audio
indic-audio:bed_hindi:1004.wav,1,calibration,indic-audio:recording:indic-audio:bed_hindi:1004.wav,C:\Users\Mahesh\Desktop\Projects\sih-2026\data\syntheticvoice\indic-audio\audio\bed_hindi\1004.wav,,-1,-1,,indic-audio
indic-audio:bed_hindi:1013.wav,1,calibration,indic-audio:recording:indic-audio:bed_hindi:1013.wav,C:\Users\Mahesh\Desktop\Projects\sih-2026\data\syntheticvoice\indic-audio\audio\bed_hindi\1013.wav,,-1,-1,,indic-audio
indic-audio:bed_hindi:1020.wav,1,calibration,indic-audio:recording:indic-audio:bed_hindi:1020.wav,C:\Users\Mahesh\Desktop\Projects\sih-2026\data\syntheticvoice\indic-audio\audio\bed_hindi\1020.wav,,-1,-1,,indic-audio
indic-audio:bed_hindi:1027.wav,1,calibration,indic-audio:recording:indic-audio:bed_hindi:1027.wav,C:\Users\Mahesh\Desktop\Projects\sih-2026\data\syntheticvoice\indic-audio\audio\bed_hindi\1027.wav,,-1,-1,,indic-audio
indic-audio:bed_hindi:1028.wav,1,calibration,indic-audio:recording:indic-audio:bed_hindi:1028.wav,C:\Users\Mahesh\Desktop\Projects\sih-2026\data\syntheticvoice\indic-audio\audio\bed_hindi\1028.wav,,-1,-1,,indic-audio
indic-audio:bed_hindi:1036.wav,1,calibration,indic-audio:recording:indic-audio:bed_hindi:1036.wav,C:\Users\Mahesh\Desktop\Projects\sih-2026\data\syntheticvoice\indic-audio\audio\bed_hindi\1036.wav,,-1,-1,,indic-audio
indic-audio:bed_hindi:1041.wav,1,calibration,indic-audio:recording:indic-audio:bed_hindi:1041.wav,C:\Users\Mahesh\Desktop\Projects\sih-2026\data\syntheticvoice\indic-audio\audio\bed_hindi\1041.wav,,-1,-1,,indic-audio
indic-audio:bed_hindi:1046.wav,1,calibration,indic-audio:recording:indic-audio:bed_hindi:1046.wav,C:\Users\Mahesh\Desktop\Projects\sih-2026\data\syntheticvoice\indic-audio\audio\bed_hindi\1046.wav,,-1,-1,,indic-audio
indic-audio:bed_hindi:1054.wav,1,calibration,indic-audio:recording:indic-audio:bed_hindi:1054.wav,C:\Users\Mahesh\Desktop\Projects\sih-2026\data\syntheticvoice\indic-audio\audio\bed_hindi\1054.wav,,-1,-1,,indic-audio
indic-audio:bed_hindi:1072.wav,1,calibration,indic-audio:recording:indic-audio:bed_hindi:1072.wav,C:\Users\Mahesh\Desktop\Projects\sih-2026\data\syntheticvoice\indic-audio\audio\bed_hindi\1072.wav,,-1,-1,,indic-audio
indic-audio:bed_hindi:1092.wav,1,calibration,indic-audio:recording:indic-audio:bed_hindi:1092.wav,C:\Users\Mahesh\Desktop\Projects\sih-2026\data\syntheticvoice\indic-audio\audio\bed_hindi\1092.wav,,-1,-1,,indic-audio
indic-audio:bed_hindi:1105.wav,1,calibration,indic-audio:recording:indic-audio:bed_hindi:1105.wav,C:\Users\Mahesh\Desktop\Projects\sih-2026\data\syntheticvoice\indic-audio\audio\bed_hindi\1105.wav,,-1,-1,,indic-audio
indic-audio:bed_hindi:1113.wav,1,calibration,indic-audio:recording:indic-audio:bed_hindi:1113.wav,C:\Users\Mahesh\Desktop\Projects\sih-2026\data\syntheticvoice\indic-audio\audio\bed_hindi\1113.wav,,-1,-1,,indic-audio
indic-audio:bed_hindi:1115.wav,1,calibration,indic-audio:recording:indic-audio:bed_hindi:1115.wav,C:\Users\Mahesh\Desktop\Projects\sih-2026\data\syntheticvoice\indic-audio\audio\bed_hindi\1115.wav,,-1,-1,,indic-audio
indic-audio:bed_hindi:1124.wav,1,calibration,indic-audio:recording:indic-audio:bed_hindi:1124.wav,C:\Users\Mahesh\Desktop\Projects\sih-2026\data\syntheticvoice\indic-audio\audio\bed_hindi\1124.wav,,-1,-1,,indic-audio
indic-audio:bed_hindi:1128.wav,1,calibration,indic-audio:recording:indic-audio:bed_hindi:1128.wav,C:\Users\Mahesh\Desktop\Projects\sih-2026\data\syntheticvoice\indic-audio\audio\bed_hindi\1128.wav,,-1,-1,,indic-audio
indic-audio:bed_hindi:1131.wav,1,calibration,indic-audio:recording:indic-audio:bed_hindi:1131.wav,C:\Users\Mahesh\Desktop\Projects\sih-2026\data\syntheticvoice\indic-audio\audio\bed_hindi\1131.wav,,-1,-1,,indic-audio
indic-audio:bed_hindi:1151.wav,1,calibration,indic-audio:recording:indic-audio:bed_hindi:1151.wav,C:\Users\Mahesh\Desktop\Projects\sih-2026\data\syntheticvoice\indic-audio\audio\bed_hindi\1151.wav,,-1,-1,,indic-audio
indic-audio:bed_hindi:1155.wav,1,calibration,indic-audio:recording:indic-audio:bed_hindi:1155.wav,C:\Users\Mahesh\Desktop\Projects\sih-2026\data\syntheticvoice\indic-audio\audio\bed_hindi\1155.wav,,-1,-1,,indic-audio
indic-audio:bed_hindi:1156.wav,1,calibration,indic-audio:recording:indic-audio:bed_hindi:1156.wav,C:\Users\Mahesh\Desktop\Projects\sih-2026\data\syntheticvoice\indic-audio\audio\bed_hindi\1156.wav,,-1,-1,,indic-audio
indic-audio:bed_hindi:1164.wav,1,calibration,indic-audio:recording:indic-audio:bed_hindi:1164.wav,C:\Users\Mahesh\Desktop\Projects\sih-2026\data\syntheticvoice\indic-audio\audio\bed_hindi\1164.wav,,-1,-1,,indic-audio
indic-audio:bed_hindi:1166.wav,1,calibration,indic-audio:recording:indic-audio:bed_hindi:1166.wav,C:\Users\Mahesh\Desktop\Projects\sih-2026\data\syntheticvoice\indic-audio\audio\bed_hindi\1166.wav,,-1,-1,,indic-audio
indic-audio:bed_hindi:1165.wav,1,calibration,indic-audio:recording:indic-audio:bed_hindi:1165.wav,C:\Users\Mahesh\Desktop\Projects\sih-2026\data\syntheticvoice\indic-audio\audio\bed_hindi\1165.wav,,-1,-1,,indic-audio
indic-audio:bed_hindi:1170.wav,1,calibration,indic-audio:recording:indic-audio:bed_hindi:1170.wav,C:\Users\Mahesh\Desktop\Projects\sih-2026\data\syntheticvoice\indic-audio\audio\bed_hindi\1170.wav,,-1,-1,,indic-audio
indic-audio:bed_hindi:1174.wav,1,calibration,indic-audio:recording:indic-audio:bed_hindi:1174.wav,C:\Users\Mahesh\Desktop\Projects\sih-2026\data\syntheticvoice\indic-audio\audio\bed_hindi\1174.wav,,-1,-1,,indic-audio
indic-audio:bed_hindi:1178.wav,1,calibration,indic-audio:recording:indic-audio:bed_hindi:1178.wav,C:\Users\Mahesh\Desktop\Projects\sih-2026\data\syntheticvoice\indic-audio\audio\bed_hindi\1178.wav,,-1,-1,,indic-audio
indic-audio:bed_hindi:1259.wav,1,calibration,indic-audio:recording:indic-audio:bed_hindi:1259.wav,C:\Users\Mahesh\Desktop\Projects\sih-2026\data\syntheticvoice\indic-audio\audio\bed_hindi\1259.wav,,-1,-1,,indic-audio
indic-audio:bed_hindi:1267.wav,1,calibration,indic-audio:recording:indic-audio:bed_hindi:1267.wav,C:\Users\Mahesh\Desktop\Projects\sih-2026\data\syntheticvoice\indic-audio\audio\bed_hindi\1267.wav,,-1,-1,,indic-audio
indic-audio:bed_hindi:1276.wav,1,calibration,indic-audio:recording:indic-audio:bed_hindi:1276.wav,C:\Users\Mahesh\Desktop\Projects\sih-2026\data\syntheticvoice\indic-audio\audio\bed_hindi\1276.wav,,-1,-1,,indic-audio
indic-audio:bed_hindi:1283.wav,1,calibration,indic-audio:recording:indic-audio:bed_hindi:1283.wav,C:\Users\Mahesh\Desktop\Projects\sih-2026\data\syntheticvoice\indic-audio\audio\bed_hindi\1283.wav,,-1,-1,,indic-audio
indic-audio:bed_hindi:1294.wav,1,calibration,indic-audio:recording:indic-audio:bed_hindi:1294.wav,C:\Users\Mahesh\Desktop\Projects\sih-2026\data\syntheticvoice\indic-audio\audio\bed_hindi\1294.wav,,-1,-1,,indic-audio
indic-audio:bed_hindi:1303.wav,1,calibration,indic-audio:recording:indic-audio:bed_hindi:1303.wav,C:\Users\Mahesh\Desktop\Projects\sih-2026\data\syntheticvoice\indic-audio\audio\bed_hindi\1303.wav,,-1,-1,,indic-audio
indic-audio:bed_hindi:1310.wav,1,calibration,indic-audio:recording:indic-audio:bed_hindi:1310.wav,C:\Users\Mahesh\Desktop\Projects\sih-2026\data\syntheticvoice\indic-audio\audio\bed_hindi\1310.wav,,-1,-1,,indic-audio
indic-audio:bed_hindi:1309.wav,1,calibration,indic-audio:recording:indic-audio:bed_hindi:1309.wav,C:\Users\Mahesh\Desktop\Projects\sih-2026\data\syntheticvoice\indic-audio\audio\bed_hindi\1309.wav,,-1,-1,,indic-audio
indic-audio:bed_hindi:1319.wav,1,calibration,indic-audio:recording:indic-audio:bed_hindi:1319.wav,C:\Users\Mahesh\Desktop\Projects\sih-2026\data\syntheticvoice\indic-audio\audio\bed_hindi\1319.wav,,-1,-1,,indic-audio
indic-audio:bed_hindi:1324.wav,1,calibration,indic-audio:recording:indic-audio:bed_hindi:1324.wav,C:\Users\Mahesh\Desktop\Projects\sih-2026\data\syntheticvoice\indic-audio\audio\bed_hindi\1324.wav,,-1,-1,,indic-audio
indic-audio:bed_hindi:1335.wav,1,calibration,indic-audio:recording:indic-audio:bed_hindi:1335.wav,C:\Users\Mahesh\Desktop\Projects\sih-2026\data\syntheticvoice\indic-audio\audio\bed_hindi\1335.wav,,-1,-1,,indic-audio
indic-audio:bed_hindi:1338.wav,1,calibration,indic-audio:recording:indic-audio:bed_hindi:1338.wav,C:\Users\Mahesh\Desktop\Projects\sih-2026\data\syntheticvoice\indic-audio\audio\bed_hindi\1338.wav,,-1,-1,,indic-audio
indic-audio:bed_hindi:1339.wav,1,calibration,indic-audio:recording:indic-audio:bed_hindi:1339.wav,C:\Users\Mahesh\Desktop\Projects\sih-2026\data\syntheticvoice\indic-audio\audio\bed_hindi\1339.wav,,-1,-1,,indic-audio
indic-audio:bed_hindi:1341.wav,1,calibration,indic-audio:recording:indic-audio:bed_hindi:1341.wav,C:\Users\Mahesh\Desktop\Projects\sih-2026\data\syntheticvoice\indic-audio\audio\bed_hindi\1341.wav,,-1,-1,,indic-audio
indic-audio:bed_hindi:1345.wav,1,calibration,indic-audio:recording:indic-audio:bed_hindi:1345.wav,C:\Users\Mahesh\Desktop\Projects\sih-2026\data\syntheticvoice\indic-audio\audio\bed_hindi\1345.wav,,-1,-1,,indic-audio
indic-audio:bed_hindi:1361.wav,1,calibration,indic-audio:recording:indic-audio:bed_hindi:1361.wav,C:\Users\Mahesh\Desktop\Projects\sih-2026\data\syntheticvoice\indic-audio\audio\bed_hindi\1361.wav,,-1,-1,,indic-audio
indic-audio:bed_hindi:1394.wav,1,calibration,indic-audio:recording:indic-audio:bed_hindi:1394.wav,C:\Users\Mahesh\Desktop\Projects\sih-2026\data\syntheticvoice\indic-audio\audio\bed_hindi\1394.wav,,-1,-1,,indic-audio
indic-audio:bed_hindi:1404.wav,1,calibration,indic-audio:recording:indic-audio:bed_hindi:1404.wav,C:\Users\Mahesh\Desktop\Projects\sih-2026\data\syntheticvoice\indic-audio\audio\bed_hindi\1404.wav,,-1,-1,,indic-audio
indic-audio:bed_hindi:1399.wav,1,calibration,indic-audio:recording:indic-audio:bed_hindi:1399.wav,C:\Users\Mahesh\Desktop\Projects\sih-2026\data\syntheticvoice\indic-audio\audio\bed_hindi\1399.wav,,-1,-1,,indic-audio
indic-audio:bed_hindi:1415.wav,1,calibration,indic-audio:recording:indic-audio:bed_hindi:1415.wav,C:\Users\Mahesh\Desktop\Projects\sih-2026\data\syntheticvoice\indic-audio\audio\bed_hindi\1415.wav,,-1,-1,,indic-audio
indic-audio:bed_hindi:1439.wav,1,calibration,indic-audio:recording:indic-audio:bed_hindi:1439.wav,C:\Users\Mahesh\Desktop\Projects\sih-2026\data\syntheticvoice\indic-audio\audio\bed_hindi\1439.wav,,-1,-1,,indic-audio
indic-audio:bed_hindi:1443.wav,1,calibration,indic-audio:recording:indic-audio:bed_hindi:1443.wav,C:\Users\Mahesh\Desktop\Projects\sih-2026\data\syntheticvoice\indic-audio\audio\bed_hindi\1443.wav,,-1,-1,,indic-audio
indic-audio:bed_hindi:1441.wav,1,calibration,indic-audio:recording:indic-audio:bed_hindi:1441.wav,C:\Users\Mahesh\Desktop\Projects\sih-2026\data\syntheticvoice\indic-audio\audio\bed_hindi\1441.wav,,-1,-1,,indic-audio
indic-audio:bed_hindi:1450.wav,1,calibration,indic-audio:recording:indic-audio:bed_hindi:1450.wav,C:\Users\Mahesh\Desktop\Projects\sih-2026\data\syntheticvoice\indic-audio\audio\bed_hindi\1450.wav,,-1,-1,,indic-audio
indic-audio:bed_hindi:1470.wav,1,calibration,indic-audio:recording:indic-audio:bed_hindi:1470.wav,C:\Users\Mahesh\Desktop\Projects\sih-2026\data\syntheticvoice\indic-audio\audio\bed_hindi\1470.wav,,-1,-1,,indic-audio
indic-audio:bed_hindi:1467.wav,1,calibration,indic-audio:recording:indic-audio:bed_hindi:1467.wav,C:\Users\Mahesh\Desktop\Projects\sih-2026\data\syntheticvoice\indic-audio\audio\bed_hindi\1467.wav,,-1,-1,,indic-audio
indic-audio:bed_hindi:1515.wav,1,calibration,indic-audio:recording:indic-audio:bed_hindi:1515.wav,C:\Users\Mahesh\Desktop\Projects\sih-2026\data\syntheticvoice\indic-audio\audio\bed_hindi\1515.wav,,-1,-1,,indic-audio
indic-audio:bed_hindi:1517.wav,1,calibration,indic-audio:recording:indic-audio:bed_hindi:1517.wav,C:\Users\Mahesh\Desktop\Projects\sih-2026\data\syntheticvoice\indic-audio\audio\bed_hindi\1517.wav,,-1,-1,,indic-audio
indic-audio:bed_hindi:1521.wav,1,calibration,indic-audio:recording:indic-audio:bed_hindi:1521.wav,C:\Users\Mahesh\Desktop\Projects\sih-2026\data\syntheticvoice\indic-audio\audio\bed_hindi\1521.wav,,-1,-1,,indic-audio
indic-audio:bed_hindi:1555.wav,1,calibration,indic-audio:recording:indic-audio:bed_hindi:1555.wav,C:\Users\Mahesh\Desktop\Projects\sih-2026\data\syntheticvoice\indic-audio\audio\bed_hindi\1555.wav,,-1,-1,,indic-audio
indic-audio:bed_hindi:1556.wav,1,calibration,indic-audio:recording:indic-audio:bed_hindi:1556.wav,C:\Users\Mahesh\Desktop\Projects\sih-2026\data\syntheticvoice\indic-audio\audio\bed_hindi\1556.wav,,-1,-1,,indic-audio
indic-audio:bed_hindi:1558.wav,1,calibration,indic-audio:recording:indic-audio:bed_hindi:1558.wav,C:\Users\Mahesh\Desktop\Projects\sih-2026\data\syntheticvoice\indic-audio\audio\bed_hindi\1558.wav,,-1,-1,,indic-audio
indic-audio:bed_hindi:1567.wav,1,calibration,indic-audio:recording:indic-audio:bed_hindi:1567.wav,C:\Users\Mahesh\Desktop\Projects\sih-2026\data\syntheticvoice\indic-audio\audio\bed_hindi\1567.wav,,-1,-1,,indic-audio
indic-audio:bed_hindi:1571.wav,1,calibration,indic-audio:recording:indic-audio:bed_hindi:1571.wav,C:\Users\Mahesh\Desktop\Projects\sih-2026\data\syntheticvoice\indic-audio\audio\bed_hindi\1571.wav,,-1,-1,,indic-audio
indic-audio:bed_hindi:1575.wav,1,calibration,indic-audio:recording:indic-audio:bed_hindi:1575.wav,C:\Users\Mahesh\Desktop\Projects\sih-2026\data\syntheticvoice\indic-audio\audio\bed_hindi\1575.wav,,-1,-1,,indic-audio
indic-audio:bed_hindi:1576.wav,1,calibration,indic-audio:recording:indic-audio:bed_hindi:1576.wav,C:\Users\Mahesh\Desktop\Projects\sih-2026\data\syntheticvoice\indic-audio\audio\bed_hindi\1576.wav,,-1,-1,,indic-audio
indic-audio:bed_hindi:1583.wav,1,calibration,indic-audio:recording:indic-audio:bed_hindi:1583.wav,C:\Users\Mahesh\Desktop\Projects\sih-2026\data\syntheticvoice\indic-audio\audio\bed_hindi\1583.wav,,-1,-1,,indic-audio
indic-audio:bed_hindi:1589.wav,1,calibration,indic-audio:recording:indic-audio:bed_hindi:1589.wav,C:\Users\Mahesh\Desktop\Projects\sih-2026\data\syntheticvoice\indic-audio\audio\bed_hindi\1589.wav,,-1,-1,,indic-audio
indic-audio:bed_hindi:1596.wav,1,calibration,indic-audio:recording:indic-audio:bed_hindi:1596.wav,C:\Users\Mahesh\Desktop\Projects\sih-2026\data\syntheticvoice\indic-audio\audio\bed_hindi\1596.wav,,-1,-1,,indic-audio
indic-audio:bed_hindi:1595.wav,1,calibration,indic-audio:recording:indic-audio:bed_hindi:1595.wav,C:\Users\Mahesh\Desktop\Projects\sih-2026\data\syntheticvoice\indic-audio\audio\bed_hindi\1595.wav,,-1,-1,,indic-audio
indic-audio:bed_hindi:1601.wav,1,calibration,indic-audio:recording:indic-audio:bed_hindi:1601.wav,C:\Users\Mahesh\Desktop\Projects\sih-2026\data\syntheticvoice\indic-audio\audio\bed_hindi\1601.wav,,-1,-1,,indic-audio
indic-audio:bed_hindi:1615.wav,1,calibration,indic-audio:recording:indic-audio:bed_hindi:1615.wav,C:\Users\Mahesh\Desktop\Projects\sih-2026\data\syntheticvoice\indic-audio\audio\bed_hindi\1615.wav,,-1,-1,,indic-audio
indic-audio:bed_hindi:1632.wav,1,calibration,indic-audio:recording:indic-audio:bed_hindi:1632.wav,C:\Users\Mahesh\Desktop\Projects\sih-2026\data\syntheticvoice\indic-audio\audio\bed_hindi\1632.wav,,-1,-1,,indic-audio
indic-audio:bed_hindi:1638.wav,1,calibration,indic-audio:recording:indic-audio:bed_hindi:1638.wav,C:\Users\Mahesh\Desktop\Projects\sih-2026\data\syntheticvoice\indic-audio\audio\bed_hindi\1638.wav,,-1,-1,,indic-audio
indic-audio:bed_hindi:1643.wav,1,calibration,indic-audio:recording:indic-audio:bed_hindi:1643.wav,C:\Users\Mahesh\Desktop\Projects\sih-2026\data\syntheticvoice\indic-audio\audio\bed_hindi\1643.wav,,-1,-1,,indic-audio
indic-audio:bed_hindi:1673.wav,1,calibration,indic-audio:recording:indic-audio:bed_hindi:1673.wav,C:\Users\Mahesh\Desktop\Projects\sih-2026\data\syntheticvoice\indic-audio\audio\bed_hindi\1673.wav,,-1,-1,,indic-audio
indic-audio:bed_hindi:1685.wav,1,calibration,indic-audio:recording:indic-audio:bed_hindi:1685.wav,C:\Users\Mahesh\Desktop\Projects\sih-2026\data\syntheticvoice\indic-audio\audio\bed_hindi\1685.wav,,-1,-1,,indic-audio
indic-audio:bed_hindi:1702.wav,1,calibration,indic-audio:recording:indic-audio:bed_hindi:1702.wav,C:\Users\Mahesh\Desktop\Projects\sih-2026\data\syntheticvoice\indic-audio\audio\bed_hindi\1702.wav,,-1,-1,,indic-audio
indic-audio:bed_hindi:1711.wav,1,calibration,indic-audio:recording:indic-audio:bed_hindi:1711.wav,C:\Users\Mahesh\Desktop\Projects\sih-2026\data\syntheticvoice\indic-audio\audio\bed_hindi\1711.wav,,-1,-1,,indic-audio
indic-audio:bed_hindi:1708.wav,1,calibration,indic-audio:recording:indic-audio:bed_hindi:1708.wav,C:\Users\Mahesh\Desktop\Projects\sih-2026\data\syntheticvoice\indic-audio\audio\bed_hindi\1708.wav,,-1,-1,,indic-audio
indic-audio:bed_hindi:1724.wav,1,calibration,indic-audio:recording:indic-audio:bed_hindi:1724.wav,C:\Users\Mahesh\Desktop\Projects\sih-2026\data\syntheticvoice\indic-audio\audio\bed_hindi\1724.wav,,-1,-1,,indic-audio
indic-audio:bed_hindi:1726.wav,1,calibration,indic-audio:recording:indic-audio:bed_hindi:1726.wav,C:\Users\Mahesh\Desktop\Projects\sih-2026\data\syntheticvoice\indic-audio\audio\bed_hindi\1726.wav,,-1,-1,,indic-audio
indic-audio:bed_hindi:1727.wav,1,calibration,indic-audio:recording:indic-audio:bed_hindi:1727.wav,C:\Users\Mahesh\Desktop\Projects\sih-2026\data\syntheticvoice\indic-audio\audio\bed_hindi\1727.wav,,-1,-1,,indic-audio
indic-audio:bed_hindi:1734.wav,1,calibration,indic-audio:recording:indic-audio:bed_hindi:1734.wav,C:\Users\Mahesh\Desktop\Projects\sih-2026\data\syntheticvoice\indic-audio\audio\bed_hindi\1734.wav,,-1,-1,,indic-audio
indic-audio:bed_hindi:1738.wav,1,calibration,indic-audio:recording:indic-audio:bed_hindi:1738.wav,C:\Users\Mahesh\Desktop\Projects\sih-2026\data\syntheticvoice\indic-audio\audio\bed_hindi\1738.wav,,-1,-1,,indic-audio
indic-audio:bed_hindi:1751.wav,1,calibration,indic-audio:recording:indic-audio:bed_hindi:1751.wav,C:\Users\Mahesh\Desktop\Projects\sih-2026\data\syntheticvoice\indic-audio\audio\bed_hindi\1751.wav,,-1,-1,,indic-audio
indic-audio:bed_hindi:1750.wav,1,calibration,indic-audio:recording:indic-audio:bed_hindi:1750.wav,C:\Users\Mahesh\Desktop\Projects\sih-2026\data\syntheticvoice\indic-audio\audio\bed_hindi\1750.wav,,-1,-1,,indic-audio
indic-audio:bed_hindi:1772.wav,1,calibration,indic-audio:recording:indic-audio:bed_hindi:1772.wav,C:\Users\Mahesh\Desktop\Projects\sih-2026\data\syntheticvoice\indic-audio\audio\bed_hindi\1772.wav,,-1,-1,,indic-audio
indic-audio:bed_hindi:1775.wav,1,calibration,indic-audio:recording:indic-audio:bed_hindi:1775.wav,C:\Users\Mahesh\Desktop\Projects\sih-2026\data\syntheticvoice\indic-audio\audio\bed_hindi\1775.wav,,-1,-1,,indic-audio
indic-audio:bed_hindi:1780.wav,1,calibration,indic-audio:recording:indic-audio:bed_hindi:1780.wav,C:\Users\Mahesh\Desktop\Projects\sih-2026\data\syntheticvoice\indic-audio\audio\bed_hindi\1780.wav,,-1,-1,,indic-audio
indic-audio:bed_hindi:1784.wav,1,calibration,indic-audio:recording:indic-audio:bed_hindi:1784.wav,C:\Users\Mahesh\Desktop\Projects\sih-2026\data\syntheticvoice\indic-audio\audio\bed_hindi\1784.wav,,-1,-1,,indic-audio
indic-audio:bed_hindi:1800.wav,1,calibration,indic-audio:recording:indic-audio:bed_hindi:1800.wav,C:\Users\Mahesh\Desktop\Projects\sih-2026\data\syntheticvoice\indic-audio\audio\bed_hindi\1800.wav,,-1,-1,,indic-audio
indic-audio:bed_hindi:1801.wav,1,calibration,indic-audio:recording:indic-audio:bed_hindi:1801.wav,C:\Users\Mahesh\Desktop\Projects\sih-2026\data\syntheticvoice\indic-audio\audio\bed_hindi\1801.wav,,-1,-1,,indic-audio
indic-audio:bed_hindi:1802.wav,1,calibration,indic-audio:recording:indic-audio:bed_hindi:1802.wav,C:\Users\Mahesh\Desktop\Projects\sih-2026\data\syntheticvoice\indic-audio\audio\bed_hindi\1802.wav,,-1,-1,,indic-audio
indic-audio:bed_hindi:1806.wav,1,calibration,indic-audio:recording:indic-audio:bed_hindi:1806.wav,C:\Users\Mahesh\Desktop\Projects\sih-2026\data\syntheticvoice\indic-audio\audio\bed_hindi\1806.wav,,-1,-1,,indic-audio
indic-audio:bed_hindi:1837.wav,1,calibration,indic-audio:recording:indic-audio:bed_hindi:1837.wav,C:\Users\Mahesh\Desktop\Projects\sih-2026\data\syntheticvoice\indic-audio\audio\bed_hindi\1837.wav,,-1,-1,,indic-audio
indic-audio:bed_hindi:1844.wav,1,calibration,indic-audio:recording:indic-audio:bed_hindi:1844.wav,C:\Users\Mahesh\Desktop\Projects\sih-2026\data\syntheticvoice\indic-audio\audio\bed_hindi\1844.wav,,-1,-1,,indic-audio
indic-audio:bed_hindi:1846.wav,1,calibration,indic-audio:recording:indic-audio:bed_hindi:1846.wav,C:\Users\Mahesh\Desktop\Projects\sih-2026\data\syntheticvoice\indic-audio\audio\bed_hindi\1846.wav,,-1,-1,,indic-audio
indic-audio:bed_hindi:1856.wav,1,calibration,indic-audio:recording:indic-audio:bed_hindi:1856.wav,C:\Users\Mahesh\Desktop\Projects\sih-2026\data\syntheticvoice\indic-audio\audio\bed_hindi\1856.wav,,-1,-1,,indic-audio
indic-audio:bed_hindi:1874.wav,1,calibration,indic-audio:recording:indic-audio:bed_hindi:1874.wav,C:\Users\Mahesh\Desktop\Projects\sih-2026\data\syntheticvoice\indic-audio\audio\bed_hindi\1874.wav,,-1,-1,,indic-audio
indic-audio:bed_hindi:1887.wav,1,calibration,indic-audio:recording:indic-audio:bed_hindi:1887.wav,C:\Users\Mahesh\Desktop\Projects\sih-2026\data\syntheticvoice\indic-audio\audio\bed_hindi\1887.wav,,-1,-1,,indic-audio
indic-audio:en_aman:0015.mp3,1,calibration,indic-audio:recording:indic-audio:en_aman:0015.mp3,C:\Users\Mahesh\Desktop\Projects\sih-2026\data\syntheticvoice\indic-audio\audio\en_aman\0015.mp3,,-1,-1,,indic-audio
indic-audio:en_aman:0021.mp3,1,calibration,indic-audio:recording:indic-audio:en_aman:0021.mp3,C:\Users\Mahesh\Desktop\Projects\sih-2026\data\syntheticvoice\indic-audio\audio\en_aman\0021.mp3,,-1,-1,,indic-audio
indic-audio:en_aman:0036.mp3,1,calibration,indic-audio:recording:indic-audio:en_aman:0036.mp3,C:\Users\Mahesh\Desktop\Projects\sih-2026\data\syntheticvoice\indic-audio\audio\en_aman\0036.mp3,,-1,-1,,indic-audio
indic-audio:en_aman:0050.mp3,1,calibration,indic-audio:recording:indic-audio:en_aman:0050.mp3,C:\Users\Mahesh\Desktop\Projects\sih-2026\data\syntheticvoice\indic-audio\audio\en_aman\0050.mp3,,-1,-1,,indic-audio
indic-audio:en_aman:0053.mp3,1,calibration,indic-audio:recording:indic-audio:en_aman:0053.mp3,C:\Users\Mahesh\Desktop\Projects\sih-2026\data\syntheticvoice\indic-audio\audio\en_aman\0053.mp3,,-1,-1,,indic-audio
indic-audio:en_aman:0054.mp3,1,calibration,indic-audio:recording:indic-audio:en_aman:0054.mp3,C:\Users\Mahesh\Desktop\Projects\sih-2026\data\syntheticvoice\indic-audio\audio\en_aman\0054.mp3,,-1,-1,,indic-audio
indic-audio:en_aman:0079.mp3,1,calibration,indic-audio:recording:indic-audio:en_aman:0079.mp3,C:\Users\Mahesh\Desktop\Projects\sih-2026\data\syntheticvoice\indic-audio\audio\en_aman\0079.mp3,,-1,-1,,indic-audio
indic-audio:en_aman:0085.mp3,1,calibration,indic-audio:recording:indic-audio:en_aman:0085.mp3,C:\Users\Mahesh\Desktop\Projects\sih-2026\data\syntheticvoice\indic-audio\audio\en_aman\0085.mp3,,-1,-1,,indic-audio
indic-audio:en_aman:0095.mp3,1,calibration,indic-audio:recording:indic-audio:en_aman:0095.mp3,C:\Users\Mahesh\Desktop\Projects\sih-2026\data\syntheticvoice\indic-audio\audio\en_aman\0095.mp3,,-1,-1,,indic-audio
indic-audio:en_aman:0107.mp3,1,calibration,indic-audio:recording:indic-audio:en_aman:0107.mp3,C:\Users\Mahesh\Desktop\Projects\sih-2026\data\syntheticvoice\indic-audio\audio\en_aman\0107.mp3,,-1,-1,,indic-audio
indic-audio:en_aman:0111.mp3,1,calibration,indic-audio:recording:indic-audio:en_aman:0111.mp3,C:\Users\Mahesh\Desktop\Projects\sih-2026\data\syntheticvoice\indic-audio\audio\en_aman\0111.mp3,,-1,-1,,indic-audio
indic-audio:en_aman:0121.mp3,1,calibration,indic-audio:recording:indic-audio:en_aman:0121.mp3,C:\Users\Mahesh\Desktop\Projects\sih-2026\data\syntheticvoice\indic-audio\audio\en_aman\0121.mp3,,-1,-1,,indic-audio
indic-audio:en_aman:0158.mp3,1,calibration,indic-audio:recording:indic-audio:en_aman:0158.mp3,C:\Users\Mahesh\Desktop\Projects\sih-2026\data\syntheticvoice\indic-audio\audio\en_aman\0158.mp3,,-1,-1,,indic-audio
indic-audio:en_ananya:0002.mp3,1,calibration,indic-audio:recording:indic-audio:en_ananya:0002.mp3,C:\Users\Mahesh\Desktop\Projects\sih-2026\data\syntheticvoice\indic-audio\audio\en_ananya\0002.mp3,,-1,-1,,indic-audio
indic-audio:en_ananya:0007.mp3,1,calibration,indic-audio:recording:indic-audio:en_ananya:0007.mp3,C:\Users\Mahesh\Desktop\Projects\sih-2026\data\syntheticvoice\indic-audio\audio\en_ananya\0007.mp3,,-1,-1,,indic-audio
indic-audio:en_ananya:0009.mp3,1,calibration,indic-audio:recording:indic-audio:en_ananya:0009.mp3,C:\Users\Mahesh\Desktop\Projects\sih-2026\data\syntheticvoice\indic-audio\audio\en_ananya\0009.mp3,,-1,-1,,indic-audio
indic-audio:en_ananya:0015.mp3,1,calibration,indic-audio:recording:indic-audio:en_ananya:0015.mp3,C:\Users\Mahesh\Desktop\Projects\sih-2026\data\syntheticvoice\indic-audio\audio\en_ananya\0015.mp3,,-1,-1,,indic-audio
indic-audio:en_ananya:0014.mp3,1,calibration,indic-audio:recording:indic-audio:en_ananya:0014.mp3,C:\Users\Mahesh\Desktop\Projects\sih-2026\data\syntheticvoice\indic-audio\audio\en_ananya\0014.mp3,,-1,-1,,indic-audio
indic-audio:en_ananya:0034.mp3,1,calibration,indic-audio:recording:indic-audio:en_ananya:0034.mp3,C:\Users\Mahesh\Desktop\Projects\sih-2026\data\syntheticvoice\indic-audio\audio\en_ananya\0034.mp3,,-1,-1,,indic-audio
indic-audio:en_ananya:0038.mp3,1,calibration,indic-audio:recording:indic-audio:en_ananya:0038.mp3,C:\Users\Mahesh\Desktop\Projects\sih-2026\data\syntheticvoice\indic-audio\audio\en_ananya\0038.mp3,,-1,-1,,indic-audio
indic-audio:en_ananya:0039.mp3,1,calibration,indic-audio:recording:indic-audio:en_ananya:0039.mp3,C:\Users\Mahesh\Desktop\Projects\sih-2026\data\syntheticvoice\indic-audio\audio\en_ananya\0039.mp3,,-1,-1,,indic-audio
indic-audio:en_ananya:0053.mp3,1,calibration,indic-audio:recording:indic-audio:en_ananya:0053.mp3,C:\Users\Mahesh\Desktop\Projects\sih-2026\data\syntheticvoice\indic-audio\audio\en_ananya\0053.mp3,,-1,-1,,indic-audio
indic-audio:en_ananya:0067.mp3,1,calibration,indic-audio:recording:indic-audio:en_ananya:0067.mp3,C:\Users\Mahesh\Desktop\Projects\sih-2026\data\syntheticvoice\indic-audio\audio\en_ananya\0067.mp3,,-1,-1,,indic-audio
indic-audio:en_ananya:0068.mp3,1,calibration,indic-audio:recording:indic-audio:en_ananya:0068.mp3,C:\Users\Mahesh\Desktop\Projects\sih-2026\data\syntheticvoice\indic-audio\audio\en_ananya\0068.mp3,,-1,-1,,indic-audio
indic-audio:en_ananya:0079.mp3,1,calibration,indic-audio:recording:indic-audio:en_ananya:0079.mp3,C:\Users\Mahesh\Desktop\Projects\sih-2026\data\syntheticvoice\indic-audio\audio\en_ananya\0079.mp3,,-1,-1,,indic-audio
indic-audio:en_ananya:0086.mp3,1,calibration,indic-audio:recording:indic-audio:en_ananya:0086.mp3,C:\Users\Mahesh\Desktop\Projects\sih-2026\data\syntheticvoice\indic-audio\audio\en_ananya\0086.mp3,,-1,-1,,indic-audio
indic-audio:en_ananya:0084.mp3,1,calibration,indic-audio:recording:indic-audio:en_ananya:0084.mp3,C:\Users\Mahesh\Desktop\Projects\sih-2026\data\syntheticvoice\indic-audio\audio\en_ananya\0084.mp3,,-1,-1,,indic-audio
indic-audio:en_ananya:0089.mp3,1,calibration,indic-audio:recording:indic-audio:en_ananya:0089.mp3,C:\Users\Mahesh\Desktop\Projects\sih-2026\data\syntheticvoice\indic-audio\audio\en_ananya\0089.mp3,,-1,-1,,indic-audio
indic-audio:en_ananya:0102.mp3,1,calibration,indic-audio:recording:indic-audio:en_ananya:0102.mp3,C:\Users\Mahesh\Desktop\Projects\sih-2026\data\syntheticvoice\indic-audio\audio\en_ananya\0102.mp3,,-1,-1,,indic-audio
indic-audio:en_ananya:0108.mp3,1,calibration,indic-audio:recording:indic-audio:en_ananya:0108.mp3,C:\Users\Mahesh\Desktop\Projects\sih-2026\data\syntheticvoice\indic-audio\audio\en_ananya\0108.mp3,,-1,-1,,indic-audio
indic-audio:en_ananya:0109.mp3,1,calibration,indic-audio:recording:indic-audio:en_ananya:0109.mp3,C:\Users\Mahesh\Desktop\Projects\sih-2026\data\syntheticvoice\indic-audio\audio\en_ananya\0109.mp3,,-1,-1,,indic-audio
indic-audio:en_ananya:0129.mp3,1,calibration,indic-audio:recording:indic-audio:en_ananya:0129.mp3,C:\Users\Mahesh\Desktop\Projects\sih-2026\data\syntheticvoice\indic-audio\audio\en_ananya\0129.mp3,,-1,-1,,indic-audio
indic-audio:en_ananya:0135.mp3,1,calibration,indic-audio:recording:indic-audio:en_ananya:0135.mp3,C:\Users\Mahesh\Desktop\Projects\sih-2026\data\syntheticvoice\indic-audio\audio\en_ananya\0135.mp3,,-1,-1,,indic-audio
indic-audio:en_ananya:0137.mp3,1,calibration,indic-audio:recording:indic-audio:en_ananya:0137.mp3,C:\Users\Mahesh\Desktop\Projects\sih-2026\data\syntheticvoice\indic-audio\audio\en_ananya\0137.mp3,,-1,-1,,indic-audio
indic-audio:en_ananya:0140.mp3,1,calibration,indic-audio:recording:indic-audio:en_ananya:0140.mp3,C:\Users\Mahesh\Desktop\Projects\sih-2026\data\syntheticvoice\indic-audio\audio\en_ananya\0140.mp3,,-1,-1,,indic-audio
indic-audio:en_arjun:0008.mp3,1,calibration,indic-audio:recording:indic-audio:en_arjun:0008.mp3,C:\Users\Mahesh\Desktop\Projects\sih-2026\data\syntheticvoice\indic-audio\audio\en_arjun\0008.mp3,,-1,-1,,indic-audio
indic-audio:en_arjun:0015.mp3,1,calibration,indic-audio:recording:indic-audio:en_arjun:0015.mp3,C:\Users\Mahesh\Desktop\Projects\sih-2026\data\syntheticvoice\indic-audio\audio\en_arjun\0015.mp3,,-1,-1,,indic-audio
indic-audio:en_arjun:0017.mp3,1,calibration,indic-audio:recording:indic-audio:en_arjun:0017.mp3,C:\Users\Mahesh\Desktop\Projects\sih-2026\data\syntheticvoice\indic-audio\audio\en_arjun\0017.mp3,,-1,-1,,indic-audio
indic-audio:en_arjun:0043.mp3,1,calibration,indic-audio:recording:indic-audio:en_arjun:0043.mp3,C:\Users\Mahesh\Desktop\Projects\sih-2026\data\syntheticvoice\indic-audio\audio\en_arjun\0043.mp3,,-1,-1,,indic-audio
indic-audio:en_arjun:0045.mp3,1,calibration,indic-audio:recording:indic-audio:en_arjun:0045.mp3,C:\Users\Mahesh\Desktop\Projects\sih-2026\data\syntheticvoice\indic-audio\audio\en_arjun\0045.mp3,,-1,-1,,indic-audio
indic-audio:en_arjun:0046.mp3,1,calibration,indic-audio:recording:indic-audio:en_arjun:0046.mp3,C:\Users\Mahesh\Desktop\Projects\sih-2026\data\syntheticvoice\indic-audio\audio\en_arjun\0046.mp3,,-1,-1,,indic-audio
indic-audio:en_arjun:0085.mp3,1,calibration,indic-audio:recording:indic-audio:en_arjun:0085.mp3,C:\Users\Mahesh\Desktop\Projects\sih-2026\data\syntheticvoice\indic-audio\audio\en_arjun\0085.mp3,,-1,-1,,indic-audio
indic-audio:en_arjun:0120.mp3,1,calibration,indic-audio:recording:indic-audio:en_arjun:0120.mp3,C:\Users\Mahesh\Desktop\Projects\sih-2026\data\syntheticvoice\indic-audio\audio\en_arjun\0120.mp3,,-1,-1,,indic-audio
indic-audio:en_arjun:0125.mp3,1,calibration,indic-audio:recording:indic-audio:en_arjun:0125.mp3,C:\Users\Mahesh\Desktop\Projects\sih-2026\data\syntheticvoice\indic-audio\audio\en_arjun\0125.mp3,,-1,-1,,indic-audio
indic-audio:en_arjun:0147.mp3,1,calibration,indic-audio:recording:indic-audio:en_arjun:0147.mp3,C:\Users\Mahesh\Desktop\Projects\sih-2026\data\syntheticvoice\indic-audio\audio\en_arjun\0147.mp3,,-1,-1,,indic-audio
indic-audio:en_arjun:0149.mp3,1,calibration,indic-audio:recording:indic-audio:en_arjun:0149.mp3,C:\Users\Mahesh\Desktop\Projects\sih-2026\data\syntheticvoice\indic-audio\audio\en_arjun\0149.mp3,,-1,-1,,indic-audio
indic-audio:en_arjun:0154.mp3,1,calibration,indic-audio:recording:indic-audio:en_arjun:0154.mp3,C:\Users\Mahesh\Desktop\Projects\sih-2026\data\syntheticvoice\indic-audio\audio\en_arjun\0154.mp3,,-1,-1,,indic-audio
indic-audio:en_arjun:0158.mp3,1,calibration,indic-audio:recording:indic-audio:en_arjun:0158.mp3,C:\Users\Mahesh\Desktop\Projects\sih-2026\data\syntheticvoice\indic-audio\audio\en_arjun\0158.mp3,,-1,-1,,indic-audio
indic-audio:en_dev:0006.mp3,1,calibration,indic-audio:recording:indic-audio:en_dev:0006.mp3,C:\Users\Mahesh\Desktop\Projects\sih-2026\data\syntheticvoice\indic-audio\audio\en_dev\0006.mp3,,-1,-1,,indic-audio
indic-audio:en_dev:0022.mp3,1,calibration,indic-audio:recording:indic-audio:en_dev:0022.mp3,C:\Users\Mahesh\Desktop\Projects\sih-2026\data\syntheticvoice\indic-audio\audio\en_dev\0022.mp3,,-1,-1,,indic-audio
indic-audio:en_dev:0036.mp3,1,calibration,indic-audio:recording:indic-audio:en_dev:0036.mp3,C:\Users\Mahesh\Desktop\Projects\sih-2026\data\syntheticvoice\indic-audio\audio\en_dev\0036.mp3,,-1,-1,,indic-audio
indic-audio:en_dev:0038.mp3,1,calibration,indic-audio:recording:indic-audio:en_dev:0038.mp3,C:\Users\Mahesh\Desktop\Projects\sih-2026\data\syntheticvoice\indic-audio\audio\en_dev\0038.mp3,,-1,-1,,indic-audio
indic-audio:en_dev:0042.mp3,1,calibration,indic-audio:recording:indic-audio:en_dev:0042.mp3,C:\Users\Mahesh\Desktop\Projects\sih-2026\data\syntheticvoice\indic-audio\audio\en_dev\0042.mp3,,-1,-1,,indic-audio
indic-audio:en_dev:0051.mp3,1,calibration,indic-audio:recording:indic-audio:en_dev:0051.mp3,C:\Users\Mahesh\Desktop\Projects\sih-2026\data\syntheticvoice\indic-audio\audio\en_dev\0051.mp3,,-1,-1,,indic-audio
indic-audio:en_dev:0054.mp3,1,calibration,indic-audio:recording:indic-audio:en_dev:0054.mp3,C:\Users\Mahesh\Desktop\Projects\sih-2026\data\syntheticvoice\indic-audio\audio\en_dev\0054.mp3,,-1,-1,,indic-audio
indic-audio:en_dev:0057.mp3,1,calibration,indic-audio:recording:indic-audio:en_dev:0057.mp3,C:\Users\Mahesh\Desktop\Projects\sih-2026\data\syntheticvoice\indic-audio\audio\en_dev\0057.mp3,,-1,-1,,indic-audio
indic-audio:en_dev:0061.mp3,1,calibration,indic-audio:recording:indic-audio:en_dev:0061.mp3,C:\Users\Mahesh\Desktop\Projects\sih-2026\data\syntheticvoice\indic-audio\audio\en_dev\0061.mp3,,-1,-1,,indic-audio
indic-audio:en_dev:0065.mp3,1,calibration,indic-audio:recording:indic-audio:en_dev:0065.mp3,C:\Users\Mahesh\Desktop\Projects\sih-2026\data\syntheticvoice\indic-audio\audio\en_dev\0065.mp3,,-1,-1,,indic-audio
indic-audio:en_dev:0069.mp3,1,calibration,indic-audio:recording:indic-audio:en_dev:0069.mp3,C:\Users\Mahesh\Desktop\Projects\sih-2026\data\syntheticvoice\indic-audio\audio\en_dev\0069.mp3,,-1,-1,,indic-audio
indic-audio:en_dev:0078.mp3,1,calibration,indic-audio:recording:indic-audio:en_dev:0078.mp3,C:\Users\Mahesh\Desktop\Projects\sih-2026\data\syntheticvoice\indic-audio\audio\en_dev\0078.mp3,,-1,-1,,indic-audio
indic-audio:en_dev:0077.mp3,1,calibration,indic-audio:recording:indic-audio:en_dev:0077.mp3,C:\Users\Mahesh\Desktop\Projects\sih-2026\data\syntheticvoice\indic-audio\audio\en_dev\0077.mp3,,-1,-1,,indic-audio
indic-audio:en_dev:0094.mp3,1,calibration,indic-audio:recording:indic-audio:en_dev:0094.mp3,C:\Users\Mahesh\Desktop\Projects\sih-2026\data\syntheticvoice\indic-audio\audio\en_dev\0094.mp3,,-1,-1,,indic-audio
indic-audio:en_dev:0112.mp3,1,calibration,indic-audio:recording:indic-audio:en_dev:0112.mp3,C:\Users\Mahesh\Desktop\Projects\sih-2026\data\syntheticvoice\indic-audio\audio\en_dev\0112.mp3,,-1,-1,,indic-audio
indic-audio:en_dev:0115.mp3,1,calibration,indic-audio:recording:indic-audio:en_dev:0115.mp3,C:\Users\Mahesh\Desktop\Projects\sih-2026\data\syntheticvoice\indic-audio\audio\en_dev\0115.mp3,,-1,-1,,indic-audio
indic-audio:en_dev:0119.mp3,1,calibration,indic-audio:recording:indic-audio:en_dev:0119.mp3,C:\Users\Mahesh\Desktop\Projects\sih-2026\data\syntheticvoice\indic-audio\audio\en_dev\0119.mp3,,-1,-1,,indic-audio
indic-audio:en_dev:0123.mp3,1,calibration,indic-audio:recording:indic-audio:en_dev:0123.mp3,C:\Users\Mahesh\Desktop\Projects\sih-2026\data\syntheticvoice\indic-audio\audio\en_dev\0123.mp3,,-1,-1,,indic-audio
indic-audio:en_dev:0137.mp3,1,calibration,indic-audio:recording:indic-audio:en_dev:0137.mp3,C:\Users\Mahesh\Desktop\Projects\sih-2026\data\syntheticvoice\indic-audio\audio\en_dev\0137.mp3,,-1,-1,,indic-audio
indic-audio:en_dev:0154.mp3,1,calibration,indic-audio:recording:indic-audio:en_dev:0154.mp3,C:\Users\Mahesh\Desktop\Projects\sih-2026\data\syntheticvoice\indic-audio\audio\en_dev\0154.mp3,,-1,-1,,indic-audio
indic-audio:en_divya:0003.mp3,1,calibration,indic-audio:recording:indic-audio:en_divya:0003.mp3,C:\Users\Mahesh\Desktop\Projects\sih-2026\data\syntheticvoice\indic-audio\audio\en_divya\0003.mp3,,-1,-1,,indic-audio
indic-audio:en_divya:0011.mp3,1,calibration,indic-audio:recording:indic-audio:en_divya:0011.mp3,C:\Users\Mahesh\Desktop\Projects\sih-2026\data\syntheticvoice\indic-audio\audio\en_divya\0011.mp3,,-1,-1,,indic-audio
indic-audio:en_divya:0022.mp3,1,calibration,indic-audio:recording:indic-audio:en_divya:0022.mp3,C:\Users\Mahesh\Desktop\Projects\sih-2026\data\syntheticvoice\indic-audio\audio\en_divya\0022.mp3,,-1,-1,,indic-audio
indic-audio:en_divya:0027.mp3,1,calibration,indic-audio:recording:indic-audio:en_divya:0027.mp3,C:\Users\Mahesh\Desktop\Projects\sih-2026\data\syntheticvoice\indic-audio\audio\en_divya\0027.mp3,,-1,-1,,indic-audio
indic-audio:en_divya:0030.mp3,1,calibration,indic-audio:recording:indic-audio:en_divya:0030.mp3,C:\Users\Mahesh\Desktop\Projects\sih-2026\data\syntheticvoice\indic-audio\audio\en_divya\0030.mp3,,-1,-1,,indic-audio
indic-audio:en_divya:0034.mp3,1,calibration,indic-audio:recording:indic-audio:en_divya:0034.mp3,C:\Users\Mahesh\Desktop\Projects\sih-2026\data\syntheticvoice\indic-audio\audio\en_divya\0034.mp3,,-1,-1,,indic-audio
indic-audio:en_divya:0054.mp3,1,calibration,indic-audio:recording:indic-audio:en_divya:0054.mp3,C:\Users\Mahesh\Desktop\Projects\sih-2026\data\syntheticvoice\indic-audio\audio\en_divya\0054.mp3,,-1,-1,,indic-audio
indic-audio:en_divya:0069.mp3,1,calibration,indic-audio:recording:indic-audio:en_divya:0069.mp3,C:\Users\Mahesh\Desktop\Projects\sih-2026\data\syntheticvoice\indic-audio\audio\en_divya\0069.mp3,,-1,-1,,indic-audio
indic-audio:en_divya:0070.mp3,1,calibration,indic-audio:recording:indic-audio:en_divya:0070.mp3,C:\Users\Mahesh\Desktop\Projects\sih-2026\data\syntheticvoice\indic-audio\audio\en_divya\0070.mp3,,-1,-1,,indic-audio
indic-audio:en_divya:0074.mp3,1,calibration,indic-audio:recording:indic-audio:en_divya:0074.mp3,C:\Users\Mahesh\Desktop\Projects\sih-2026\data\syntheticvoice\indic-audio\audio\en_divya\0074.mp3,,-1,-1,,indic-audio
indic-audio:en_divya:0076.mp3,1,calibration,indic-audio:recording:indic-audio:en_divya:0076.mp3,C:\Users\Mahesh\Desktop\Projects\sih-2026\data\syntheticvoice\indic-audio\audio\en_divya\0076.mp3,,-1,-1,,indic-audio
indic-audio:en_divya:0081.mp3,1,calibration,indic-audio:recording:indic-audio:en_divya:0081.mp3,C:\Users\Mahesh\Desktop\Projects\sih-2026\data\syntheticvoice\indic-audio\audio\en_divya\0081.mp3,,-1,-1,,indic-audio
indic-audio:en_divya:0094.mp3,1,calibration,indic-audio:recording:indic-audio:en_divya:0094.mp3,C:\Users\Mahesh\Desktop\Projects\sih-2026\data\syntheticvoice\indic-audio\audio\en_divya\0094.mp3,,-1,-1,,indic-audio
indic-audio:en_divya:0091.mp3,1,calibration,indic-audio:recording:indic-audio:en_divya:0091.mp3,C:\Users\Mahesh\Desktop\Projects\sih-2026\data\syntheticvoice\indic-audio\audio\en_divya\0091.mp3,,-1,-1,,indic-audio
indic-audio:en_divya:0095.mp3,1,calibration,indic-audio:recording:indic-audio:en_divya:0095.mp3,C:\Users\Mahesh\Desktop\Projects\sih-2026\data\syntheticvoice\indic-audio\audio\en_divya\0095.mp3,,-1,-1,,indic-audio
indic-audio:en_divya:0100.mp3,1,calibration,indic-audio:recording:indic-audio:en_divya:0100.mp3,C:\Users\Mahesh\Desktop\Projects\sih-2026\data\syntheticvoice\indic-audio\audio\en_divya\0100.mp3,,-1,-1,,indic-audio
indic-audio:en_divya:0106.mp3,1,calibration,indic-audio:recording:indic-audio:en_divya:0106.mp3,C:\Users\Mahesh\Desktop\Projects\sih-2026\data\syntheticvoice\indic-audio\audio\en_divya\0106.mp3,,-1,-1,,indic-audio
indic-audio:en_divya:0107.mp3,1,calibration,indic-audio:recording:indic-audio:en_divya:0107.mp3,C:\Users\Mahesh\Desktop\Projects\sih-2026\data\syntheticvoice\indic-audio\audio\en_divya\0107.mp3,,-1,-1,,indic-audio
indic-audio:en_divya:0124.mp3,1,calibration,indic-audio:recording:indic-audio:en_divya:0124.mp3,C:\Users\Mahesh\Desktop\Projects\sih-2026\data\syntheticvoice\indic-audio\audio\en_divya\0124.mp3,,-1,-1,,indic-audio
indic-audio:en_divya:0122.mp3,1,calibration,indic-audio:recording:indic-audio:en_divya:0122.mp3,C:\Users\Mahesh\Desktop\Projects\sih-2026\data\syntheticvoice\indic-audio\audio\en_divya\0122.mp3,,-1,-1,,indic-audio
indic-audio:en_divya:0142.mp3,1,calibration,indic-audio:recording:indic-audio:en_divya:0142.mp3,C:\Users\Mahesh\Desktop\Projects\sih-2026\data\syntheticvoice\indic-audio\audio\en_divya\0142.mp3,,-1,-1,,indic-audio
indic-audio:en_divya:0145.mp3,1,calibration,indic-audio:recording:indic-audio:en_divya:0145.mp3,C:\Users\Mahesh\Desktop\Projects\sih-2026\data\syntheticvoice\indic-audio\audio\en_divya\0145.mp3,,-1,-1,,indic-audio
indic-audio:en_divya:0157.mp3,1,calibration,indic-audio:recording:indic-audio:en_divya:0157.mp3,C:\Users\Mahesh\Desktop\Projects\sih-2026\data\syntheticvoice\indic-audio\audio\en_divya\0157.mp3,,-1,-1,,indic-audio
indic-audio:en_kabir:0004.mp3,1,calibration,indic-audio:recording:indic-audio:en_kabir:0004.mp3,C:\Users\Mahesh\Desktop\Projects\sih-2026\data\syntheticvoice\indic-audio\audio\en_kabir\0004.mp3,,-1,-1,,indic-audio
indic-audio:en_kabir:0006.mp3,1,calibration,indic-audio:recording:indic-audio:en_kabir:0006.mp3,C:\Users\Mahesh\Desktop\Projects\sih-2026\data\syntheticvoice\indic-audio\audio\en_kabir\0006.mp3,,-1,-1,,indic-audio
indic-audio:en_kabir:0021.mp3,1,calibration,indic-audio:recording:indic-audio:en_kabir:0021.mp3,C:\Users\Mahesh\Desktop\Projects\sih-2026\data\syntheticvoice\indic-audio\audio\en_kabir\0021.mp3,,-1,-1,,indic-audio
indic-audio:en_kabir:0030.mp3,1,calibration,indic-audio:recording:indic-audio:en_kabir:0030.mp3,C:\Users\Mahesh\Desktop\Projects\sih-2026\data\syntheticvoice\indic-audio\audio\en_kabir\0030.mp3,,-1,-1,,indic-audio
indic-audio:en_kabir:0069.mp3,1,calibration,indic-audio:recording:indic-audio:en_kabir:0069.mp3,C:\Users\Mahesh\Desktop\Projects\sih-2026\data\syntheticvoice\indic-audio\audio\en_kabir\0069.mp3,,-1,-1,,indic-audio
indic-audio:en_kabir:0073.mp3,1,calibration,indic-audio:recording:indic-audio:en_kabir:0073.mp3,C:\Users\Mahesh\Desktop\Projects\sih-2026\data\syntheticvoice\indic-audio\audio\en_kabir\0073.mp3,,-1,-1,,indic-audio
indic-audio:en_kabir:0079.mp3,1,calibration,indic-audio:recording:indic-audio:en_kabir:0079.mp3,C:\Users\Mahesh\Desktop\Projects\sih-2026\data\syntheticvoice\indic-audio\audio\en_kabir\0079.mp3,,-1,-1,,indic-audio
indic-audio:en_kabir:0091.mp3,1,calibration,indic-audio:recording:indic-audio:en_kabir:0091.mp3,C:\Users\Mahesh\Desktop\Projects\sih-2026\data\syntheticvoice\indic-audio\audio\en_kabir\0091.mp3,,-1,-1,,indic-audio
indic-audio:en_kabir:0100.mp3,1,calibration,indic-audio:recording:indic-audio:en_kabir:0100.mp3,C:\Users\Mahesh\Desktop\Projects\sih-2026\data\syntheticvoice\indic-audio\audio\en_kabir\0100.mp3,,-1,-1,,indic-audio
indic-audio:en_kabir:0103.mp3,1,calibration,indic-audio:recording:indic-audio:en_kabir:0103.mp3,C:\Users\Mahesh\Desktop\Projects\sih-2026\data\syntheticvoice\indic-audio\audio\en_kabir\0103.mp3,,-1,-1,,indic-audio
indic-audio:en_kabir:0105.mp3,1,calibration,indic-audio:recording:indic-audio:en_kabir:0105.mp3,C:\Users\Mahesh\Desktop\Projects\sih-2026\data\syntheticvoice\indic-audio\audio\en_kabir\0105.mp3,,-1,-1,,indic-audio
indic-audio:en_kabir:0117.mp3,1,calibration,indic-audio:recording:indic-audio:en_kabir:0117.mp3,C:\Users\Mahesh\Desktop\Projects\sih-2026\data\syntheticvoice\indic-audio\audio\en_kabir\0117.mp3,,-1,-1,,indic-audio
indic-audio:en_kabir:0133.mp3,1,calibration,indic-audio:recording:indic-audio:en_kabir:0133.mp3,C:\Users\Mahesh\Desktop\Projects\sih-2026\data\syntheticvoice\indic-audio\audio\en_kabir\0133.mp3,,-1,-1,,indic-audio
indic-audio:en_kabir:0139.mp3,1,calibration,indic-audio:recording:indic-audio:en_kabir:0139.mp3,C:\Users\Mahesh\Desktop\Projects\sih-2026\data\syntheticvoice\indic-audio\audio\en_kabir\0139.mp3,,-1,-1,,indic-audio
indic-audio:en_kabir:0140.mp3,1,calibration,indic-audio:recording:indic-audio:en_kabir:0140.mp3,C:\Users\Mahesh\Desktop\Projects\sih-2026\data\syntheticvoice\indic-audio\audio\en_kabir\0140.mp3,,-1,-1,,indic-audio
indic-audio:en_kabir:0145.mp3,1,calibration,indic-audio:recording:indic-audio:en_kabir:0145.mp3,C:\Users\Mahesh\Desktop\Projects\sih-2026\data\syntheticvoice\indic-audio\audio\en_kabir\0145.mp3,,-1,-1,,indic-audio
indic-audio:en_kabir:0149.mp3,1,calibration,indic-audio:recording:indic-audio:en_kabir:0149.mp3,C:\Users\Mahesh\Desktop\Projects\sih-2026\data\syntheticvoice\indic-audio\audio\en_kabir\0149.mp3,,-1,-1,,indic-audio
indic-audio:en_nisha:0004.mp3,1,calibration,indic-audio:recording:indic-audio:en_nisha:0004.mp3,C:\Users\Mahesh\Desktop\Projects\sih-2026\data\syntheticvoice\indic-audio\audio\en_nisha\0004.mp3,,-1,-1,,indic-audio
indic-audio:en_nisha:0011.mp3,1,calibration,indic-audio:recording:indic-audio:en_nisha:0011.mp3,C:\Users\Mahesh\Desktop\Projects\sih-2026\data\syntheticvoice\indic-audio\audio\en_nisha\0011.mp3,,-1,-1,,indic-audio
indic-audio:en_nisha:0032.mp3,1,calibration,indic-audio:recording:indic-audio:en_nisha:0032.mp3,C:\Users\Mahesh\Desktop\Projects\sih-2026\data\syntheticvoice\indic-audio\audio\en_nisha\0032.mp3,,-1,-1,,indic-audio
indic-audio:en_nisha:0047.mp3,1,calibration,indic-audio:recording:indic-audio:en_nisha:0047.mp3,C:\Users\Mahesh\Desktop\Projects\sih-2026\data\syntheticvoice\indic-audio\audio\en_nisha\0047.mp3,,-1,-1,,indic-audio
indic-audio:en_nisha:0048.mp3,1,calibration,indic-audio:recording:indic-audio:en_nisha:0048.mp3,C:\Users\Mahesh\Desktop\Projects\sih-2026\data\syntheticvoice\indic-audio\audio\en_nisha\0048.mp3,,-1,-1,,indic-audio
indic-audio:en_nisha:0055.mp3,1,calibration,indic-audio:recording:indic-audio:en_nisha:0055.mp3,C:\Users\Mahesh\Desktop\Projects\sih-2026\data\syntheticvoice\indic-audio\audio\en_nisha\0055.mp3,,-1,-1,,indic-audio
indic-audio:en_nisha:0062.mp3,1,calibration,indic-audio:recording:indic-audio:en_nisha:0062.mp3,C:\Users\Mahesh\Desktop\Projects\sih-2026\data\syntheticvoice\indic-audio\audio\en_nisha\0062.mp3,,-1,-1,,indic-audio
indic-audio:en_nisha:0063.mp3,1,calibration,indic-audio:recording:indic-audio:en_nisha:0063.mp3,C:\Users\Mahesh\Desktop\Projects\sih-2026\data\syntheticvoice\indic-audio\audio\en_nisha\0063.mp3,,-1,-1,,indic-audio
indic-audio:en_nisha:0068.mp3,1,calibration,indic-audio:recording:indic-audio:en_nisha:0068.mp3,C:\Users\Mahesh\Desktop\Projects\sih-2026\data\syntheticvoice\indic-audio\audio\en_nisha\0068.mp3,,-1,-1,,indic-audio
indic-audio:en_nisha:0072.mp3,1,calibration,indic-audio:recording:indic-audio:en_nisha:0072.mp3,C:\Users\Mahesh\Desktop\Projects\sih-2026\data\syntheticvoice\indic-audio\audio\en_nisha\0072.mp3,,-1,-1,,indic-audio
indic-audio:en_nisha:0077.mp3,1,calibration,indic-audio:recording:indic-audio:en_nisha:0077.mp3,C:\Users\Mahesh\Desktop\Projects\sih-2026\data\syntheticvoice\indic-audio\audio\en_nisha\0077.mp3,,-1,-1,,indic-audio
indic-audio:en_nisha:0083.mp3,1,calibration,indic-audio:recording:indic-audio:en_nisha:0083.mp3,C:\Users\Mahesh\Desktop\Projects\sih-2026\data\syntheticvoice\indic-audio\audio\en_nisha\0083.mp3,,-1,-1,,indic-audio
indic-audio:en_nisha:0122.mp3,1,calibration,indic-audio:recording:indic-audio:en_nisha:0122.mp3,C:\Users\Mahesh\Desktop\Projects\sih-2026\data\syntheticvoice\indic-audio\audio\en_nisha\0122.mp3,,-1,-1,,indic-audio
indic-audio:en_nisha:0125.mp3,1,calibration,indic-audio:recording:indic-audio:en_nisha:0125.mp3,C:\Users\Mahesh\Desktop\Projects\sih-2026\data\syntheticvoice\indic-audio\audio\en_nisha\0125.mp3,,-1,-1,,indic-audio
indic-audio:en_nisha:0131.mp3,1,calibration,indic-audio:recording:indic-audio:en_nisha:0131.mp3,C:\Users\Mahesh\Desktop\Projects\sih-2026\data\syntheticvoice\indic-audio\audio\en_nisha\0131.mp3,,-1,-1,,indic-audio
indic-audio:en_nisha:0139.mp3,1,calibration,indic-audio:recording:indic-audio:en_nisha:0139.mp3,C:\Users\Mahesh\Desktop\Projects\sih-2026\data\syntheticvoice\indic-audio\audio\en_nisha\0139.mp3,,-1,-1,,indic-audio
indic-audio:en_nisha:0140.mp3,1,calibration,indic-audio:recording:indic-audio:en_nisha:0140.mp3,C:\Users\Mahesh\Desktop\Projects\sih-2026\data\syntheticvoice\indic-audio\audio\en_nisha\0140.mp3,,-1,-1,,indic-audio
indic-audio:en_nisha:0152.mp3,1,calibration,indic-audio:recording:indic-audio:en_nisha:0152.mp3,C:\Users\Mahesh\Desktop\Projects\sih-2026\data\syntheticvoice\indic-audio\audio\en_nisha\0152.mp3,,-1,-1,,indic-audio
indic-audio:en_nisha:0156.mp3,1,calibration,indic-audio:recording:indic-audio:en_nisha:0156.mp3,C:\Users\Mahesh\Desktop\Projects\sih-2026\data\syntheticvoice\indic-audio\audio\en_nisha\0156.mp3,,-1,-1,,indic-audio
indic-audio:en_priya:0012.mp3,1,calibration,indic-audio:recording:indic-audio:en_priya:0012.mp3,C:\Users\Mahesh\Desktop\Projects\sih-2026\data\syntheticvoice\indic-audio\audio\en_priya\0012.mp3,,-1,-1,,indic-audio
indic-audio:en_priya:0034.mp3,1,calibration,indic-audio:recording:indic-audio:en_priya:0034.mp3,C:\Users\Mahesh\Desktop\Projects\sih-2026\data\syntheticvoice\indic-audio\audio\en_priya\0034.mp3,,-1,-1,,indic-audio
indic-audio:en_priya:0036.mp3,1,calibration,indic-audio:recording:indic-audio:en_priya:0036.mp3,C:\Users\Mahesh\Desktop\Projects\sih-2026\data\syntheticvoice\indic-audio\audio\en_priya\0036.mp3,,-1,-1,,indic-audio
indic-audio:en_priya:0059.mp3,1,calibration,indic-audio:recording:indic-audio:en_priya:0059.mp3,C:\Users\Mahesh\Desktop\Projects\sih-2026\data\syntheticvoice\indic-audio\audio\en_priya\0059.mp3,,-1,-1,,indic-audio
indic-audio:en_priya:0061.mp3,1,calibration,indic-audio:recording:indic-audio:en_priya:0061.mp3,C:\Users\Mahesh\Desktop\Projects\sih-2026\data\syntheticvoice\indic-audio\audio\en_priya\0061.mp3,,-1,-1,,indic-audio
indic-audio:en_priya:0067.mp3,1,calibration,indic-audio:recording:indic-audio:en_priya:0067.mp3,C:\Users\Mahesh\Desktop\Projects\sih-2026\data\syntheticvoice\indic-audio\audio\en_priya\0067.mp3,,-1,-1,,indic-audio
indic-audio:en_priya:0075.mp3,1,calibration,indic-audio:recording:indic-audio:en_priya:0075.mp3,C:\Users\Mahesh\Desktop\Projects\sih-2026\data\syntheticvoice\indic-audio\audio\en_priya\0075.mp3,,-1,-1,,indic-audio
indic-audio:en_priya:0076.mp3,1,calibration,indic-audio:recording:indic-audio:en_priya:0076.mp3,C:\Users\Mahesh\Desktop\Projects\sih-2026\data\syntheticvoice\indic-audio\audio\en_priya\0076.mp3,,-1,-1,,indic-audio
indic-audio:en_priya:0082.mp3,1,calibration,indic-audio:recording:indic-audio:en_priya:0082.mp3,C:\Users\Mahesh\Desktop\Projects\sih-2026\data\syntheticvoice\indic-audio\audio\en_priya\0082.mp3,,-1,-1,,indic-audio
indic-audio:en_priya:0092.mp3,1,calibration,indic-audio:recording:indic-audio:en_priya:0092.mp3,C:\Users\Mahesh\Desktop\Projects\sih-2026\data\syntheticvoice\indic-audio\audio\en_priya\0092.mp3,,-1,-1,,indic-audio
indic-audio:en_priya:0110.mp3,1,calibration,indic-audio:recording:indic-audio:en_priya:0110.mp3,C:\Users\Mahesh\Desktop\Projects\sih-2026\data\syntheticvoice\indic-audio\audio\en_priya\0110.mp3,,-1,-1,,indic-audio
indic-audio:en_priya:0113.mp3,1,calibration,indic-audio:recording:indic-audio:en_priya:0113.mp3,C:\Users\Mahesh\Desktop\Projects\sih-2026\data\syntheticvoice\indic-audio\audio\en_priya\0113.mp3,,-1,-1,,indic-audio
indic-audio:en_priya:0138.mp3,1,calibration,indic-audio:recording:indic-audio:en_priya:0138.mp3,C:\Users\Mahesh\Desktop\Projects\sih-2026\data\syntheticvoice\indic-audio\audio\en_priya\0138.mp3,,-1,-1,,indic-audio
indic-audio:en_priya:0143.mp3,1,calibration,indic-audio:recording:indic-audio:en_priya:0143.mp3,C:\Users\Mahesh\Desktop\Projects\sih-2026\data\syntheticvoice\indic-audio\audio\en_priya\0143.mp3,,-1,-1,,indic-audio
indic-audio:en_sameer:0001.mp3,1,calibration,indic-audio:recording:indic-audio:en_sameer:0001.mp3,C:\Users\Mahesh\Desktop\Projects\sih-2026\data\syntheticvoice\indic-audio\audio\en_sameer\0001.mp3,,-1,-1,,indic-audio
indic-audio:en_sameer:0006.mp3,1,calibration,indic-audio:recording:indic-audio:en_sameer:0006.mp3,C:\Users\Mahesh\Desktop\Projects\sih-2026\data\syntheticvoice\indic-audio\audio\en_sameer\0006.mp3,,-1,-1,,indic-audio
indic-audio:en_sameer:0009.mp3,1,calibration,indic-audio:recording:indic-audio:en_sameer:0009.mp3,C:\Users\Mahesh\Desktop\Projects\sih-2026\data\syntheticvoice\indic-audio\audio\en_sameer\0009.mp3,,-1,-1,,indic-audio
indic-audio:en_sameer:0020.mp3,1,calibration,indic-audio:recording:indic-audio:en_sameer:0020.mp3,C:\Users\Mahesh\Desktop\Projects\sih-2026\data\syntheticvoice\indic-audio\audio\en_sameer\0020.mp3,,-1,-1,,indic-audio
indic-audio:en_sameer:0024.mp3,1,calibration,indic-audio:recording:indic-audio:en_sameer:0024.mp3,C:\Users\Mahesh\Desktop\Projects\sih-2026\data\syntheticvoice\indic-audio\audio\en_sameer\0024.mp3,,-1,-1,,indic-audio
indic-audio:en_sameer:0040.mp3,1,calibration,indic-audio:recording:indic-audio:en_sameer:0040.mp3,C:\Users\Mahesh\Desktop\Projects\sih-2026\data\syntheticvoice\indic-audio\audio\en_sameer\0040.mp3,,-1,-1,,indic-audio
indic-audio:en_sameer:0045.mp3,1,calibration,indic-audio:recording:indic-audio:en_sameer:0045.mp3,C:\Users\Mahesh\Desktop\Projects\sih-2026\data\syntheticvoice\indic-audio\audio\en_sameer\0045.mp3,,-1,-1,,indic-audio
indic-audio:en_sameer:0042.mp3,1,calibration,indic-audio:recording:indic-audio:en_sameer:0042.mp3,C:\Users\Mahesh\Desktop\Projects\sih-2026\data\syntheticvoice\indic-audio\audio\en_sameer\0042.mp3,,-1,-1,,indic-audio
indic-audio:en_sameer:0061.mp3,1,calibration,indic-audio:recording:indic-audio:en_sameer:0061.mp3,C:\Users\Mahesh\Desktop\Projects\sih-2026\data\syntheticvoice\indic-audio\audio\en_sameer\0061.mp3,,-1,-1,,indic-audio
indic-audio:en_sameer:0074.mp3,1,calibration,indic-audio:recording:indic-audio:en_sameer:0074.mp3,C:\Users\Mahesh\Desktop\Projects\sih-2026\data\syntheticvoice\indic-audio\audio\en_sameer\0074.mp3,,-1,-1,,indic-audio
indic-audio:en_sameer:0082.mp3,1,calibration,indic-audio:recording:indic-audio:en_sameer:0082.mp3,C:\Users\Mahesh\Desktop\Projects\sih-2026\data\syntheticvoice\indic-audio\audio\en_sameer\0082.mp3,,-1,-1,,indic-audio
indic-audio:en_sameer:0116.mp3,1,calibration,indic-audio:recording:indic-audio:en_sameer:0116.mp3,C:\Users\Mahesh\Desktop\Projects\sih-2026\data\syntheticvoice\indic-audio\audio\en_sameer\0116.mp3,,-1,-1,,indic-audio
indic-audio:en_sameer:0122.mp3,1,calibration,indic-audio:recording:indic-audio:en_sameer:0122.mp3,C:\Users\Mahesh\Desktop\Projects\sih-2026\data\syntheticvoice\indic-audio\audio\en_sameer\0122.mp3,,-1,-1,,indic-audio
indic-audio:en_sameer:0131.mp3,1,calibration,indic-audio:recording:indic-audio:en_sameer:0131.mp3,C:\Users\Mahesh\Desktop\Projects\sih-2026\data\syntheticvoice\indic-audio\audio\en_sameer\0131.mp3,,-1,-1,,indic-audio
indic-audio:en_sameer:0141.mp3,1,calibration,indic-audio:recording:indic-audio:en_sameer:0141.mp3,C:\Users\Mahesh\Desktop\Projects\sih-2026\data\syntheticvoice\indic-audio\audio\en_sameer\0141.mp3,,-1,-1,,indic-audio
indic-audio:en_tara:0006.mp3,1,calibration,indic-audio:recording:indic-audio:en_tara:0006.mp3,C:\Users\Mahesh\Desktop\Projects\sih-2026\data\syntheticvoice\indic-audio\audio\en_tara\0006.mp3,,-1,-1,,indic-audio
indic-audio:en_tara:0012.mp3,1,calibration,indic-audio:recording:indic-audio:en_tara:0012.mp3,C:\Users\Mahesh\Desktop\Projects\sih-2026\data\syntheticvoice\indic-audio\audio\en_tara\0012.mp3,,-1,-1,,indic-audio
indic-audio:en_tara:0022.mp3,1,calibration,indic-audio:recording:indic-audio:en_tara:0022.mp3,C:\Users\Mahesh\Desktop\Projects\sih-2026\data\syntheticvoice\indic-audio\audio\en_tara\0022.mp3,,-1,-1,,indic-audio
indic-audio:en_tara:0024.mp3,1,calibration,indic-audio:recording:indic-audio:en_tara:0024.mp3,C:\Users\Mahesh\Desktop\Projects\sih-2026\data\syntheticvoice\indic-audio\audio\en_tara\0024.mp3,,-1,-1,,indic-audio
indic-audio:en_tara:0026.mp3,1,calibration,indic-audio:recording:indic-audio:en_tara:0026.mp3,C:\Users\Mahesh\Desktop\Projects\sih-2026\data\syntheticvoice\indic-audio\audio\en_tara\0026.mp3,,-1,-1,,indic-audio
indic-audio:en_tara:0034.mp3,1,calibration,indic-audio:recording:indic-audio:en_tara:0034.mp3,C:\Users\Mahesh\Desktop\Projects\sih-2026\data\syntheticvoice\indic-audio\audio\en_tara\0034.mp3,,-1,-1,,indic-audio
indic-audio:en_tara:0046.mp3,1,calibration,indic-audio:recording:indic-audio:en_tara:0046.mp3,C:\Users\Mahesh\Desktop\Projects\sih-2026\data\syntheticvoice\indic-audio\audio\en_tara\0046.mp3,,-1,-1,,indic-audio
indic-audio:en_tara:0050.mp3,1,calibration,indic-audio:recording:indic-audio:en_tara:0050.mp3,C:\Users\Mahesh\Desktop\Projects\sih-2026\data\syntheticvoice\indic-audio\audio\en_tara\0050.mp3,,-1,-1,,indic-audio
indic-audio:en_tara:0052.mp3,1,calibration,indic-audio:recording:indic-audio:en_tara:0052.mp3,C:\Users\Mahesh\Desktop\Projects\sih-2026\data\syntheticvoice\indic-audio\audio\en_tara\0052.mp3,,-1,-1,,indic-audio
indic-audio:en_tara:0056.mp3,1,calibration,indic-audio:recording:indic-audio:en_tara:0056.mp3,C:\Users\Mahesh\Desktop\Projects\sih-2026\data\syntheticvoice\indic-audio\audio\en_tara\0056.mp3,,-1,-1,,indic-audio
indic-audio:en_tara:0060.mp3,1,calibration,indic-audio:recording:indic-audio:en_tara:0060.mp3,C:\Users\Mahesh\Desktop\Projects\sih-2026\data\syntheticvoice\indic-audio\audio\en_tara\0060.mp3,,-1,-1,,indic-audio
indic-audio:en_tara:0079.mp3,1,calibration,indic-audio:recording:indic-audio:en_tara:0079.mp3,C:\Users\Mahesh\Desktop\Projects\sih-2026\data\syntheticvoice\indic-audio\audio\en_tara\0079.mp3,,-1,-1,,indic-audio
indic-audio:en_tara:0090.mp3,1,calibration,indic-audio:recording:indic-audio:en_tara:0090.mp3,C:\Users\Mahesh\Desktop\Projects\sih-2026\data\syntheticvoice\indic-audio\audio\en_tara\0090.mp3,,-1,-1,,indic-audio
indic-audio:en_tara:0110.mp3,1,calibration,indic-audio:recording:indic-audio:en_tara:0110.mp3,C:\Users\Mahesh\Desktop\Projects\sih-2026\data\syntheticvoice\indic-audio\audio\en_tara\0110.mp3,,-1,-1,,indic-audio
indic-audio:en_tara:0146.mp3,1,calibration,indic-audio:recording:indic-audio:en_tara:0146.mp3,C:\Users\Mahesh\Desktop\Projects\sih-2026\data\syntheticvoice\indic-audio\audio\en_tara\0146.mp3,,-1,-1,,indic-audio
indic-audio:hi_atul:0009.mp3,1,calibration,indic-audio:recording:indic-audio:hi_atul:0009.mp3,C:\Users\Mahesh\Desktop\Projects\sih-2026\data\syntheticvoice\indic-audio\audio\hi_atul\0009.mp3,,-1,-1,,indic-audio
indic-audio:hi_atul:0012.mp3,1,calibration,indic-audio:recording:indic-audio:hi_atul:0012.mp3,C:\Users\Mahesh\Desktop\Projects\sih-2026\data\syntheticvoice\indic-audio\audio\hi_atul\0012.mp3,,-1,-1,,indic-audio
indic-audio:hi_atul:0041.mp3,1,calibration,indic-audio:recording:indic-audio:hi_atul:0041.mp3,C:\Users\Mahesh\Desktop\Projects\sih-2026\data\syntheticvoice\indic-audio\audio\hi_atul\0041.mp3,,-1,-1,,indic-audio
indic-audio:hi_atul:0059.mp3,1,calibration,indic-audio:recording:indic-audio:hi_atul:0059.mp3,C:\Users\Mahesh\Desktop\Projects\sih-2026\data\syntheticvoice\indic-audio\audio\hi_atul\0059.mp3,,-1,-1,,indic-audio
indic-audio:hi_atul:0077.mp3,1,calibration,indic-audio:recording:indic-audio:hi_atul:0077.mp3,C:\Users\Mahesh\Desktop\Projects\sih-2026\data\syntheticvoice\indic-audio\audio\hi_atul\0077.mp3,,-1,-1,,indic-audio
indic-audio:hi_atul:0081.mp3,1,calibration,indic-audio:recording:indic-audio:hi_atul:0081.mp3,C:\Users\Mahesh\Desktop\Projects\sih-2026\data\syntheticvoice\indic-audio\audio\hi_atul\0081.mp3,,-1,-1,,indic-audio
indic-audio:hi_atul:0085.mp3,1,calibration,indic-audio:recording:indic-audio:hi_atul:0085.mp3,C:\Users\Mahesh\Desktop\Projects\sih-2026\data\syntheticvoice\indic-audio\audio\hi_atul\0085.mp3,,-1,-1,,indic-audio
indic-audio:hi_atul:0089.mp3,1,calibration,indic-audio:recording:indic-audio:hi_atul:0089.mp3,C:\Users\Mahesh\Desktop\Projects\sih-2026\data\syntheticvoice\indic-audio\audio\hi_atul\0089.mp3,,-1,-1,,indic-audio
indic-audio:hi_atul:0108.mp3,1,calibration,indic-audio:recording:indic-audio:hi_atul:0108.mp3,C:\Users\Mahesh\Desktop\Projects\sih-2026\data\syntheticvoice\indic-audio\audio\hi_atul\0108.mp3,,-1,-1,,indic-audio
indic-audio:hi_atul:0124.mp3,1,calibration,indic-audio:recording:indic-audio:hi_atul:0124.mp3,C:\Users\Mahesh\Desktop\Projects\sih-2026\data\syntheticvoice\indic-audio\audio\hi_atul\0124.mp3,,-1,-1,,indic-audio
indic-audio:hi_atul:0152.mp3,1,calibration,indic-audio:recording:indic-audio:hi_atul:0152.mp3,C:\Users\Mahesh\Desktop\Projects\sih-2026\data\syntheticvoice\indic-audio\audio\hi_atul\0152.mp3,,-1,-1,,indic-audio
indic-audio:hi_atul:0177.mp3,1,calibration,indic-audio:recording:indic-audio:hi_atul:0177.mp3,C:\Users\Mahesh\Desktop\Projects\sih-2026\data\syntheticvoice\indic-audio\audio\hi_atul\0177.mp3,,-1,-1,,indic-audio
indic-audio:hi_atul:0188.mp3,1,calibration,indic-audio:recording:indic-audio:hi_atul:0188.mp3,C:\Users\Mahesh\Desktop\Projects\sih-2026\data\syntheticvoice\indic-audio\audio\hi_atul\0188.mp3,,-1,-1,,indic-audio
indic-audio:hi_atul:0200.mp3,1,calibration,indic-audio:recording:indic-audio:hi_atul:0200.mp3,C:\Users\Mahesh\Desktop\Projects\sih-2026\data\syntheticvoice\indic-audio\audio\hi_atul\0200.mp3,,-1,-1,,indic-audio
indic-audio:hi_atul:0223.mp3,1,calibration,indic-audio:recording:indic-audio:hi_atul:0223.mp3,C:\Users\Mahesh\Desktop\Projects\sih-2026\data\syntheticvoice\indic-audio\audio\hi_atul\0223.mp3,,-1,-1,,indic-audio
indic-audio:hi_atul:0227.mp3,1,calibration,indic-audio:recording:indic-audio:hi_atul:0227.mp3,C:\Users\Mahesh\Desktop\Projects\sih-2026\data\syntheticvoice\indic-audio\audio\hi_atul\0227.mp3,,-1,-1,,indic-audio
indic-audio:hi_atul:0231.mp3,1,calibration,indic-audio:recording:indic-audio:hi_atul:0231.mp3,C:\Users\Mahesh\Desktop\Projects\sih-2026\data\syntheticvoice\indic-audio\audio\hi_atul\0231.mp3,,-1,-1,,indic-audio
indic-audio:hi_meera:0028.mp3,1,calibration,indic-audio:recording:indic-audio:hi_meera:0028.mp3,C:\Users\Mahesh\Desktop\Projects\sih-2026\data\syntheticvoice\indic-audio\audio\hi_meera\0028.mp3,,-1,-1,,indic-audio
indic-audio:hi_meera:0054.mp3,1,calibration,indic-audio:recording:indic-audio:hi_meera:0054.mp3,C:\Users\Mahesh\Desktop\Projects\sih-2026\data\syntheticvoice\indic-audio\audio\hi_meera\0054.mp3,,-1,-1,,indic-audio
indic-audio:hi_meera:0063.mp3,1,calibration,indic-audio:recording:indic-audio:hi_meera:0063.mp3,C:\Users\Mahesh\Desktop\Projects\sih-2026\data\syntheticvoice\indic-audio\audio\hi_meera\0063.mp3,,-1,-1,,indic-audio
indic-audio:hi_meera:0077.mp3,1,calibration,indic-audio:recording:indic-audio:hi_meera:0077.mp3,C:\Users\Mahesh\Desktop\Projects\sih-2026\data\syntheticvoice\indic-audio\audio\hi_meera\0077.mp3,,-1,-1,,indic-audio
indic-audio:hi_meera:0083.mp3,1,calibration,indic-audio:recording:indic-audio:hi_meera:0083.mp3,C:\Users\Mahesh\Desktop\Projects\sih-2026\data\syntheticvoice\indic-audio\audio\hi_meera\0083.mp3,,-1,-1,,indic-audio
indic-audio:hi_meera:0087.mp3,1,calibration,indic-audio:recording:indic-audio:hi_meera:0087.mp3,C:\Users\Mahesh\Desktop\Projects\sih-2026\data\syntheticvoice\indic-audio\audio\hi_meera\0087.mp3,,-1,-1,,indic-audio
indic-audio:hi_meera:0090.mp3,1,calibration,indic-audio:recording:indic-audio:hi_meera:0090.mp3,C:\Users\Mahesh\Desktop\Projects\sih-2026\data\syntheticvoice\indic-audio\audio\hi_meera\0090.mp3,,-1,-1,,indic-audio
indic-audio:hi_meera:0098.mp3,1,calibration,indic-audio:recording:indic-audio:hi_meera:0098.mp3,C:\Users\Mahesh\Desktop\Projects\sih-2026\data\syntheticvoice\indic-audio\audio\hi_meera\0098.mp3,,-1,-1,,indic-audio
indic-audio:hi_meera:0103.mp3,1,calibration,indic-audio:recording:indic-audio:hi_meera:0103.mp3,C:\Users\Mahesh\Desktop\Projects\sih-2026\data\syntheticvoice\indic-audio\audio\hi_meera\0103.mp3,,-1,-1,,indic-audio
indic-audio:hi_meera:0121.mp3,1,calibration,indic-audio:recording:indic-audio:hi_meera:0121.mp3,C:\Users\Mahesh\Desktop\Projects\sih-2026\data\syntheticvoice\indic-audio\audio\hi_meera\0121.mp3,,-1,-1,,indic-audio
indic-audio:hi_meera:0135.mp3,1,calibration,indic-audio:recording:indic-audio:hi_meera:0135.mp3,C:\Users\Mahesh\Desktop\Projects\sih-2026\data\syntheticvoice\indic-audio\audio\hi_meera\0135.mp3,,-1,-1,,indic-audio
indic-audio:hi_meera:0154.mp3,1,calibration,indic-audio:recording:indic-audio:hi_meera:0154.mp3,C:\Users\Mahesh\Desktop\Projects\sih-2026\data\syntheticvoice\indic-audio\audio\hi_meera\0154.mp3,,-1,-1,,indic-audio
indic-audio:hi_meera:0158.mp3,1,calibration,indic-audio:recording:indic-audio:hi_meera:0158.mp3,C:\Users\Mahesh\Desktop\Projects\sih-2026\data\syntheticvoice\indic-audio\audio\hi_meera\0158.mp3,,-1,-1,,indic-audio
indic-audio:hi_meera:0161.mp3,1,calibration,indic-audio:recording:indic-audio:hi_meera:0161.mp3,C:\Users\Mahesh\Desktop\Projects\sih-2026\data\syntheticvoice\indic-audio\audio\hi_meera\0161.mp3,,-1,-1,,indic-audio
indic-audio:hi_meera:0193.mp3,1,calibration,indic-audio:recording:indic-audio:hi_meera:0193.mp3,C:\Users\Mahesh\Desktop\Projects\sih-2026\data\syntheticvoice\indic-audio\audio\hi_meera\0193.mp3,,-1,-1,,indic-audio
indic-audio:hi_meera:0206.mp3,1,calibration,indic-audio:recording:indic-audio:hi_meera:0206.mp3,C:\Users\Mahesh\Desktop\Projects\sih-2026\data\syntheticvoice\indic-audio\audio\hi_meera\0206.mp3,,-1,-1,,indic-audio
indic-audio:hi_meera:0218.mp3,1,calibration,indic-audio:recording:indic-audio:hi_meera:0218.mp3,C:\Users\Mahesh\Desktop\Projects\sih-2026\data\syntheticvoice\indic-audio\audio\hi_meera\0218.mp3,,-1,-1,,indic-audio
indic-audio:hi_meera:0220.mp3,1,calibration,indic-audio:recording:indic-audio:hi_meera:0220.mp3,C:\Users\Mahesh\Desktop\Projects\sih-2026\data\syntheticvoice\indic-audio\audio\hi_meera\0220.mp3,,-1,-1,,indic-audio
indic-audio:hi_meera:0221.mp3,1,calibration,indic-audio:recording:indic-audio:hi_meera:0221.mp3,C:\Users\Mahesh\Desktop\Projects\sih-2026\data\syntheticvoice\indic-audio\audio\hi_meera\0221.mp3,,-1,-1,,indic-audio
indic-audio:hi_meera:0236.mp3,1,calibration,indic-audio:recording:indic-audio:hi_meera:0236.mp3,C:\Users\Mahesh\Desktop\Projects\sih-2026\data\syntheticvoice\indic-audio\audio\hi_meera\0236.mp3,,-1,-1,,indic-audio
indic-audio:hi_ravi:0003.mp3,1,calibration,indic-audio:recording:indic-audio:hi_ravi:0003.mp3,C:\Users\Mahesh\Desktop\Projects\sih-2026\data\syntheticvoice\indic-audio\audio\hi_ravi\0003.mp3,,-1,-1,,indic-audio
indic-audio:hi_ravi:0001.mp3,1,calibration,indic-audio:recording:indic-audio:hi_ravi:0001.mp3,C:\Users\Mahesh\Desktop\Projects\sih-2026\data\syntheticvoice\indic-audio\audio\hi_ravi\0001.mp3,,-1,-1,,indic-audio
indic-audio:hi_ravi:0017.mp3,1,calibration,indic-audio:recording:indic-audio:hi_ravi:0017.mp3,C:\Users\Mahesh\Desktop\Projects\sih-2026\data\syntheticvoice\indic-audio\audio\hi_ravi\0017.mp3,,-1,-1,,indic-audio
indic-audio:hi_ravi:0022.mp3,1,calibration,indic-audio:recording:indic-audio:hi_ravi:0022.mp3,C:\Users\Mahesh\Desktop\Projects\sih-2026\data\syntheticvoice\indic-audio\audio\hi_ravi\0022.mp3,,-1,-1,,indic-audio
indic-audio:hi_ravi:0025.mp3,1,calibration,indic-audio:recording:indic-audio:hi_ravi:0025.mp3,C:\Users\Mahesh\Desktop\Projects\sih-2026\data\syntheticvoice\indic-audio\audio\hi_ravi\0025.mp3,,-1,-1,,indic-audio
indic-audio:hi_ravi:0026.mp3,1,calibration,indic-audio:recording:indic-audio:hi_ravi:0026.mp3,C:\Users\Mahesh\Desktop\Projects\sih-2026\data\syntheticvoice\indic-audio\audio\hi_ravi\0026.mp3,,-1,-1,,indic-audio
indic-audio:hi_ravi:0034.mp3,1,calibration,indic-audio:recording:indic-audio:hi_ravi:0034.mp3,C:\Users\Mahesh\Desktop\Projects\sih-2026\data\syntheticvoice\indic-audio\audio\hi_ravi\0034.mp3,,-1,-1,,indic-audio
indic-audio:hi_ravi:0039.mp3,1,calibration,indic-audio:recording:indic-audio:hi_ravi:0039.mp3,C:\Users\Mahesh\Desktop\Projects\sih-2026\data\syntheticvoice\indic-audio\audio\hi_ravi\0039.mp3,,-1,-1,,indic-audio
indic-audio:hi_ravi:0041.mp3,1,calibration,indic-audio:recording:indic-audio:hi_ravi:0041.mp3,C:\Users\Mahesh\Desktop\Projects\sih-2026\data\syntheticvoice\indic-audio\audio\hi_ravi\0041.mp3,,-1,-1,,indic-audio
indic-audio:hi_ravi:0051.mp3,1,calibration,indic-audio:recording:indic-audio:hi_ravi:0051.mp3,C:\Users\Mahesh\Desktop\Projects\sih-2026\data\syntheticvoice\indic-audio\audio\hi_ravi\0051.mp3,,-1,-1,,indic-audio
indic-audio:hi_ravi:0088.mp3,1,calibration,indic-audio:recording:indic-audio:hi_ravi:0088.mp3,C:\Users\Mahesh\Desktop\Projects\sih-2026\data\syntheticvoice\indic-audio\audio\hi_ravi\0088.mp3,,-1,-1,,indic-audio
indic-audio:hi_ravi:0120.mp3,1,calibration,indic-audio:recording:indic-audio:hi_ravi:0120.mp3,C:\Users\Mahesh\Desktop\Projects\sih-2026\data\syntheticvoice\indic-audio\audio\hi_ravi\0120.mp3,,-1,-1,,indic-audio
indic-audio:hi_ravi:0128.mp3,1,calibration,indic-audio:recording:indic-audio:hi_ravi:0128.mp3,C:\Users\Mahesh\Desktop\Projects\sih-2026\data\syntheticvoice\indic-audio\audio\hi_ravi\0128.mp3,,-1,-1,,indic-audio
indic-audio:hi_ravi:0131.mp3,1,calibration,indic-audio:recording:indic-audio:hi_ravi:0131.mp3,C:\Users\Mahesh\Desktop\Projects\sih-2026\data\syntheticvoice\indic-audio\audio\hi_ravi\0131.mp3,,-1,-1,,indic-audio
indic-audio:hi_ravi:0141.mp3,1,calibration,indic-audio:recording:indic-audio:hi_ravi:0141.mp3,C:\Users\Mahesh\Desktop\Projects\sih-2026\data\syntheticvoice\indic-audio\audio\hi_ravi\0141.mp3,,-1,-1,,indic-audio
indic-audio:hi_ravi:0147.mp3,1,calibration,indic-audio:recording:indic-audio:hi_ravi:0147.mp3,C:\Users\Mahesh\Desktop\Projects\sih-2026\data\syntheticvoice\indic-audio\audio\hi_ravi\0147.mp3,,-1,-1,,indic-audio
indic-audio:hi_ravi:0148.mp3,1,calibration,indic-audio:recording:indic-audio:hi_ravi:0148.mp3,C:\Users\Mahesh\Desktop\Projects\sih-2026\data\syntheticvoice\indic-audio\audio\hi_ravi\0148.mp3,,-1,-1,,indic-audio
indic-audio:hi_ravi:0154.mp3,1,calibration,indic-audio:recording:indic-audio:hi_ravi:0154.mp3,C:\Users\Mahesh\Desktop\Projects\sih-2026\data\syntheticvoice\indic-audio\audio\hi_ravi\0154.mp3,,-1,-1,,indic-audio
indic-audio:hi_ravi:0157.mp3,1,calibration,indic-audio:recording:indic-audio:hi_ravi:0157.mp3,C:\Users\Mahesh\Desktop\Projects\sih-2026\data\syntheticvoice\indic-audio\audio\hi_ravi\0157.mp3,,-1,-1,,indic-audio
indic-audio:hi_ravi:0163.mp3,1,calibration,indic-audio:recording:indic-audio:hi_ravi:0163.mp3,C:\Users\Mahesh\Desktop\Projects\sih-2026\data\syntheticvoice\indic-audio\audio\hi_ravi\0163.mp3,,-1,-1,,indic-audio
indic-audio:hi_ravi:0171.mp3,1,calibration,indic-audio:recording:indic-audio:hi_ravi:0171.mp3,C:\Users\Mahesh\Desktop\Projects\sih-2026\data\syntheticvoice\indic-audio\audio\hi_ravi\0171.mp3,,-1,-1,,indic-audio
indic-audio:hi_ravi:0178.mp3,1,calibration,indic-audio:recording:indic-audio:hi_ravi:0178.mp3,C:\Users\Mahesh\Desktop\Projects\sih-2026\data\syntheticvoice\indic-audio\audio\hi_ravi\0178.mp3,,-1,-1,,indic-audio
indic-audio:hi_ravi:0183.mp3,1,calibration,indic-audio:recording:indic-audio:hi_ravi:0183.mp3,C:\Users\Mahesh\Desktop\Projects\sih-2026\data\syntheticvoice\indic-audio\audio\hi_ravi\0183.mp3,,-1,-1,,indic-audio
indic-audio:hi_ravi:0211.mp3,1,calibration,indic-audio:recording:indic-audio:hi_ravi:0211.mp3,C:\Users\Mahesh\Desktop\Projects\sih-2026\data\syntheticvoice\indic-audio\audio\hi_ravi\0211.mp3,,-1,-1,,indic-audio
indic-audio:hi_ravi:0215.mp3,1,calibration,indic-audio:recording:indic-audio:hi_ravi:0215.mp3,C:\Users\Mahesh\Desktop\Projects\sih-2026\data\syntheticvoice\indic-audio\audio\hi_ravi\0215.mp3,,-1,-1,,indic-audio
indic-audio:hi_ravi:0218.mp3,1,calibration,indic-audio:recording:indic-audio:hi_ravi:0218.mp3,C:\Users\Mahesh\Desktop\Projects\sih-2026\data\syntheticvoice\indic-audio\audio\hi_ravi\0218.mp3,,-1,-1,,indic-audio
indic-audio:hi_ravi:0224.mp3,1,calibration,indic-audio:recording:indic-audio:hi_ravi:0224.mp3,C:\Users\Mahesh\Desktop\Projects\sih-2026\data\syntheticvoice\indic-audio\audio\hi_ravi\0224.mp3,,-1,-1,,indic-audio
indic-audio:hi_shivani:0011.mp3,1,calibration,indic-audio:recording:indic-audio:hi_shivani:0011.mp3,C:\Users\Mahesh\Desktop\Projects\sih-2026\data\syntheticvoice\indic-audio\audio\hi_shivani\0011.mp3,,-1,-1,,indic-audio
indic-audio:hi_shivani:0014.mp3,1,calibration,indic-audio:recording:indic-audio:hi_shivani:0014.mp3,C:\Users\Mahesh\Desktop\Projects\sih-2026\data\syntheticvoice\indic-audio\audio\hi_shivani\0014.mp3,,-1,-1,,indic-audio
indic-audio:hi_shivani:0013.mp3,1,calibration,indic-audio:recording:indic-audio:hi_shivani:0013.mp3,C:\Users\Mahesh\Desktop\Projects\sih-2026\data\syntheticvoice\indic-audio\audio\hi_shivani\0013.mp3,,-1,-1,,indic-audio
indic-audio:hi_shivani:0021.mp3,1,calibration,indic-audio:recording:indic-audio:hi_shivani:0021.mp3,C:\Users\Mahesh\Desktop\Projects\sih-2026\data\syntheticvoice\indic-audio\audio\hi_shivani\0021.mp3,,-1,-1,,indic-audio
indic-audio:hi_shivani:0026.mp3,1,calibration,indic-audio:recording:indic-audio:hi_shivani:0026.mp3,C:\Users\Mahesh\Desktop\Projects\sih-2026\data\syntheticvoice\indic-audio\audio\hi_shivani\0026.mp3,,-1,-1,,indic-audio
indic-audio:hi_shivani:0035.mp3,1,calibration,indic-audio:recording:indic-audio:hi_shivani:0035.mp3,C:\Users\Mahesh\Desktop\Projects\sih-2026\data\syntheticvoice\indic-audio\audio\hi_shivani\0035.mp3,,-1,-1,,indic-audio
indic-audio:hi_shivani:0052.mp3,1,calibration,indic-audio:recording:indic-audio:hi_shivani:0052.mp3,C:\Users\Mahesh\Desktop\Projects\sih-2026\data\syntheticvoice\indic-audio\audio\hi_shivani\0052.mp3,,-1,-1,,indic-audio
indic-audio:hi_shivani:0058.mp3,1,calibration,indic-audio:recording:indic-audio:hi_shivani:0058.mp3,C:\Users\Mahesh\Desktop\Projects\sih-2026\data\syntheticvoice\indic-audio\audio\hi_shivani\0058.mp3,,-1,-1,,indic-audio
indic-audio:hi_shivani:0068.mp3,1,calibration,indic-audio:recording:indic-audio:hi_shivani:0068.mp3,C:\Users\Mahesh\Desktop\Projects\sih-2026\data\syntheticvoice\indic-audio\audio\hi_shivani\0068.mp3,,-1,-1,,indic-audio
indic-audio:hi_shivani:0093.mp3,1,calibration,indic-audio:recording:indic-audio:hi_shivani:0093.mp3,C:\Users\Mahesh\Desktop\Projects\sih-2026\data\syntheticvoice\indic-audio\audio\hi_shivani\0093.mp3,,-1,-1,,indic-audio
indic-audio:hi_shivani:0096.mp3,1,calibration,indic-audio:recording:indic-audio:hi_shivani:0096.mp3,C:\Users\Mahesh\Desktop\Projects\sih-2026\data\syntheticvoice\indic-audio\audio\hi_shivani\0096.mp3,,-1,-1,,indic-audio
indic-audio:hi_shivani:0106.mp3,1,calibration,indic-audio:recording:indic-audio:hi_shivani:0106.mp3,C:\Users\Mahesh\Desktop\Projects\sih-2026\data\syntheticvoice\indic-audio\audio\hi_shivani\0106.mp3,,-1,-1,,indic-audio
indic-audio:hi_shivani:0110.mp3,1,calibration,indic-audio:recording:indic-audio:hi_shivani:0110.mp3,C:\Users\Mahesh\Desktop\Projects\sih-2026\data\syntheticvoice\indic-audio\audio\hi_shivani\0110.mp3,,-1,-1,,indic-audio
indic-audio:hi_shivani:0123.mp3,1,calibration,indic-audio:recording:indic-audio:hi_shivani:0123.mp3,C:\Users\Mahesh\Desktop\Projects\sih-2026\data\syntheticvoice\indic-audio\audio\hi_shivani\0123.mp3,,-1,-1,,indic-audio
indic-audio:hi_shivani:0129.mp3,1,calibration,indic-audio:recording:indic-audio:hi_shivani:0129.mp3,C:\Users\Mahesh\Desktop\Projects\sih-2026\data\syntheticvoice\indic-audio\audio\hi_shivani\0129.mp3,,-1,-1,,indic-audio
indic-audio:hi_shivani:0164.mp3,1,calibration,indic-audio:recording:indic-audio:hi_shivani:0164.mp3,C:\Users\Mahesh\Desktop\Projects\sih-2026\data\syntheticvoice\indic-audio\audio\hi_shivani\0164.mp3,,-1,-1,,indic-audio
indic-audio:hi_shivani:0191.mp3,1,calibration,indic-audio:recording:indic-audio:hi_shivani:0191.mp3,C:\Users\Mahesh\Desktop\Projects\sih-2026\data\syntheticvoice\indic-audio\audio\hi_shivani\0191.mp3,,-1,-1,,indic-audio
indic-audio:hi_shivani:0199.mp3,1,calibration,indic-audio:recording:indic-audio:hi_shivani:0199.mp3,C:\Users\Mahesh\Desktop\Projects\sih-2026\data\syntheticvoice\indic-audio\audio\hi_shivani\0199.mp3,,-1,-1,,indic-audio
indic-audio:hi_shivani:0208.mp3,1,calibration,indic-audio:recording:indic-audio:hi_shivani:0208.mp3,C:\Users\Mahesh\Desktop\Projects\sih-2026\data\syntheticvoice\indic-audio\audio\hi_shivani\0208.mp3,,-1,-1,,indic-audio
indic-audio:hi_shivani:0218.mp3,1,calibration,indic-audio:recording:indic-audio:hi_shivani:0218.mp3,C:\Users\Mahesh\Desktop\Projects\sih-2026\data\syntheticvoice\indic-audio\audio\hi_shivani\0218.mp3,,-1,-1,,indic-audio
indic-audio:hi_shivani:0230.mp3,1,calibration,indic-audio:recording:indic-audio:hi_shivani:0230.mp3,C:\Users\Mahesh\Desktop\Projects\sih-2026\data\syntheticvoice\indic-audio\audio\hi_shivani\0230.mp3,,-1,-1,,indic-audio
indic-audio:hi_shivani:0235.mp3,1,calibration,indic-audio:recording:indic-audio:hi_shivani:0235.mp3,C:\Users\Mahesh\Desktop\Projects\sih-2026\data\syntheticvoice\indic-audio\audio\hi_shivani\0235.mp3,,-1,-1,,indic-audio
indic-audio:hing_aman:0011.mp3,1,calibration,indic-audio:recording:indic-audio:hing_aman:0011.mp3,C:\Users\Mahesh\Desktop\Projects\sih-2026\data\syntheticvoice\indic-audio\audio\hing_aman\0011.mp3,,-1,-1,,indic-audio
indic-audio:hing_aman:0020.mp3,1,calibration,indic-audio:recording:indic-audio:hing_aman:0020.mp3,C:\Users\Mahesh\Desktop\Projects\sih-2026\data\syntheticvoice\indic-audio\audio\hing_aman\0020.mp3,,-1,-1,,indic-audio
indic-audio:hing_ananya:0013.mp3,1,calibration,indic-audio:recording:indic-audio:hing_ananya:0013.mp3,C:\Users\Mahesh\Desktop\Projects\sih-2026\data\syntheticvoice\indic-audio\audio\hing_ananya\0013.mp3,,-1,-1,,indic-audio
indic-audio:hing_ananya:0038.mp3,1,calibration,indic-audio:recording:indic-audio:hing_ananya:0038.mp3,C:\Users\Mahesh\Desktop\Projects\sih-2026\data\syntheticvoice\indic-audio\audio\hing_ananya\0038.mp3,,-1,-1,,indic-audio
indic-audio:hing_ananya:0042.mp3,1,calibration,indic-audio:recording:indic-audio:hing_ananya:0042.mp3,C:\Users\Mahesh\Desktop\Projects\sih-2026\data\syntheticvoice\indic-audio\audio\hing_ananya\0042.mp3,,-1,-1,,indic-audio
indic-audio:hing_arjun:0009.mp3,1,calibration,indic-audio:recording:indic-audio:hing_arjun:0009.mp3,C:\Users\Mahesh\Desktop\Projects\sih-2026\data\syntheticvoice\indic-audio\audio\hing_arjun\0009.mp3,,-1,-1,,indic-audio
indic-audio:hing_arjun:0018.mp3,1,calibration,indic-audio:recording:indic-audio:hing_arjun:0018.mp3,C:\Users\Mahesh\Desktop\Projects\sih-2026\data\syntheticvoice\indic-audio\audio\hing_arjun\0018.mp3,,-1,-1,,indic-audio
indic-audio:hing_arjun:0021.mp3,1,calibration,indic-audio:recording:indic-audio:hing_arjun:0021.mp3,C:\Users\Mahesh\Desktop\Projects\sih-2026\data\syntheticvoice\indic-audio\audio\hing_arjun\0021.mp3,,-1,-1,,indic-audio
indic-audio:hing_arjun:0028.mp3,1,calibration,indic-audio:recording:indic-audio:hing_arjun:0028.mp3,C:\Users\Mahesh\Desktop\Projects\sih-2026\data\syntheticvoice\indic-audio\audio\hing_arjun\0028.mp3,,-1,-1,,indic-audio
indic-audio:hing_arjun:0041.mp3,1,calibration,indic-audio:recording:indic-audio:hing_arjun:0041.mp3,C:\Users\Mahesh\Desktop\Projects\sih-2026\data\syntheticvoice\indic-audio\audio\hing_arjun\0041.mp3,,-1,-1,,indic-audio
indic-audio:hing_atul:0002.mp3,1,calibration,indic-audio:recording:indic-audio:hing_atul:0002.mp3,C:\Users\Mahesh\Desktop\Projects\sih-2026\data\syntheticvoice\indic-audio\audio\hing_atul\0002.mp3,,-1,-1,,indic-audio
indic-audio:hing_atul:0005.mp3,1,calibration,indic-audio:recording:indic-audio:hing_atul:0005.mp3,C:\Users\Mahesh\Desktop\Projects\sih-2026\data\syntheticvoice\indic-audio\audio\hing_atul\0005.mp3,,-1,-1,,indic-audio
indic-audio:hing_atul:0011.mp3,1,calibration,indic-audio:recording:indic-audio:hing_atul:0011.mp3,C:\Users\Mahesh\Desktop\Projects\sih-2026\data\syntheticvoice\indic-audio\audio\hing_atul\0011.mp3,,-1,-1,,indic-audio
indic-audio:hing_atul:0020.mp3,1,calibration,indic-audio:recording:indic-audio:hing_atul:0020.mp3,C:\Users\Mahesh\Desktop\Projects\sih-2026\data\syntheticvoice\indic-audio\audio\hing_atul\0020.mp3,,-1,-1,,indic-audio
indic-audio:hing_atul:0025.mp3,1,calibration,indic-audio:recording:indic-audio:hing_atul:0025.mp3,C:\Users\Mahesh\Desktop\Projects\sih-2026\data\syntheticvoice\indic-audio\audio\hing_atul\0025.mp3,,-1,-1,,indic-audio
indic-audio:hing_dev:0001.mp3,1,calibration,indic-audio:recording:indic-audio:hing_dev:0001.mp3,C:\Users\Mahesh\Desktop\Projects\sih-2026\data\syntheticvoice\indic-audio\audio\hing_dev\0001.mp3,,-1,-1,,indic-audio
indic-audio:hing_dev:0012.mp3,1,calibration,indic-audio:recording:indic-audio:hing_dev:0012.mp3,C:\Users\Mahesh\Desktop\Projects\sih-2026\data\syntheticvoice\indic-audio\audio\hing_dev\0012.mp3,,-1,-1,,indic-audio
indic-audio:hing_dev:0010.mp3,1,calibration,indic-audio:recording:indic-audio:hing_dev:0010.mp3,C:\Users\Mahesh\Desktop\Projects\sih-2026\data\syntheticvoice\indic-audio\audio\hing_dev\0010.mp3,,-1,-1,,indic-audio
indic-audio:hing_dev:0017.mp3,1,calibration,indic-audio:recording:indic-audio:hing_dev:0017.mp3,C:\Users\Mahesh\Desktop\Projects\sih-2026\data\syntheticvoice\indic-audio\audio\hing_dev\0017.mp3,,-1,-1,,indic-audio
indic-audio:hing_dev:0021.mp3,1,calibration,indic-audio:recording:indic-audio:hing_dev:0021.mp3,C:\Users\Mahesh\Desktop\Projects\sih-2026\data\syntheticvoice\indic-audio\audio\hing_dev\0021.mp3,,-1,-1,,indic-audio
indic-audio:hing_dev:0045.mp3,1,calibration,indic-audio:recording:indic-audio:hing_dev:0045.mp3,C:\Users\Mahesh\Desktop\Projects\sih-2026\data\syntheticvoice\indic-audio\audio\hing_dev\0045.mp3,,-1,-1,,indic-audio
indic-audio:hing_dev:0049.mp3,1,calibration,indic-audio:recording:indic-audio:hing_dev:0049.mp3,C:\Users\Mahesh\Desktop\Projects\sih-2026\data\syntheticvoice\indic-audio\audio\hing_dev\0049.mp3,,-1,-1,,indic-audio
indic-audio:hing_divya:0009.mp3,1,calibration,indic-audio:recording:indic-audio:hing_divya:0009.mp3,C:\Users\Mahesh\Desktop\Projects\sih-2026\data\syntheticvoice\indic-audio\audio\hing_divya\0009.mp3,,-1,-1,,indic-audio
indic-audio:hing_divya:0011.mp3,1,calibration,indic-audio:recording:indic-audio:hing_divya:0011.mp3,C:\Users\Mahesh\Desktop\Projects\sih-2026\data\syntheticvoice\indic-audio\audio\hing_divya\0011.mp3,,-1,-1,,indic-audio
indic-audio:hing_divya:0017.mp3,1,calibration,indic-audio:recording:indic-audio:hing_divya:0017.mp3,C:\Users\Mahesh\Desktop\Projects\sih-2026\data\syntheticvoice\indic-audio\audio\hing_divya\0017.mp3,,-1,-1,,indic-audio
indic-audio:hing_divya:0025.mp3,1,calibration,indic-audio:recording:indic-audio:hing_divya:0025.mp3,C:\Users\Mahesh\Desktop\Projects\sih-2026\data\syntheticvoice\indic-audio\audio\hing_divya\0025.mp3,,-1,-1,,indic-audio
indic-audio:hing_divya:0032.mp3,1,calibration,indic-audio:recording:indic-audio:hing_divya:0032.mp3,C:\Users\Mahesh\Desktop\Projects\sih-2026\data\syntheticvoice\indic-audio\audio\hing_divya\0032.mp3,,-1,-1,,indic-audio
indic-audio:hing_divya:0038.mp3,1,calibration,indic-audio:recording:indic-audio:hing_divya:0038.mp3,C:\Users\Mahesh\Desktop\Projects\sih-2026\data\syntheticvoice\indic-audio\audio\hing_divya\0038.mp3,,-1,-1,,indic-audio
indic-audio:hing_divya:0042.mp3,1,calibration,indic-audio:recording:indic-audio:hing_divya:0042.mp3,C:\Users\Mahesh\Desktop\Projects\sih-2026\data\syntheticvoice\indic-audio\audio\hing_divya\0042.mp3,,-1,-1,,indic-audio
indic-audio:hing_divya:0046.mp3,1,calibration,indic-audio:recording:indic-audio:hing_divya:0046.mp3,C:\Users\Mahesh\Desktop\Projects\sih-2026\data\syntheticvoice\indic-audio\audio\hing_divya\0046.mp3,,-1,-1,,indic-audio
indic-audio:hing_divya:0049.mp3,1,calibration,indic-audio:recording:indic-audio:hing_divya:0049.mp3,C:\Users\Mahesh\Desktop\Projects\sih-2026\data\syntheticvoice\indic-audio\audio\hing_divya\0049.mp3,,-1,-1,,indic-audio
indic-audio:hing_kabir:0002.mp3,1,calibration,indic-audio:recording:indic-audio:hing_kabir:0002.mp3,C:\Users\Mahesh\Desktop\Projects\sih-2026\data\syntheticvoice\indic-audio\audio\hing_kabir\0002.mp3,,-1,-1,,indic-audio
indic-audio:hing_kabir:0005.mp3,1,calibration,indic-audio:recording:indic-audio:hing_kabir:0005.mp3,C:\Users\Mahesh\Desktop\Projects\sih-2026\data\syntheticvoice\indic-audio\audio\hing_kabir\0005.mp3,,-1,-1,,indic-audio
indic-audio:hing_kabir:0008.mp3,1,calibration,indic-audio:recording:indic-audio:hing_kabir:0008.mp3,C:\Users\Mahesh\Desktop\Projects\sih-2026\data\syntheticvoice\indic-audio\audio\hing_kabir\0008.mp3,,-1,-1,,indic-audio
indic-audio:hing_kabir:0021.mp3,1,calibration,indic-audio:recording:indic-audio:hing_kabir:0021.mp3,C:\Users\Mahesh\Desktop\Projects\sih-2026\data\syntheticvoice\indic-audio\audio\hing_kabir\0021.mp3,,-1,-1,,indic-audio
indic-audio:hing_kabir:0038.mp3,1,calibration,indic-audio:recording:indic-audio:hing_kabir:0038.mp3,C:\Users\Mahesh\Desktop\Projects\sih-2026\data\syntheticvoice\indic-audio\audio\hing_kabir\0038.mp3,,-1,-1,,indic-audio
indic-audio:hing_kabir:0039.mp3,1,calibration,indic-audio:recording:indic-audio:hing_kabir:0039.mp3,C:\Users\Mahesh\Desktop\Projects\sih-2026\data\syntheticvoice\indic-audio\audio\hing_kabir\0039.mp3,,-1,-1,,indic-audio
indic-audio:hing_kabir:0046.mp3,1,calibration,indic-audio:recording:indic-audio:hing_kabir:0046.mp3,C:\Users\Mahesh\Desktop\Projects\sih-2026\data\syntheticvoice\indic-audio\audio\hing_kabir\0046.mp3,,-1,-1,,indic-audio
indic-audio:hing_kabir:0044.mp3,1,calibration,indic-audio:recording:indic-audio:hing_kabir:0044.mp3,C:\Users\Mahesh\Desktop\Projects\sih-2026\data\syntheticvoice\indic-audio\audio\hing_kabir\0044.mp3,,-1,-1,,indic-audio
indic-audio:hing_meera:0013.mp3,1,calibration,indic-audio:recording:indic-audio:hing_meera:0013.mp3,C:\Users\Mahesh\Desktop\Projects\sih-2026\data\syntheticvoice\indic-audio\audio\hing_meera\0013.mp3,,-1,-1,,indic-audio
indic-audio:hing_meera:0033.mp3,1,calibration,indic-audio:recording:indic-audio:hing_meera:0033.mp3,C:\Users\Mahesh\Desktop\Projects\sih-2026\data\syntheticvoice\indic-audio\audio\hing_meera\0033.mp3,,-1,-1,,indic-audio
indic-audio:hing_meera:0044.mp3,1,calibration,indic-audio:recording:indic-audio:hing_meera:0044.mp3,C:\Users\Mahesh\Desktop\Projects\sih-2026\data\syntheticvoice\indic-audio\audio\hing_meera\0044.mp3,,-1,-1,,indic-audio
indic-audio:hing_nisha:0000.mp3,1,calibration,indic-audio:recording:indic-audio:hing_nisha:0000.mp3,C:\Users\Mahesh\Desktop\Projects\sih-2026\data\syntheticvoice\indic-audio\audio\hing_nisha\0000.mp3,,-1,-1,,indic-audio
indic-audio:hing_nisha:0006.mp3,1,calibration,indic-audio:recording:indic-audio:hing_nisha:0006.mp3,C:\Users\Mahesh\Desktop\Projects\sih-2026\data\syntheticvoice\indic-audio\audio\hing_nisha\0006.mp3,,-1,-1,,indic-audio
indic-audio:hing_nisha:0016.mp3,1,calibration,indic-audio:recording:indic-audio:hing_nisha:0016.mp3,C:\Users\Mahesh\Desktop\Projects\sih-2026\data\syntheticvoice\indic-audio\audio\hing_nisha\0016.mp3,,-1,-1,,indic-audio
indic-audio:hing_nisha:0020.mp3,1,calibration,indic-audio:recording:indic-audio:hing_nisha:0020.mp3,C:\Users\Mahesh\Desktop\Projects\sih-2026\data\syntheticvoice\indic-audio\audio\hing_nisha\0020.mp3,,-1,-1,,indic-audio
indic-audio:hing_nisha:0025.mp3,1,calibration,indic-audio:recording:indic-audio:hing_nisha:0025.mp3,C:\Users\Mahesh\Desktop\Projects\sih-2026\data\syntheticvoice\indic-audio\audio\hing_nisha\0025.mp3,,-1,-1,,indic-audio
indic-audio:hing_nisha:0040.mp3,1,calibration,indic-audio:recording:indic-audio:hing_nisha:0040.mp3,C:\Users\Mahesh\Desktop\Projects\sih-2026\data\syntheticvoice\indic-audio\audio\hing_nisha\0040.mp3,,-1,-1,,indic-audio
indic-audio:hing_nisha:0048.mp3,1,calibration,indic-audio:recording:indic-audio:hing_nisha:0048.mp3,C:\Users\Mahesh\Desktop\Projects\sih-2026\data\syntheticvoice\indic-audio\audio\hing_nisha\0048.mp3,,-1,-1,,indic-audio
indic-audio:hing_priya:0001.mp3,1,calibration,indic-audio:recording:indic-audio:hing_priya:0001.mp3,C:\Users\Mahesh\Desktop\Projects\sih-2026\data\syntheticvoice\indic-audio\audio\hing_priya\0001.mp3,,-1,-1,,indic-audio
indic-audio:hing_priya:0014.mp3,1,calibration,indic-audio:recording:indic-audio:hing_priya:0014.mp3,C:\Users\Mahesh\Desktop\Projects\sih-2026\data\syntheticvoice\indic-audio\audio\hing_priya\0014.mp3,,-1,-1,,indic-audio
indic-audio:hing_priya:0016.mp3,1,calibration,indic-audio:recording:indic-audio:hing_priya:0016.mp3,C:\Users\Mahesh\Desktop\Projects\sih-2026\data\syntheticvoice\indic-audio\audio\hing_priya\0016.mp3,,-1,-1,,indic-audio
indic-audio:hing_priya:0023.mp3,1,calibration,indic-audio:recording:indic-audio:hing_priya:0023.mp3,C:\Users\Mahesh\Desktop\Projects\sih-2026\data\syntheticvoice\indic-audio\audio\hing_priya\0023.mp3,,-1,-1,,indic-audio
indic-audio:hing_priya:0027.mp3,1,calibration,indic-audio:recording:indic-audio:hing_priya:0027.mp3,C:\Users\Mahesh\Desktop\Projects\sih-2026\data\syntheticvoice\indic-audio\audio\hing_priya\0027.mp3,,-1,-1,,indic-audio
indic-audio:hing_priya:0041.mp3,1,calibration,indic-audio:recording:indic-audio:hing_priya:0041.mp3,C:\Users\Mahesh\Desktop\Projects\sih-2026\data\syntheticvoice\indic-audio\audio\hing_priya\0041.mp3,,-1,-1,,indic-audio
indic-audio:hing_ravi:0036.mp3,1,calibration,indic-audio:recording:indic-audio:hing_ravi:0036.mp3,C:\Users\Mahesh\Desktop\Projects\sih-2026\data\syntheticvoice\indic-audio\audio\hing_ravi\0036.mp3,,-1,-1,,indic-audio
indic-audio:hing_ravi:0049.mp3,1,calibration,indic-audio:recording:indic-audio:hing_ravi:0049.mp3,C:\Users\Mahesh\Desktop\Projects\sih-2026\data\syntheticvoice\indic-audio\audio\hing_ravi\0049.mp3,,-1,-1,,indic-audio
indic-audio:hing_sameer:0002.mp3,1,calibration,indic-audio:recording:indic-audio:hing_sameer:0002.mp3,C:\Users\Mahesh\Desktop\Projects\sih-2026\data\syntheticvoice\indic-audio\audio\hing_sameer\0002.mp3,,-1,-1,,indic-audio
indic-audio:hing_sameer:0015.mp3,1,calibration,indic-audio:recording:indic-audio:hing_sameer:0015.mp3,C:\Users\Mahesh\Desktop\Projects\sih-2026\data\syntheticvoice\indic-audio\audio\hing_sameer\0015.mp3,,-1,-1,,indic-audio
indic-audio:hing_sameer:0022.mp3,1,calibration,indic-audio:recording:indic-audio:hing_sameer:0022.mp3,C:\Users\Mahesh\Desktop\Projects\sih-2026\data\syntheticvoice\indic-audio\audio\hing_sameer\0022.mp3,,-1,-1,,indic-audio
indic-audio:hing_sameer:0037.mp3,1,calibration,indic-audio:recording:indic-audio:hing_sameer:0037.mp3,C:\Users\Mahesh\Desktop\Projects\sih-2026\data\syntheticvoice\indic-audio\audio\hing_sameer\0037.mp3,,-1,-1,,indic-audio
indic-audio:hing_sameer:0040.mp3,1,calibration,indic-audio:recording:indic-audio:hing_sameer:0040.mp3,C:\Users\Mahesh\Desktop\Projects\sih-2026\data\syntheticvoice\indic-audio\audio\hing_sameer\0040.mp3,,-1,-1,,indic-audio
indic-audio:hing_shivani:0010.mp3,1,calibration,indic-audio:recording:indic-audio:hing_shivani:0010.mp3,C:\Users\Mahesh\Desktop\Projects\sih-2026\data\syntheticvoice\indic-audio\audio\hing_shivani\0010.mp3,,-1,-1,,indic-audio
indic-audio:hing_shivani:0012.mp3,1,calibration,indic-audio:recording:indic-audio:hing_shivani:0012.mp3,C:\Users\Mahesh\Desktop\Projects\sih-2026\data\syntheticvoice\indic-audio\audio\hing_shivani\0012.mp3,,-1,-1,,indic-audio
indic-audio:hing_shivani:0013.mp3,1,calibration,indic-audio:recording:indic-audio:hing_shivani:0013.mp3,C:\Users\Mahesh\Desktop\Projects\sih-2026\data\syntheticvoice\indic-audio\audio\hing_shivani\0013.mp3,,-1,-1,,indic-audio
indic-audio:hing_shivani:0017.mp3,1,calibration,indic-audio:recording:indic-audio:hing_shivani:0017.mp3,C:\Users\Mahesh\Desktop\Projects\sih-2026\data\syntheticvoice\indic-audio\audio\hing_shivani\0017.mp3,,-1,-1,,indic-audio
indic-audio:hing_shivani:0037.mp3,1,calibration,indic-audio:recording:indic-audio:hing_shivani:0037.mp3,C:\Users\Mahesh\Desktop\Projects\sih-2026\data\syntheticvoice\indic-audio\audio\hing_shivani\0037.mp3,,-1,-1,,indic-audio
indic-audio:hing_tara:0007.mp3,1,calibration,indic-audio:recording:indic-audio:hing_tara:0007.mp3,C:\Users\Mahesh\Desktop\Projects\sih-2026\data\syntheticvoice\indic-audio\audio\hing_tara\0007.mp3,,-1,-1,,indic-audio
indic-audio:hing_tara:0015.mp3,1,calibration,indic-audio:recording:indic-audio:hing_tara:0015.mp3,C:\Users\Mahesh\Desktop\Projects\sih-2026\data\syntheticvoice\indic-audio\audio\hing_tara\0015.mp3,,-1,-1,,indic-audio
indic-audio:hing_tara:0016.mp3,1,calibration,indic-audio:recording:indic-audio:hing_tara:0016.mp3,C:\Users\Mahesh\Desktop\Projects\sih-2026\data\syntheticvoice\indic-audio\audio\hing_tara\0016.mp3,,-1,-1,,indic-audio
indic-audio:hing_tara:0021.mp3,1,calibration,indic-audio:recording:indic-audio:hing_tara:0021.mp3,C:\Users\Mahesh\Desktop\Projects\sih-2026\data\syntheticvoice\indic-audio\audio\hing_tara\0021.mp3,,-1,-1,,indic-audio
indic-audio:hing_tara:0022.mp3,1,calibration,indic-audio:recording:indic-audio:hing_tara:0022.mp3,C:\Users\Mahesh\Desktop\Projects\sih-2026\data\syntheticvoice\indic-audio\audio\hing_tara\0022.mp3,,-1,-1,,indic-audio
indic-audio:hing_tara:0045.mp3,1,calibration,indic-audio:recording:indic-audio:hing_tara:0045.mp3,C:\Users\Mahesh\Desktop\Projects\sih-2026\data\syntheticvoice\indic-audio\audio\hing_tara\0045.mp3,,-1,-1,,indic-audio
indic-audio:hing_tara:0049.mp3,1,calibration,indic-audio:recording:indic-audio:hing_tara:0049.mp3,C:\Users\Mahesh\Desktop\Projects\sih-2026\data\syntheticvoice\indic-audio\audio\hing_tara\0049.mp3,,-1,-1,,indic-audio
